filename,program,branch_pattern,cache_pattern,size_tier,predictor_stress_type,expected_dominant_miss_type,backend,compiler,arch,SIZE,N,SEED,warmup_iterations,taken,nottaken,sink,validation,reps,roi_elapsed_seconds_mean,roi_elapsed_seconds_median,roi_elapsed_seconds_stddev,perf_available,instructions_total,cycles_total,branches_total,branch_misses_total,cache_references_total,cache_misses_total,task_clock_ms,context_switches,cpu_migrations,page_faults,time_elapsed,observed_ipc,observed_cpi,observed_branch_miss_rate,observed_cache_miss_rate,observed_branch_density,observed_cache_refs_per_instruction,branches_to_N_ratio,plausible,instruction_count_source
001_b01_always_taken__c01_sequential_unit_stride.spike.txt,001_b01_always_taken__c01_sequential_unit_stride.c,always_taken,sequential_unit_stride,small_L1,static/trivial,compulsory+streaming (prefetch-friendly),spike,16.1.0,riscv64,4096,20000,2654435769,2000,20000,0,42770932402208,PASS,1,0.000260004,0.000260004,0.0,0,1527435,,,,,,0,0,0,0,0.0,,,,,,,,1,spike_exact_commit_log
002_b01_always_taken__c02_sequential_wraparound_large.spike.txt,002_b01_always_taken__c02_sequential_wraparound_large.c,always_taken,sequential_wraparound_large,medium_L2,static/trivial,compulsory+streaming (prefetch-friendly),spike,16.1.0,riscv64,4096,20000,2654435769,2000,20000,0,42770932402208,PASS,1,0.000260004,0.000260004,0.0,0,1527687,,,,,,0,0,0,0,0.0,,,,,,,,1,spike_exact_commit_log
003_b01_always_taken__c03_fixed_stride_small.spike.txt,003_b01_always_taken__c03_fixed_stride_small.c,always_taken,fixed_stride_small,large_L3,static/trivial,compulsory+streaming (prefetch-friendly),spike,16.1.0,riscv64,4096,20000,2654435769,2000,20000,0,43187102696976,PASS,1,0.000260006,0.000260006,0.0,0,1538609,,,,,,0,0,0,0,0.0,,,,,,,,1,spike_exact_commit_log
004_b01_always_taken__c04_fixed_stride_large.spike.txt,004_b01_always_taken__c04_fixed_stride_large.c,always_taken,fixed_stride_large,xlarge_DRAM,static/trivial,compulsory+streaming (prefetch-friendly),spike,16.1.0,riscv64,4096,20000,2654435769,2000,20000,0,41614083534320,PASS,1,0.000260006,0.000260006,0.0,0,1538673,,,,,,0,0,0,0,0.0,,,,,,,,1,spike_exact_commit_log
005_b01_always_taken__c05_random_small_working_set.spike.txt,005_b01_always_taken__c05_random_small_working_set.c,always_taken,random_small_working_set,small_L1,static/trivial,temporal reuse (capacity-sensitive),spike,16.1.0,riscv64,4096,20000,2654435769,2000,20000,0,42752798987072,PASS,1,0.000300007,0.000300007,0.0,0,1626703,,,,,,0,0,0,0,0.0,,,,,,,,1,spike_exact_commit_log
006_b01_always_taken__c06_random_full_working_set.spike.txt,006_b01_always_taken__c06_random_full_working_set.c,always_taken,random_full_working_set,medium_L2,static/trivial,capacity (uniform random),spike,16.1.0,riscv64,4096,20000,2654435769,2000,20000,0,42699708083936,PASS,1,0.000300007,0.000300007,0.0,0,1626505,,,,,,0,0,0,0,0.0,,,,,,,,1,spike_exact_commit_log
007_b01_always_taken__c07_matrix_row_major.spike.txt,007_b01_always_taken__c07_matrix_row_major.c,always_taken,matrix_row_major,large_L3,static/trivial,mixed spatial (traversal-order dependent),spike,16.1.0,riscv64,4096,20000,2654435769,2000,20000,0,42770932402208,PASS,1,0.000340004,0.000340004,0.0,0,1715883,,,,,,0,0,0,0,0.0,,,,,,,,1,spike_exact_commit_log
008_b01_always_taken__c08_matrix_col_major.spike.txt,008_b01_always_taken__c08_matrix_col_major.c,always_taken,matrix_col_major,xlarge_DRAM,static/trivial,mixed spatial (traversal-order dependent),spike,16.1.0,riscv64,4096,20000,2654435769,2000,20000,0,42717723577872,PASS,1,0.000340004,0.000340004,0.0,0,1715947,,,,,,0,0,0,0,0.0,,,,,,,,1,spike_exact_commit_log
009_b01_always_taken__c09_matrix_tiled_blocked.spike.txt,009_b01_always_taken__c09_matrix_tiled_blocked.c,always_taken,matrix_tiled_blocked,small_L1,static/trivial,mixed spatial (traversal-order dependent),spike,16.1.0,riscv64,4096,20000,2654435769,2000,20000,0,42792241457440,PASS,1,0.000600005,0.000600005,0.0,0,2287355,,,,,,0,0,0,0,0.0,,,,,,,,1,spike_exact_commit_log
010_b01_always_taken__c10_pointer_chase_linked_list.spike.txt,010_b01_always_taken__c10_pointer_chase_linked_list.c,always_taken,pointer_chase_linked_list,medium_L2,static/trivial,"compulsory+latency-bound (dependent loads, no prefetch)",spike,16.1.0,riscv64,4096,20000,2654435769,2000,20000,0,42810461332844,PASS,1,0.000300003,0.000300003,0.0,0,1774385,,,,,,0,0,0,0,0.0,,,,,,,,1,spike_exact_commit_log
011_b02_always_not_taken__c01_sequential_unit_stride.spike.txt,011_b02_always_not_taken__c01_sequential_unit_stride.c,always_not_taken,sequential_unit_stride,medium_L2,static/trivial,compulsory+streaming (prefetch-friendly),spike,16.1.0,riscv64,4096,20000,2654435769,2000,0,20000,18446722688243355512,PASS,1,0.000240004,0.000240004,0.0,0,1483887,,,,,,0,0,0,0,0.0,,,,,,,,1,spike_exact_commit_log
012_b02_always_not_taken__c02_sequential_wraparound_large.spike.txt,012_b02_always_not_taken__c02_sequential_wraparound_large.c,always_not_taken,sequential_wraparound_large,large_L3,static/trivial,compulsory+streaming (prefetch-friendly),spike,16.1.0,riscv64,4096,20000,2654435769,2000,0,20000,18446722688243355512,PASS,1,0.000240004,0.000240004,0.0,0,1484035,,,,,,0,0,0,0,0.0,,,,,,,,1,spike_exact_commit_log
013_b02_always_not_taken__c03_fixed_stride_small.spike.txt,013_b02_always_not_taken__c03_fixed_stride_small.c,always_not_taken,fixed_stride_small,xlarge_DRAM,static/trivial,compulsory+streaming (prefetch-friendly),spike,16.1.0,riscv64,4096,20000,2654435769,2000,0,20000,18446722480158208032,PASS,1,0.000240006,0.000240006,0.0,0,1495717,,,,,,0,0,0,0,0.0,,,,,,,,1,spike_exact_commit_log
014_b02_always_not_taken__c04_fixed_stride_large.spike.txt,014_b02_always_not_taken__c04_fixed_stride_large.c,always_not_taken,fixed_stride_large,small_L1,static/trivial,compulsory+streaming (prefetch-friendly),spike,16.1.0,riscv64,4096,20000,2654435769,2000,0,20000,18446723266667789456,PASS,1,0.000240006,0.000240006,0.0,0,1495653,,,,,,0,0,0,0,0.0,,,,,,,,1,spike_exact_commit_log
015_b02_always_not_taken__c05_random_small_working_set.spike.txt,015_b02_always_not_taken__c05_random_small_working_set.c,always_not_taken,random_small_working_set,medium_L2,static/trivial,temporal reuse (capacity-sensitive),spike,16.1.0,riscv64,4096,20000,2654435769,2000,0,20000,18446722697310063080,PASS,1,0.000280007,0.000280007,0.0,0,1583911,,,,,,0,0,0,0,0.0,,,,,,,,1,spike_exact_commit_log
016_b02_always_not_taken__c06_random_full_working_set.spike.txt,016_b02_always_not_taken__c06_random_full_working_set.c,always_not_taken,random_full_working_set,large_L3,static/trivial,capacity (uniform random),spike,16.1.0,riscv64,4096,20000,2654435769,2000,0,20000,18446722723855514648,PASS,1,0.000280007,0.000280007,0.0,0,1583729,,,,,,0,0,0,0,0.0,,,,,,,,1,spike_exact_commit_log
017_b02_always_not_taken__c07_matrix_row_major.spike.txt,017_b02_always_not_taken__c07_matrix_row_major.c,always_not_taken,matrix_row_major,xlarge_DRAM,static/trivial,mixed spatial (traversal-order dependent),spike,16.1.0,riscv64,4096,20000,2654435769,2000,0,20000,18446722688243355512,PASS,1,0.000320004,0.000320004,0.0,0,1671887,,,,,,0,0,0,0,0.0,,,,,,,,1,spike_exact_commit_log
018_b02_always_not_taken__c08_matrix_col_major.spike.txt,018_b02_always_not_taken__c08_matrix_col_major.c,always_not_taken,matrix_col_major,small_L1,static/trivial,mixed spatial (traversal-order dependent),spike,16.1.0,riscv64,4096,20000,2654435769,2000,0,20000,18446722714847767696,PASS,1,0.000320004,0.000320004,0.0,0,1671823,,,,,,0,0,0,0,0.0,,,,,,,,1,spike_exact_commit_log
019_b02_always_not_taken__c09_matrix_tiled_blocked.spike.txt,019_b02_always_not_taken__c09_matrix_tiled_blocked.c,always_not_taken,matrix_tiled_blocked,medium_L2,static/trivial,mixed spatial (traversal-order dependent),spike,16.1.0,riscv64,4096,20000,2654435769,2000,0,20000,18446722677588827896,PASS,1,0.000580005,0.000580005,0.0,0,2243711,,,,,,0,0,0,0,0.0,,,,,,,,1,spike_exact_commit_log
020_b02_always_not_taken__c10_pointer_chase_linked_list.spike.txt,020_b02_always_not_taken__c10_pointer_chase_linked_list.c,always_not_taken,pointer_chase_linked_list,large_L3,static/trivial,"compulsory+latency-bound (dependent loads, no prefetch)",spike,16.1.0,riscv64,4096,20000,2654435769,2000,0,20000,18446722668478890186,PASS,1,0.000280003,0.000280003,0.0,0,1730465,,,,,,0,0,0,0,0.0,,,,,,,,1,spike_exact_commit_log
021_b03_alternating__c01_sequential_unit_stride.spike.txt,021_b03_alternating__c01_sequential_unit_stride.c,alternating,sequential_unit_stride,large_L3,static/periodic,compulsory+streaming (prefetch-friendly),spike,16.1.0,riscv64,4096,20000,2654435769,2000,10000,10000,10508390679096,PASS,1,0.000330009,0.000330009,0.0,0,1679165,,,,,,0,0,0,0,0.0,,,,,,,,1,spike_exact_commit_log
022_b03_alternating__c02_sequential_wraparound_large.spike.txt,022_b03_alternating__c02_sequential_wraparound_large.c,alternating,sequential_wraparound_large,xlarge_DRAM,static/periodic,compulsory+streaming (prefetch-friendly),spike,16.1.0,riscv64,4096,20000,2654435769,2000,10000,10000,10508390679096,PASS,1,0.000330009,0.000330009,0.0,0,1679467,,,,,,0,0,0,0,0.0,,,,,,,,1,spike_exact_commit_log
023_b03_alternating__c03_fixed_stride_small.spike.txt,023_b03_alternating__c03_fixed_stride_small.c,alternating,fixed_stride_small,small_L1,static/periodic,compulsory+streaming (prefetch-friendly),spike,16.1.0,riscv64,4096,20000,2654435769,2000,10000,10000,10017495868216,PASS,1,0.000370011,0.000370011,0.0,0,1777493,,,,,,0,0,0,0,0.0,,,,,,,,1,spike_exact_commit_log
024_b03_alternating__c04_fixed_stride_large.spike.txt,024_b03_alternating__c04_fixed_stride_large.c,alternating,fixed_stride_large,medium_L2,static/periodic,compulsory+streaming (prefetch-friendly),spike,16.1.0,riscv64,4096,20000,2654435769,2000,10000,10000,9850000672320,PASS,1,0.000370011,0.000370011,0.0,0,1777465,,,,,,0,0,0,0,0.0,,,,,,,,1,spike_exact_commit_log
025_b03_alternating__c05_random_small_working_set.spike.txt,025_b03_alternating__c05_random_small_working_set.c,alternating,random_small_working_set,large_L3,static/periodic,temporal reuse (capacity-sensitive),spike,16.1.0,riscv64,4096,20000,2654435769,2000,10000,10000,10849828803696,PASS,1,0.000350012,0.000350012,0.0,0,1733469,,,,,,0,0,0,0,0.0,,,,,,,,1,spike_exact_commit_log
026_b03_alternating__c06_random_full_working_set.spike.txt,026_b03_alternating__c06_random_full_working_set.c,alternating,random_full_working_set,xlarge_DRAM,static/periodic,capacity (uniform random),spike,16.1.0,riscv64,4096,20000,2654435769,2000,10000,10000,10499303597256,PASS,1,0.000350012,0.000350012,0.0,0,1733315,,,,,,0,0,0,0,0.0,,,,,,,,1,spike_exact_commit_log
027_b03_alternating__c07_matrix_row_major.spike.txt,027_b03_alternating__c07_matrix_row_major.c,alternating,matrix_row_major,small_L1,static/periodic,mixed spatial (traversal-order dependent),spike,16.1.0,riscv64,4096,20000,2654435769,2000,10000,10000,10508390679096,PASS,1,0.000410009,0.000410009,0.0,0,1874684,,,,,,0,0,0,0,0.0,,,,,,,,1,spike_exact_commit_log
028_b03_alternating__c08_matrix_col_major.spike.txt,028_b03_alternating__c08_matrix_col_major.c,alternating,matrix_col_major,medium_L2,static/periodic,mixed spatial (traversal-order dependent),spike,16.1.0,riscv64,4096,20000,2654435769,2000,10000,10000,10418212859472,PASS,1,0.000410009,0.000410009,0.0,0,1874704,,,,,,0,0,0,0,0.0,,,,,,,,1,spike_exact_commit_log
029_b03_alternating__c09_matrix_tiled_blocked.spike.txt,029_b03_alternating__c09_matrix_tiled_blocked.c,alternating,matrix_tiled_blocked,large_L3,static/periodic,mixed spatial (traversal-order dependent),spike,16.1.0,riscv64,4096,20000,2654435769,2000,10000,10000,10516003459832,PASS,1,0.000630009,0.000630009,0.0,0,2358618,,,,,,0,0,0,0,0.0,,,,,,,,1,spike_exact_commit_log
030_b03_alternating__c10_pointer_chase_linked_list.spike.txt,030_b03_alternating__c10_pointer_chase_linked_list.c,alternating,pointer_chase_linked_list,xlarge_DRAM,static/periodic,"compulsory+latency-bound (dependent loads, no prefetch)",spike,16.1.0,riscv64,4096,20000,2654435769,2000,10000,10000,10711446212386,PASS,1,0.000340006,0.000340006,0.0,0,1867212,,,,,,0,0,0,0,0.0,,,,,,,,1,spike_exact_commit_log
031_b04_periodic3__c01_sequential_unit_stride.spike.txt,031_b04_periodic3__c01_sequential_unit_stride.c,periodic3,sequential_unit_stride,xlarge_DRAM,static/periodic,compulsory+streaming (prefetch-friendly),spike,16.1.0,riscv64,4096,20000,2654435769,2000,13333,6667,21394483536581,PASS,1,0.000320011,0.000320011,0.0,0,1663167,,,,,,0,0,0,0,0.0,,,,,,,,1,spike_exact_commit_log
032_b04_periodic3__c02_sequential_wraparound_large.spike.txt,032_b04_periodic3__c02_sequential_wraparound_large.c,periodic3,sequential_wraparound_large,small_L1,static/periodic,compulsory+streaming (prefetch-friendly),spike,16.1.0,riscv64,4096,20000,2654435769,2000,13333,6667,21394483536581,PASS,1,0.000320011,0.000320011,0.0,0,1663277,,,,,,0,0,0,0,0.0,,,,,,,,1,spike_exact_commit_log
033_b04_periodic3__c03_fixed_stride_small.spike.txt,033_b04_periodic3__c03_fixed_stride_small.c,periodic3,fixed_stride_small,medium_L2,static/periodic,compulsory+streaming (prefetch-friendly),spike,16.1.0,riscv64,4096,20000,2654435769,2000,13333,6667,21596636869275,PASS,1,0.000340013,0.000340013,0.0,0,1710813,,,,,,0,0,0,0,0.0,,,,,,,,1,spike_exact_commit_log
034_b04_periodic3__c04_fixed_stride_large.spike.txt,034_b04_periodic3__c04_fixed_stride_large.c,periodic3,fixed_stride_large,large_L3,static/periodic,compulsory+streaming (prefetch-friendly),spike,16.1.0,riscv64,4096,20000,2654435769,2000,13333,6667,20811805382696,PASS,1,0.000340013,0.000340013,0.0,0,1710793,,,,,,0,0,0,0,0.0,,,,,,,,1,spike_exact_commit_log
035_b04_periodic3__c05_random_small_working_set.spike.txt,035_b04_periodic3__c05_random_small_working_set.c,periodic3,random_small_working_set,xlarge_DRAM,static/periodic,temporal reuse (capacity-sensitive),spike,16.1.0,riscv64,4096,20000,2654435769,2000,13333,6667,21232368316649,PASS,1,0.000360015,0.000360015,0.0,0,1755849,,,,,,0,0,0,0,0.0,,,,,,,,1,spike_exact_commit_log
036_b04_periodic3__c06_random_full_working_set.spike.txt,036_b04_periodic3__c06_random_full_working_set.c,periodic3,random_full_working_set,small_L1,static/periodic,capacity (uniform random),spike,16.1.0,riscv64,4096,20000,2654435769,2000,13333,6667,21482511591565,PASS,1,0.000360015,0.000360015,0.0,0,1755569,,,,,,0,0,0,0,0.0,,,,,,,,1,spike_exact_commit_log
037_b04_periodic3__c07_matrix_row_major.spike.txt,037_b04_periodic3__c07_matrix_row_major.c,periodic3,matrix_row_major,medium_L2,static/periodic,mixed spatial (traversal-order dependent),spike,16.1.0,riscv64,4096,20000,2654435769,2000,13333,6667,21394483536581,PASS,1,0.000400011,0.000400011,0.0,0,1843293,,,,,,0,0,0,0,0.0,,,,,,,,1,spike_exact_commit_log
038_b04_periodic3__c08_matrix_col_major.spike.txt,038_b04_periodic3__c08_matrix_col_major.c,periodic3,matrix_col_major,large_L3,static/periodic,mixed spatial (traversal-order dependent),spike,16.1.0,riscv64,4096,20000,2654435769,2000,13333,6667,21376337590543,PASS,1,0.000400011,0.000400011,0.0,0,1843273,,,,,,0,0,0,0,0.0,,,,,,,,1,spike_exact_commit_log
039_b04_periodic3__c09_matrix_tiled_blocked.spike.txt,039_b04_periodic3__c09_matrix_tiled_blocked.c,periodic3,matrix_tiled_blocked,xlarge_DRAM,static/periodic,mixed spatial (traversal-order dependent),spike,16.1.0,riscv64,4096,20000,2654435769,2000,13333,6667,21404591444701,PASS,1,0.000620011,0.000620011,0.0,0,2336492,,,,,,0,0,0,0,0.0,,,,,,,,1,spike_exact_commit_log
040_b04_periodic3__c10_pointer_chase_linked_list.spike.txt,040_b04_periodic3__c10_pointer_chase_linked_list.c,periodic3,pointer_chase_linked_list,small_L1,static/periodic,"compulsory+latency-bound (dependent loads, no prefetch)",spike,16.1.0,riscv64,4096,20000,2654435769,2000,13333,6667,21363737393210,PASS,1,0.000353348,0.000353348,0.0,0,1897652,,,,,,0,0,0,0,0.0,,,,,,,,1,spike_exact_commit_log
041_b05_periodic8_biased__c01_sequential_unit_stride.spike.txt,041_b05_periodic8_biased__c01_sequential_unit_stride.c,periodic8_biased,sequential_unit_stride,small_L1,static/periodic,compulsory+streaming (prefetch-friendly),spike,16.1.0,riscv64,4096,20000,2654435769,2000,12500,7500,18435814815650,PASS,1,0.000320011,0.000320011,0.0,0,1663459,,,,,,0,0,0,0,0.0,,,,,,,,1,spike_exact_commit_log
042_b05_periodic8_biased__c02_sequential_wraparound_large.spike.txt,042_b05_periodic8_biased__c02_sequential_wraparound_large.c,periodic8_biased,sequential_wraparound_large,medium_L2,static/periodic,compulsory+streaming (prefetch-friendly),spike,16.1.0,riscv64,4096,20000,2654435769,2000,12500,7500,18435814815650,PASS,1,0.000320011,0.000320011,0.0,0,1663647,,,,,,0,0,0,0,0.0,,,,,,,,1,spike_exact_commit_log
043_b05_periodic8_biased__c03_fixed_stride_small.spike.txt,043_b05_periodic8_biased__c03_fixed_stride_small.c,periodic8_biased,fixed_stride_small,large_L3,static/periodic,compulsory+streaming (prefetch-friendly),spike,16.1.0,riscv64,4096,20000,2654435769,2000,12500,7500,18386607208782,PASS,1,0.000340013,0.000340013,0.0,0,1711147,,,,,,0,0,0,0,0.0,,,,,,,,1,spike_exact_commit_log
044_b05_periodic8_biased__c04_fixed_stride_large.spike.txt,044_b05_periodic8_biased__c04_fixed_stride_large.c,periodic8_biased,fixed_stride_large,xlarge_DRAM,static/periodic,compulsory+streaming (prefetch-friendly),spike,16.1.0,riscv64,4096,20000,2654435769,2000,12500,7500,19588950737708,PASS,1,0.000340013,0.000340013,0.0,0,1711211,,,,,,0,0,0,0,0.0,,,,,,,,1,spike_exact_commit_log
045_b05_periodic8_biased__c05_random_small_working_set.spike.txt,045_b05_periodic8_biased__c05_random_small_working_set.c,periodic8_biased,random_small_working_set,small_L1,static/periodic,temporal reuse (capacity-sensitive),spike,16.1.0,riscv64,4096,20000,2654435769,2000,12500,7500,19136594648876,PASS,1,0.000360015,0.000360015,0.0,0,1756141,,,,,,0,0,0,0,0.0,,,,,,,,1,spike_exact_commit_log
046_b05_periodic8_biased__c06_random_full_working_set.spike.txt,046_b05_periodic8_biased__c06_random_full_working_set.c,periodic8_biased,random_full_working_set,medium_L2,static/periodic,capacity (uniform random),spike,16.1.0,riscv64,4096,20000,2654435769,2000,12500,7500,18577382355230,PASS,1,0.000360015,0.000360015,0.0,0,1755999,,,,,,0,0,0,0,0.0,,,,,,,,1,spike_exact_commit_log
047_b05_periodic8_biased__c07_matrix_row_major.spike.txt,047_b05_periodic8_biased__c07_matrix_row_major.c,periodic8_biased,matrix_row_major,large_L3,static/periodic,mixed spatial (traversal-order dependent),spike,16.1.0,riscv64,4096,20000,2654435769,2000,12500,7500,18435814815650,PASS,1,0.000400011,0.000400011,0.0,0,1843629,,,,,,0,0,0,0,0.0,,,,,,,,1,spike_exact_commit_log
048_b05_periodic8_biased__c08_matrix_col_major.spike.txt,048_b05_periodic8_biased__c08_matrix_col_major.c,periodic8_biased,matrix_col_major,xlarge_DRAM,static/periodic,mixed spatial (traversal-order dependent),spike,16.1.0,riscv64,4096,20000,2654435769,2000,12500,7500,18997433866560,PASS,1,0.000400011,0.000400011,0.0,0,1843693,,,,,,0,0,0,0,0.0,,,,,,,,1,spike_exact_commit_log
049_b05_periodic8_biased__c09_matrix_tiled_blocked.spike.txt,049_b05_periodic8_biased__c09_matrix_tiled_blocked.c,periodic8_biased,matrix_tiled_blocked,small_L1,static/periodic,mixed spatial (traversal-order dependent),spike,16.1.0,riscv64,4096,20000,2654435769,2000,12500,7500,18432123021682,PASS,1,0.000620011,0.000620011,0.0,0,2336782,,,,,,0,0,0,0,0.0,,,,,,,,1,spike_exact_commit_log
050_b05_periodic8_biased__c10_pointer_chase_linked_list.spike.txt,050_b05_periodic8_biased__c10_pointer_chase_linked_list.c,periodic8_biased,pointer_chase_linked_list,medium_L2,static/periodic,"compulsory+latency-bound (dependent loads, no prefetch)",spike,16.1.0,riscv64,4096,20000,2654435769,2000,12500,7500,18735334813254,PASS,1,0.000352508,0.000352508,0.0,0,1895940,,,,,,0,0,0,0,0.0,,,,,,,,1,spike_exact_commit_log
051_b06_pseudo_random_50__c01_sequential_unit_stride.spike.txt,051_b06_pseudo_random_50__c01_sequential_unit_stride.c,pseudo_random_50,sequential_unit_stride,medium_L2,stochastic,compulsory+streaming (prefetch-friendly),spike,16.1.0,riscv64,4096,20000,2654435769,2000,10052,9948,10822853992346,PASS,1,0.000360015,0.000360015,0.0,0,1744049,,,,,,0,0,0,0,0.0,,,,,,,,1,spike_exact_commit_log
052_b06_pseudo_random_50__c02_sequential_wraparound_large.spike.txt,052_b06_pseudo_random_50__c02_sequential_wraparound_large.c,pseudo_random_50,sequential_wraparound_large,large_L3,stochastic,compulsory+streaming (prefetch-friendly),spike,16.1.0,riscv64,4096,20000,2654435769,2000,10052,9948,10822853992346,PASS,1,0.000360015,0.000360015,0.0,0,1744133,,,,,,0,0,0,0,0.0,,,,,,,,1,spike_exact_commit_log
053_b06_pseudo_random_50__c03_fixed_stride_small.spike.txt,053_b06_pseudo_random_50__c03_fixed_stride_small.c,pseudo_random_50,fixed_stride_small,xlarge_DRAM,stochastic,compulsory+streaming (prefetch-friendly),spike,16.1.0,riscv64,4096,20000,2654435769,2000,10052,9948,11129039178172,PASS,1,0.000360016,0.000360016,0.0,0,1755063,,,,,,0,0,0,0,0.0,,,,,,,,1,spike_exact_commit_log
054_b06_pseudo_random_50__c04_fixed_stride_large.spike.txt,054_b06_pseudo_random_50__c04_fixed_stride_large.c,pseudo_random_50,fixed_stride_large,small_L1,stochastic,compulsory+streaming (prefetch-friendly),spike,16.1.0,riscv64,4096,20000,2654435769,2000,10052,9948,10721379676069,PASS,1,0.000360016,0.000360016,0.0,0,1764070,,,,,,0,0,0,0,0.0,,,,,,,,1,spike_exact_commit_log
055_b06_pseudo_random_50__c05_random_small_working_set.spike.txt,055_b06_pseudo_random_50__c05_random_small_working_set.c,pseudo_random_50,random_small_working_set,medium_L2,stochastic,temporal reuse (capacity-sensitive),spike,16.1.0,riscv64,4096,20000,2654435769,2000,10052,9948,11188104450759,PASS,1,0.000400012,0.000400012,0.0,0,1852174,,,,,,0,0,0,0,0.0,,,,,,,,1,spike_exact_commit_log
056_b06_pseudo_random_50__c06_random_full_working_set.spike.txt,056_b06_pseudo_random_50__c06_random_full_working_set.c,pseudo_random_50,random_full_working_set,large_L3,stochastic,capacity (uniform random),spike,16.1.0,riscv64,4096,20000,2654435769,2000,10052,9948,10816563701503,PASS,1,0.000400012,0.000400012,0.0,0,1842921,,,,,,0,0,0,0,0.0,,,,,,,,1,spike_exact_commit_log
057_b06_pseudo_random_50__c07_matrix_row_major.spike.txt,057_b06_pseudo_random_50__c07_matrix_row_major.c,pseudo_random_50,matrix_row_major,xlarge_DRAM,stochastic,mixed spatial (traversal-order dependent),spike,16.1.0,riscv64,4096,20000,2654435769,2000,10052,9948,10822853992346,PASS,1,0.000440015,0.000440015,0.0,0,1941480,,,,,,0,0,0,0,0.0,,,,,,,,1,spike_exact_commit_log
058_b06_pseudo_random_50__c08_matrix_col_major.spike.txt,058_b06_pseudo_random_50__c08_matrix_col_major.c,pseudo_random_50,matrix_col_major,small_L1,stochastic,mixed spatial (traversal-order dependent),spike,16.1.0,riscv64,4096,20000,2654435769,2000,10052,9948,10899638878672,PASS,1,0.000440015,0.000440015,0.0,0,1941416,,,,,,0,0,0,0,0.0,,,,,,,,1,spike_exact_commit_log
059_b06_pseudo_random_50__c09_matrix_tiled_blocked.spike.txt,059_b06_pseudo_random_50__c09_matrix_tiled_blocked.c,pseudo_random_50,matrix_tiled_blocked,medium_L2,stochastic,mixed spatial (traversal-order dependent),spike,16.1.0,riscv64,4096,20000,2654435769,2000,10052,9948,11077286925322,PASS,1,0.000660014,0.000660014,0.0,0,2462375,,,,,,0,0,0,0,0.0,,,,,,,,1,spike_exact_commit_log
060_b06_pseudo_random_50__c10_pointer_chase_linked_list.spike.txt,060_b06_pseudo_random_50__c10_pointer_chase_linked_list.c,pseudo_random_50,pointer_chase_linked_list,large_L3,stochastic,"compulsory+latency-bound (dependent loads, no prefetch)",spike,16.1.0,riscv64,4096,20000,2654435769,2000,10052,9948,10830028477646,PASS,1,0.000390062,0.000390062,0.0,0,1977686,,,,,,0,0,0,0,0.0,,,,,,,,1,spike_exact_commit_log
061_b07_nested_dependent__c01_sequential_unit_stride.spike.txt,061_b07_nested_dependent__c01_sequential_unit_stride.c,nested_dependent,sequential_unit_stride,large_L3,value-dependent,compulsory+streaming (prefetch-friendly),spike,16.1.0,riscv64,4096,20000,2654435769,2000,10000,10000,10576846216278,PASS,1,0.000390009,0.000390009,0.0,0,1817969,,,,,,0,0,0,0,0.0,,,,,,,,1,spike_exact_commit_log
062_b07_nested_dependent__c02_sequential_wraparound_large.spike.txt,062_b07_nested_dependent__c02_sequential_wraparound_large.c,nested_dependent,sequential_wraparound_large,xlarge_DRAM,value-dependent,compulsory+streaming (prefetch-friendly),spike,16.1.0,riscv64,4096,20000,2654435769,2000,10000,10000,10576846216278,PASS,1,0.000390009,0.000390009,0.0,0,1818201,,,,,,0,0,0,0,0.0,,,,,,,,1,spike_exact_commit_log
063_b07_nested_dependent__c03_fixed_stride_small.spike.txt,063_b07_nested_dependent__c03_fixed_stride_small.c,nested_dependent,fixed_stride_small,small_L1,value-dependent,compulsory+streaming (prefetch-friendly),spike,16.1.0,riscv64,4096,20000,2654435769,2000,10000,10000,9885688285676,PASS,1,0.000410011,0.000410011,0.0,0,1865689,,,,,,0,0,0,0,0.0,,,,,,,,1,spike_exact_commit_log
064_b07_nested_dependent__c04_fixed_stride_large.spike.txt,064_b07_nested_dependent__c04_fixed_stride_large.c,nested_dependent,fixed_stride_large,medium_L2,value-dependent,compulsory+streaming (prefetch-friendly),spike,16.1.0,riscv64,4096,20000,2654435769,2000,10000,10000,11359339875304,PASS,1,0.000410011,0.000410011,0.0,0,1865757,,,,,,0,0,0,0,0.0,,,,,,,,1,spike_exact_commit_log
065_b07_nested_dependent__c05_random_small_working_set.spike.txt,065_b07_nested_dependent__c05_random_small_working_set.c,nested_dependent,random_small_working_set,large_L3,value-dependent,temporal reuse (capacity-sensitive),spike,16.1.0,riscv64,4096,20000,2654435769,2000,10000,10000,10728854254410,PASS,1,0.000430013,0.000430013,0.0,0,1918496,,,,,,0,0,0,0,0.0,,,,,,,,1,spike_exact_commit_log
066_b07_nested_dependent__c06_random_full_working_set.spike.txt,066_b07_nested_dependent__c06_random_full_working_set.c,nested_dependent,random_full_working_set,xlarge_DRAM,value-dependent,capacity (uniform random),spike,16.1.0,riscv64,4096,20000,2654435769,2000,10000,10000,10472771386866,PASS,1,0.000430013,0.000430013,0.0,0,1909327,,,,,,0,0,0,0,0.0,,,,,,,,1,spike_exact_commit_log
067_b07_nested_dependent__c07_matrix_row_major.spike.txt,067_b07_nested_dependent__c07_matrix_row_major.c,nested_dependent,matrix_row_major,small_L1,value-dependent,mixed spatial (traversal-order dependent),spike,16.1.0,riscv64,4096,20000,2654435769,2000,10000,10000,10576846216278,PASS,1,0.000470009,0.000470009,0.0,0,2007360,,,,,,0,0,0,0,0.0,,,,,,,,1,spike_exact_commit_log
068_b07_nested_dependent__c08_matrix_col_major.spike.txt,068_b07_nested_dependent__c08_matrix_col_major.c,nested_dependent,matrix_col_major,medium_L2,value-dependent,mixed spatial (traversal-order dependent),spike,16.1.0,riscv64,4096,20000,2654435769,2000,10000,10000,10540081298224,PASS,1,0.000470009,0.000470009,0.0,0,2007380,,,,,,0,0,0,0,0.0,,,,,,,,1,spike_exact_commit_log
069_b07_nested_dependent__c09_matrix_tiled_blocked.spike.txt,069_b07_nested_dependent__c09_matrix_tiled_blocked.c,nested_dependent,matrix_tiled_blocked,large_L3,value-dependent,mixed spatial (traversal-order dependent),spike,16.1.0,riscv64,4096,20000,2654435769,2000,10000,10000,10863635151734,PASS,1,0.000710009,0.000710009,0.0,0,2572415,,,,,,0,0,0,0,0.0,,,,,,,,1,spike_exact_commit_log
070_b07_nested_dependent__c10_pointer_chase_linked_list.spike.txt,070_b07_nested_dependent__c10_pointer_chase_linked_list.c,nested_dependent,pointer_chase_linked_list,xlarge_DRAM,value-dependent,"compulsory+latency-bound (dependent loads, no prefetch)",spike,16.1.0,riscv64,4096,20000,2654435769,2000,10000,10000,10635706370043,PASS,1,0.000430006,0.000430006,0.0,0,2065456,,,,,,0,0,0,0,0.0,,,,,,,,1,spike_exact_commit_log
071_b08_switch_multiway__c01_sequential_unit_stride.spike.txt,071_b08_switch_multiway__c01_sequential_unit_stride.c,switch_multiway,sequential_unit_stride,xlarge_DRAM,indirect-branch,compulsory+streaming (prefetch-friendly),spike,16.1.0,riscv64,4096,20000,2654435769,2000,12000,8000,17116370337034,PASS,1,0.000388013,0.000388013,0.0,0,1813883,,,,,,0,0,0,0,0.0,,,,,,,,1,spike_exact_commit_log
072_b08_switch_multiway__c02_sequential_wraparound_large.spike.txt,072_b08_switch_multiway__c02_sequential_wraparound_large.c,switch_multiway,sequential_wraparound_large,small_L1,indirect-branch,compulsory+streaming (prefetch-friendly),spike,16.1.0,riscv64,4096,20000,2654435769,2000,12000,8000,17116370337034,PASS,1,0.000388013,0.000388013,0.0,0,1823064,,,,,,0,0,0,0,0.0,,,,,,,,1,spike_exact_commit_log
073_b08_switch_multiway__c03_fixed_stride_small.spike.txt,073_b08_switch_multiway__c03_fixed_stride_small.c,switch_multiway,fixed_stride_small,medium_L2,indirect-branch,compulsory+streaming (prefetch-friendly),spike,16.1.0,riscv64,4096,20000,2654435769,2000,12000,8000,17290178298858,PASS,1,0.000408015,0.000408015,0.0,0,1870458,,,,,,0,0,0,0,0.0,,,,,,,,1,spike_exact_commit_log
074_b08_switch_multiway__c04_fixed_stride_large.spike.txt,074_b08_switch_multiway__c04_fixed_stride_large.c,switch_multiway,fixed_stride_large,large_L3,indirect-branch,compulsory+streaming (prefetch-friendly),spike,16.1.0,riscv64,4096,20000,2654435769,2000,12000,8000,16652583265367,PASS,1,0.000408015,0.000408015,0.0,0,1870438,,,,,,0,0,0,0,0.0,,,,,,,,1,spike_exact_commit_log
075_b08_switch_multiway__c05_random_small_working_set.spike.txt,075_b08_switch_multiway__c05_random_small_working_set.c,switch_multiway,random_small_working_set,xlarge_DRAM,indirect-branch,temporal reuse (capacity-sensitive),spike,16.1.0,riscv64,4096,20000,2654435769,2000,12000,8000,17119140281914,PASS,1,0.000428017,0.000428017,0.0,0,1914242,,,,,,0,0,0,0,0.0,,,,,,,,1,spike_exact_commit_log
076_b08_switch_multiway__c06_random_full_working_set.spike.txt,076_b08_switch_multiway__c06_random_full_working_set.c,switch_multiway,random_full_working_set,small_L1,indirect-branch,capacity (uniform random),spike,16.1.0,riscv64,4096,20000,2654435769,2000,12000,8000,17074748513146,PASS,1,0.000428017,0.000428017,0.0,0,1913966,,,,,,0,0,0,0,0.0,,,,,,,,1,spike_exact_commit_log
077_b08_switch_multiway__c07_matrix_row_major.spike.txt,077_b08_switch_multiway__c07_matrix_row_major.c,switch_multiway,matrix_row_major,medium_L2,indirect-branch,mixed spatial (traversal-order dependent),spike,16.1.0,riscv64,4096,20000,2654435769,2000,12000,8000,17116370337034,PASS,1,0.000468013,0.000468013,0.0,0,2003356,,,,,,0,0,0,0,0.0,,,,,,,,1,spike_exact_commit_log
078_b08_switch_multiway__c08_matrix_col_major.spike.txt,078_b08_switch_multiway__c08_matrix_col_major.c,switch_multiway,matrix_col_major,large_L3,indirect-branch,mixed spatial (traversal-order dependent),spike,16.1.0,riscv64,4096,20000,2654435769,2000,12000,8000,17092758739903,PASS,1,0.000468013,0.000468013,0.0,0,2003336,,,,,,0,0,0,0,0.0,,,,,,,,1,spike_exact_commit_log
079_b08_switch_multiway__c09_matrix_tiled_blocked.spike.txt,079_b08_switch_multiway__c09_matrix_tiled_blocked.c,switch_multiway,matrix_tiled_blocked,xlarge_DRAM,indirect-branch,mixed spatial (traversal-order dependent),spike,16.1.0,riscv64,4096,20000,2654435769,2000,12000,8000,17125484095770,PASS,1,0.000688013,0.000688013,0.0,0,2524065,,,,,,0,0,0,0,0.0,,,,,,,,1,spike_exact_commit_log
080_b08_switch_multiway__c10_pointer_chase_linked_list.spike.txt,080_b08_switch_multiway__c10_pointer_chase_linked_list.c,switch_multiway,pointer_chase_linked_list,small_L1,indirect-branch,"compulsory+latency-bound (dependent loads, no prefetch)",spike,16.1.0,riscv64,4096,20000,2654435769,2000,12000,8000,17127529396974,PASS,1,0.000496013,0.000496013,0.0,0,2248155,,,,,,0,0,0,0,0.0,,,,,,,,1,spike_exact_commit_log
081_b09_recursive_calls__c01_sequential_unit_stride.spike.txt,081_b09_recursive_calls__c01_sequential_unit_stride.c,recursive_calls,sequential_unit_stride,small_L1,control-flow/call-return,compulsory+streaming (prefetch-friendly),spike,16.1.0,riscv64,4096,20000,2654435769,2000,10000,10000,10919963923816,PASS,1,0.000910009,0.000910009,0.0,0,2961595,,,,,,0,0,0,0,0.0,,,,,,,,1,spike_exact_commit_log
082_b09_recursive_calls__c02_sequential_wraparound_large.spike.txt,082_b09_recursive_calls__c02_sequential_wraparound_large.c,recursive_calls,sequential_wraparound_large,medium_L2,control-flow/call-return,compulsory+streaming (prefetch-friendly),spike,16.1.0,riscv64,4096,20000,2654435769,2000,10000,10000,10919963923816,PASS,1,0.000910009,0.000910009,0.0,0,2961725,,,,,,0,0,0,0,0.0,,,,,,,,1,spike_exact_commit_log
083_b09_recursive_calls__c03_fixed_stride_small.spike.txt,083_b09_recursive_calls__c03_fixed_stride_small.c,recursive_calls,fixed_stride_small,large_L3,control-flow/call-return,compulsory+streaming (prefetch-friendly),spike,16.1.0,riscv64,4096,20000,2654435769,2000,5096,14904,18446739418391993536,PASS,1,0.000930011,0.000930011,0.0,0,3009199,,,,,,0,0,0,0,0.0,,,,,,,,1,spike_exact_commit_log
084_b09_recursive_calls__c04_fixed_stride_large.spike.txt,084_b09_recursive_calls__c04_fixed_stride_large.c,recursive_calls,fixed_stride_large,xlarge_DRAM,control-flow/call-return,compulsory+streaming (prefetch-friendly),spike,16.1.0,riscv64,4096,20000,2654435769,2000,5000,15000,18446736238062981440,PASS,1,0.000930011,0.000930011,0.0,0,3018334,,,,,,0,0,0,0,0.0,,,,,,,,1,spike_exact_commit_log
085_b09_recursive_calls__c05_random_small_working_set.spike.txt,085_b09_recursive_calls__c05_random_small_working_set.c,recursive_calls,random_small_working_set,small_L1,control-flow/call-return,temporal reuse (capacity-sensitive),spike,16.1.0,riscv64,4096,20000,2654435769,2000,10000,10000,10951559120088,PASS,1,0.000950013,0.000950013,0.0,0,3062598,,,,,,0,0,0,0,0.0,,,,,,,,1,spike_exact_commit_log
086_b09_recursive_calls__c06_random_full_working_set.spike.txt,086_b09_recursive_calls__c06_random_full_working_set.c,recursive_calls,random_full_working_set,medium_L2,control-flow/call-return,capacity (uniform random),spike,16.1.0,riscv64,4096,20000,2654435769,2000,10000,10000,10675413824952,PASS,1,0.000950013,0.000950013,0.0,0,3062406,,,,,,0,0,0,0,0.0,,,,,,,,1,spike_exact_commit_log
087_b09_recursive_calls__c07_matrix_row_major.spike.txt,087_b09_recursive_calls__c07_matrix_row_major.c,recursive_calls,matrix_row_major,large_L3,control-flow/call-return,mixed spatial (traversal-order dependent),spike,16.1.0,riscv64,4096,20000,2654435769,2000,10000,10000,10919963923816,PASS,1,0.000990009,0.000990009,0.0,0,3150630,,,,,,0,0,0,0,0.0,,,,,,,,1,spike_exact_commit_log
088_b09_recursive_calls__c08_matrix_col_major.spike.txt,088_b09_recursive_calls__c08_matrix_col_major.c,recursive_calls,matrix_col_major,xlarge_DRAM,control-flow/call-return,mixed spatial (traversal-order dependent),spike,16.1.0,riscv64,4096,20000,2654435769,2000,9976,10024,10584756497912,PASS,1,0.000990009,0.000990009,0.0,0,3150634,,,,,,0,0,0,0,0.0,,,,,,,,1,spike_exact_commit_log
089_b09_recursive_calls__c09_matrix_tiled_blocked.spike.txt,089_b09_recursive_calls__c09_matrix_tiled_blocked.c,recursive_calls,matrix_tiled_blocked,small_L1,control-flow/call-return,mixed spatial (traversal-order dependent),spike,16.1.0,riscv64,4096,20000,2654435769,2000,10000,10000,10930761843240,PASS,1,0.001230009,0.001230009,0.0,0,3716255,,,,,,0,0,0,0,0.0,,,,,,,,1,spike_exact_commit_log
090_b09_recursive_calls__c10_pointer_chase_linked_list.spike.txt,090_b09_recursive_calls__c10_pointer_chase_linked_list.c,recursive_calls,pointer_chase_linked_list,medium_L2,control-flow/call-return,"compulsory+latency-bound (dependent loads, no prefetch)",spike,16.1.0,riscv64,4096,20000,2654435769,2000,10003,9997,10648839408377,PASS,1,0.000920006,0.000920006,0.0,0,3180849,,,,,,0,0,0,0,0.0,,,,,,,,1,spike_exact_commit_log
091_b10_correlated_history__c01_sequential_unit_stride.spike.txt,091_b10_correlated_history__c01_sequential_unit_stride.c,correlated_history,sequential_unit_stride,medium_L2,history-correlated,compulsory+streaming (prefetch-friendly),spike,16.1.0,riscv64,4096,20000,2654435769,2000,10000,10000,10508390679096,PASS,1,0.000420012,0.000420012,0.0,0,1876149,,,,,,0,0,0,0,0.0,,,,,,,,1,spike_exact_commit_log
092_b10_correlated_history__c02_sequential_wraparound_large.spike.txt,092_b10_correlated_history__c02_sequential_wraparound_large.c,correlated_history,sequential_wraparound_large,large_L3,history-correlated,compulsory+streaming (prefetch-friendly),spike,16.1.0,riscv64,4096,20000,2654435769,2000,10000,10000,10508390679096,PASS,1,0.000420012,0.000420012,0.0,0,1885430,,,,,,0,0,0,0,0.0,,,,,,,,1,spike_exact_commit_log
093_b10_correlated_history__c03_fixed_stride_small.spike.txt,093_b10_correlated_history__c03_fixed_stride_small.c,correlated_history,fixed_stride_small,xlarge_DRAM,history-correlated,compulsory+streaming (prefetch-friendly),spike,16.1.0,riscv64,4096,20000,2654435769,2000,10000,10000,10017495868216,PASS,1,0.000420013,0.000420013,0.0,0,1896360,,,,,,0,0,0,0,0.0,,,,,,,,1,spike_exact_commit_log
094_b10_correlated_history__c04_fixed_stride_large.spike.txt,094_b10_correlated_history__c04_fixed_stride_large.c,correlated_history,fixed_stride_large,small_L1,history-correlated,compulsory+streaming (prefetch-friendly),spike,16.1.0,riscv64,4096,20000,2654435769,2000,10000,10000,9850000672320,PASS,1,0.000420013,0.000420013,0.0,0,1896248,,,,,,0,0,0,0,0.0,,,,,,,,1,spike_exact_commit_log
095_b10_correlated_history__c05_random_small_working_set.spike.txt,095_b10_correlated_history__c05_random_small_working_set.c,correlated_history,random_small_working_set,medium_L2,history-correlated,temporal reuse (capacity-sensitive),spike,16.1.0,riscv64,4096,20000,2654435769,2000,10000,10000,10849828803696,PASS,1,0.000460013,0.000460013,0.0,0,1984806,,,,,,0,0,0,0,0.0,,,,,,,,1,spike_exact_commit_log
096_b10_correlated_history__c06_random_full_working_set.spike.txt,096_b10_correlated_history__c06_random_full_working_set.c,correlated_history,random_full_working_set,large_L3,history-correlated,capacity (uniform random),spike,16.1.0,riscv64,4096,20000,2654435769,2000,10000,10000,10499303597256,PASS,1,0.000460013,0.000460013,0.0,0,1984564,,,,,,0,0,0,0,0.0,,,,,,,,1,spike_exact_commit_log
097_b10_correlated_history__c07_matrix_row_major.spike.txt,097_b10_correlated_history__c07_matrix_row_major.c,correlated_history,matrix_row_major,xlarge_DRAM,history-correlated,mixed spatial (traversal-order dependent),spike,16.1.0,riscv64,4096,20000,2654435769,2000,10000,10000,10508390679096,PASS,1,0.000500012,0.000500012,0.0,0,2072942,,,,,,0,0,0,0,0.0,,,,,,,,1,spike_exact_commit_log
098_b10_correlated_history__c08_matrix_col_major.spike.txt,098_b10_correlated_history__c08_matrix_col_major.c,correlated_history,matrix_col_major,small_L1,history-correlated,mixed spatial (traversal-order dependent),spike,16.1.0,riscv64,4096,20000,2654435769,2000,10000,10000,10418212859472,PASS,1,0.000500012,0.000500012,0.0,0,2072878,,,,,,0,0,0,0,0.0,,,,,,,,1,spike_exact_commit_log
099_b10_correlated_history__c09_matrix_tiled_blocked.spike.txt,099_b10_correlated_history__c09_matrix_tiled_blocked.c,correlated_history,matrix_tiled_blocked,medium_L2,history-correlated,mixed spatial (traversal-order dependent),spike,16.1.0,riscv64,4096,20000,2654435769,2000,10000,10000,10516003459832,PASS,1,0.000720012,0.000720012,0.0,0,2594363,,,,,,0,0,0,0,0.0,,,,,,,,1,spike_exact_commit_log
100_b10_correlated_history__c10_pointer_chase_linked_list.spike.txt,100_b10_correlated_history__c10_pointer_chase_linked_list.c,correlated_history,pointer_chase_linked_list,large_L3,history-correlated,"compulsory+latency-bound (dependent loads, no prefetch)",spike,16.1.0,riscv64,4096,20000,2654435769,2000,10000,10000,10711446212386,PASS,1,0.000450007,0.000450007,0.0,0,2147661,,,,,,0,0,0,0,0.0,,,,,,,,1,spike_exact_commit_log
101_b11_value_dependent_threshold__c11_sliding_window.spike.txt,101_b11_value_dependent_threshold__c11_sliding_window.c,value_dependent_threshold,sliding_window,small_L1,value-dependent,mixed/unclassified,spike,16.1.0,riscv64,4096,20000,2654435769,2000,9999,10001,10907177023730,PASS,1,0.000400011,0.000400011,0.0,0,1839021,,,,,,0,0,0,0,0.0,,,,,,,,1,spike_exact_commit_log
102_b11_value_dependent_threshold__c12_prime_stride_anti_alias.spike.txt,102_b11_value_dependent_threshold__c12_prime_stride_anti_alias.c,value_dependent_threshold,prime_stride_anti_alias,medium_L2,value-dependent,compulsory+streaming (prefetch-friendly),spike,16.1.0,riscv64,4096,20000,2654435769,2000,9999,10001,10816091045641,PASS,1,0.000320009,0.000320009,0.0,0,1667161,,,,,,0,0,0,0,0.0,,,,,,,,1,spike_exact_commit_log
103_b11_value_dependent_threshold__c13_two_stream_interleaved.spike.txt,103_b11_value_dependent_threshold__c13_two_stream_interleaved.c,value_dependent_threshold,two_stream_interleaved,large_L3,value-dependent,mixed/unclassified,spike,16.1.0,riscv64,4096,20000,2654435769,2000,10004,9996,10769492331568,PASS,1,0.00040001,0.00040001,0.0,0,1838861,,,,,,0,0,0,0,0.0,,,,,,,,1,spike_exact_commit_log
104_b11_value_dependent_threshold__c14_temporal_burst_reuse.spike.txt,104_b11_value_dependent_threshold__c14_temporal_burst_reuse.c,value_dependent_threshold,temporal_burst_reuse,xlarge_DRAM,value-dependent,mixed/unclassified,spike,16.1.0,riscv64,4096,20000,2654435769,2000,9979,10021,11279704486731,PASS,1,0.000360011,0.000360011,0.0,0,1755237,,,,,,0,0,0,0,0.0,,,,,,,,1,spike_exact_commit_log
105_b11_value_dependent_threshold__c15_reverse_sequential.spike.txt,105_b11_value_dependent_threshold__c15_reverse_sequential.c,value_dependent_threshold,reverse_sequential,small_L1,value-dependent,compulsory+streaming (prefetch-friendly),spike,16.1.0,riscv64,4096,20000,2654435769,2000,10002,9998,10799761901445,PASS,1,0.000320009,0.000320009,0.0,0,1671573,,,,,,0,0,0,0,0.0,,,,,,,,1,spike_exact_commit_log
106_b11_value_dependent_threshold__c16_block_sparse.spike.txt,106_b11_value_dependent_threshold__c16_block_sparse.c,value_dependent_threshold,block_sparse,medium_L2,value-dependent,mixed spatial (traversal-order dependent),spike,16.1.0,riscv64,4096,20000,2654435769,2000,9857,10143,10496780962351,PASS,1,0.000410058,0.000410058,0.0,0,1861685,,,,,,0,0,0,0,0.0,,,,,,,,1,spike_exact_commit_log
107_b11_value_dependent_threshold__c17_zipf_like_hot_buckets.spike.txt,107_b11_value_dependent_threshold__c17_zipf_like_hot_buckets.c,value_dependent_threshold,zipf_like_hot_buckets,large_L3,value-dependent,temporal reuse (skewed/hot-set),spike,16.1.0,riscv64,4096,20000,2654435769,2000,10068,9932,10964396672729,PASS,1,0.000448139,0.000448139,0.0,0,1959542,,,,,,0,0,0,0,0.0,,,,,,,,1,spike_exact_commit_log
108_b11_value_dependent_threshold__c18_producer_consumer_two_pointer.spike.txt,108_b11_value_dependent_threshold__c18_producer_consumer_two_pointer.c,value_dependent_threshold,producer_consumer_two_pointer,xlarge_DRAM,value-dependent,mixed/unclassified,spike,16.1.0,riscv64,4096,20000,2654435769,2000,9998,10002,10762765987363,PASS,1,0.00049001,0.00049001,0.0,0,2040635,,,,,,0,0,0,0,0.0,,,,,,,,1,spike_exact_commit_log
109_b11_value_dependent_threshold__c19_matrix_diagonal_wavefront.spike.txt,109_b11_value_dependent_threshold__c19_matrix_diagonal_wavefront.c,value_dependent_threshold,matrix_diagonal_wavefront,small_L1,value-dependent,mixed spatial (traversal-order dependent),spike,16.1.0,riscv64,4096,20000,2654435769,2000,10037,9963,10962015175618,PASS,1,0.000584043,0.000584043,0.0,0,2294767,,,,,,0,0,0,0,0.0,,,,,,,,1,spike_exact_commit_log
110_b11_value_dependent_threshold__c20_hot_cold_phase_alternation.spike.txt,110_b11_value_dependent_threshold__c20_hot_cold_phase_alternation.c,value_dependent_threshold,hot_cold_phase_alternation,medium_L2,value-dependent,temporal reuse (skewed/hot-set),spike,16.1.0,riscv64,4096,20000,2654435769,2000,10004,9996,10809377911802,PASS,1,0.000420018,0.000420018,0.0,0,1876804,,,,,,0,0,0,0,0.0,,,,,,,,1,spike_exact_commit_log
111_b12_doubling_run_lengths__c11_sliding_window.spike.txt,111_b12_doubling_run_lengths__c11_sliding_window.c,doubling_run_lengths,sliding_window,medium_L2,phase-changing/non-stationary,mixed/unclassified,spike,16.1.0,riscv64,4096,20000,2654435769,2000,9556,10444,9189249657299,PASS,1,0.000440205,0.000440205,0.0,0,1936488,,,,,,0,0,0,0,0.0,,,,,,,,1,spike_exact_commit_log
112_b12_doubling_run_lengths__c12_prime_stride_anti_alias.spike.txt,112_b12_doubling_run_lengths__c12_prime_stride_anti_alias.c,doubling_run_lengths,prime_stride_anti_alias,large_L3,phase-changing/non-stationary,compulsory+streaming (prefetch-friendly),spike,16.1.0,riscv64,4096,20000,2654435769,2000,9556,10444,9304101676030,PASS,1,0.000360204,0.000360204,0.0,0,1765402,,,,,,0,0,0,0,0.0,,,,,,,,1,spike_exact_commit_log
113_b12_doubling_run_lengths__c13_two_stream_interleaved.spike.txt,113_b12_doubling_run_lengths__c13_two_stream_interleaved.c,doubling_run_lengths,two_stream_interleaved,xlarge_DRAM,phase-changing/non-stationary,mixed/unclassified,spike,16.1.0,riscv64,4096,20000,2654435769,2000,9556,10444,9288304863146,PASS,1,0.000440204,0.000440204,0.0,0,1937122,,,,,,0,0,0,0,0.0,,,,,,,,1,spike_exact_commit_log
114_b12_doubling_run_lengths__c14_temporal_burst_reuse.spike.txt,114_b12_doubling_run_lengths__c14_temporal_burst_reuse.c,doubling_run_lengths,temporal_burst_reuse,small_L1,phase-changing/non-stationary,mixed/unclassified,spike,16.1.0,riscv64,4096,20000,2654435769,2000,9556,10444,9872390759195,PASS,1,0.000400205,0.000400205,0.0,0,1852786,,,,,,0,0,0,0,0.0,,,,,,,,1,spike_exact_commit_log
115_b12_doubling_run_lengths__c15_reverse_sequential.spike.txt,115_b12_doubling_run_lengths__c15_reverse_sequential.c,doubling_run_lengths,reverse_sequential,medium_L2,phase-changing/non-stationary,compulsory+streaming (prefetch-friendly),spike,16.1.0,riscv64,4096,20000,2654435769,2000,9556,10444,9254169380285,PASS,1,0.000360204,0.000360204,0.0,0,1769194,,,,,,0,0,0,0,0.0,,,,,,,,1,spike_exact_commit_log
116_b12_doubling_run_lengths__c16_block_sparse.spike.txt,116_b12_doubling_run_lengths__c16_block_sparse.c,doubling_run_lengths,block_sparse,large_L3,phase-changing/non-stationary,mixed spatial (traversal-order dependent),spike,16.1.0,riscv64,4096,20000,2654435769,2000,9556,10444,9748730442678,PASS,1,0.000450252,0.000450252,0.0,0,1958956,,,,,,0,0,0,0,0.0,,,,,,,,1,spike_exact_commit_log
117_b12_doubling_run_lengths__c17_zipf_like_hot_buckets.spike.txt,117_b12_doubling_run_lengths__c17_zipf_like_hot_buckets.c,doubling_run_lengths,zipf_like_hot_buckets,xlarge_DRAM,phase-changing/non-stationary,temporal reuse (skewed/hot-set),spike,16.1.0,riscv64,4096,20000,2654435769,2000,9556,10444,9052780779293,PASS,1,0.000488371,0.000488371,0.0,0,2084723,,,,,,0,0,0,0,0.0,,,,,,,,1,spike_exact_commit_log
118_b12_doubling_run_lengths__c18_producer_consumer_two_pointer.spike.txt,118_b12_doubling_run_lengths__c18_producer_consumer_two_pointer.c,doubling_run_lengths,producer_consumer_two_pointer,small_L1,phase-changing/non-stationary,mixed/unclassified,spike,16.1.0,riscv64,4096,20000,2654435769,2000,9556,10444,9193639955616,PASS,1,0.000530204,0.000530204,0.0,0,2138668,,,,,,0,0,0,0,0.0,,,,,,,,1,spike_exact_commit_log
119_b12_doubling_run_lengths__c19_matrix_diagonal_wavefront.spike.txt,119_b12_doubling_run_lengths__c19_matrix_diagonal_wavefront.c,doubling_run_lengths,matrix_diagonal_wavefront,medium_L2,phase-changing/non-stationary,mixed spatial (traversal-order dependent),spike,16.1.0,riscv64,4096,20000,2654435769,2000,9556,10444,9399510395090,PASS,1,0.000624271,0.000624271,0.0,0,2383325,,,,,,0,0,0,0,0.0,,,,,,,,1,spike_exact_commit_log
120_b12_doubling_run_lengths__c20_hot_cold_phase_alternation.spike.txt,120_b12_doubling_run_lengths__c20_hot_cold_phase_alternation.c,doubling_run_lengths,hot_cold_phase_alternation,large_L3,phase-changing/non-stationary,temporal reuse (skewed/hot-set),spike,16.1.0,riscv64,4096,20000,2654435769,2000,9556,10444,9007013585433,PASS,1,0.000480246,0.000480246,0.0,0,2005396,,,,,,0,0,0,0,0.0,,,,,,,,1,spike_exact_commit_log
121_b13_single_phase_change__c11_sliding_window.spike.txt,121_b13_single_phase_change__c11_sliding_window.c,single_phase_change,sliding_window,large_L3,static/trivial,mixed/unclassified,spike,16.1.0,riscv64,4096,20000,2654435769,2000,10000,10000,10647728820168,PASS,1,0.000370012,0.000370012,0.0,0,1771571,,,,,,0,0,0,0,0.0,,,,,,,,1,spike_exact_commit_log
122_b13_single_phase_change__c12_prime_stride_anti_alias.spike.txt,122_b13_single_phase_change__c12_prime_stride_anti_alias.c,single_phase_change,prime_stride_anti_alias,xlarge_DRAM,static/trivial,compulsory+streaming (prefetch-friendly),spike,16.1.0,riscv64,4096,20000,2654435769,2000,10000,10000,10734817338520,PASS,1,0.000310012,0.000310012,0.0,0,1639617,,,,,,0,0,0,0,0.0,,,,,,,,1,spike_exact_commit_log
123_b13_single_phase_change__c13_two_stream_interleaved.spike.txt,123_b13_single_phase_change__c13_two_stream_interleaved.c,single_phase_change,two_stream_interleaved,small_L1,static/trivial,mixed/unclassified,spike,16.1.0,riscv64,4096,20000,2654435769,2000,10000,10000,10755128334584,PASS,1,0.000370011,0.000370011,0.0,0,1771705,,,,,,0,0,0,0,0.0,,,,,,,,1,spike_exact_commit_log
124_b13_single_phase_change__c14_temporal_burst_reuse.spike.txt,124_b13_single_phase_change__c14_temporal_burst_reuse.c,single_phase_change,temporal_burst_reuse,medium_L2,static/trivial,mixed/unclassified,spike,16.1.0,riscv64,4096,20000,2654435769,2000,10000,10000,10134485670356,PASS,1,0.000330012,0.000330012,0.0,0,1687893,,,,,,0,0,0,0,0.0,,,,,,,,1,spike_exact_commit_log
125_b13_single_phase_change__c15_reverse_sequential.spike.txt,125_b13_single_phase_change__c15_reverse_sequential.c,single_phase_change,reverse_sequential,large_L3,static/trivial,compulsory+streaming (prefetch-friendly),spike,16.1.0,riscv64,4096,20000,2654435769,2000,10000,10000,10577186346392,PASS,1,0.000310011,0.000310011,0.0,0,1643399,,,,,,0,0,0,0,0.0,,,,,,,,1,spike_exact_commit_log
126_b13_single_phase_change__c16_block_sparse.spike.txt,126_b13_single_phase_change__c16_block_sparse.c,single_phase_change,block_sparse,xlarge_DRAM,static/trivial,mixed spatial (traversal-order dependent),spike,16.1.0,riscv64,4096,20000,2654435769,2000,10000,10000,11223532971864,PASS,1,0.000380059,0.000380059,0.0,0,1794037,,,,,,0,0,0,0,0.0,,,,,,,,1,spike_exact_commit_log
127_b13_single_phase_change__c17_zipf_like_hot_buckets.spike.txt,127_b13_single_phase_change__c17_zipf_like_hot_buckets.c,single_phase_change,zipf_like_hot_buckets,small_L1,static/trivial,temporal reuse (skewed/hot-set),spike,16.1.0,riscv64,4096,20000,2654435769,2000,10000,10000,10438979128999,PASS,1,0.000418142,0.000418142,0.0,0,1890666,,,,,,0,0,0,0,0.0,,,,,,,,1,spike_exact_commit_log
128_b13_single_phase_change__c18_producer_consumer_two_pointer.spike.txt,128_b13_single_phase_change__c18_producer_consumer_two_pointer.c,single_phase_change,producer_consumer_two_pointer,medium_L2,static/trivial,mixed/unclassified,spike,16.1.0,riscv64,4096,20000,2654435769,2000,10000,10000,10598520333208,PASS,1,0.000460011,0.000460011,0.0,0,1976354,,,,,,0,0,0,0,0.0,,,,,,,,1,spike_exact_commit_log
129_b13_single_phase_change__c19_matrix_diagonal_wavefront.spike.txt,129_b13_single_phase_change__c19_matrix_diagonal_wavefront.c,single_phase_change,matrix_diagonal_wavefront,large_L3,static/trivial,mixed spatial (traversal-order dependent),spike,16.1.0,riscv64,4096,20000,2654435769,2000,10000,10000,10567905071143,PASS,1,0.000554044,0.000554044,0.0,0,2189784,,,,,,0,0,0,0,0.0,,,,,,,,1,spike_exact_commit_log
130_b13_single_phase_change__c20_hot_cold_phase_alternation.spike.txt,130_b13_single_phase_change__c20_hot_cold_phase_alternation.c,single_phase_change,hot_cold_phase_alternation,xlarge_DRAM,static/trivial,temporal reuse (skewed/hot-set),spike,16.1.0,riscv64,4096,20000,2654435769,2000,10000,10000,10698802218954,PASS,1,0.000390019,0.000390019,0.0,0,1799601,,,,,,0,0,0,0,0.0,,,,,,,,1,spike_exact_commit_log
131_b14_four_way_skewed__c11_sliding_window.spike.txt,131_b14_four_way_skewed__c11_sliding_window.c,four_way_skewed,sliding_window,xlarge_DRAM,value-dependent,mixed/unclassified,spike,16.1.0,riscv64,4096,20000,2654435769,2000,15992,4008,29720377325161,PASS,1,0.000451997,0.000451997,0.0,0,1954245,,,,,,0,0,0,0,0.0,,,,,,,,1,spike_exact_commit_log
132_b14_four_way_skewed__c12_prime_stride_anti_alias.spike.txt,132_b14_four_way_skewed__c12_prime_stride_anti_alias.c,four_way_skewed,prime_stride_anti_alias,small_L1,value-dependent,compulsory+streaming (prefetch-friendly),spike,16.1.0,riscv64,4096,20000,2654435769,2000,15895,4105,29803655743841,PASS,1,0.000371801,0.000371801,0.0,0,1781939,,,,,,0,0,0,0,0.0,,,,,,,,1,spike_exact_commit_log
133_b14_four_way_skewed__c13_two_stream_interleaved.spike.txt,133_b14_four_way_skewed__c13_two_stream_interleaved.c,four_way_skewed,two_stream_interleaved,medium_L2,value-dependent,mixed/unclassified,spike,16.1.0,riscv64,4096,20000,2654435769,2000,15929,4071,29863483055836,PASS,1,0.00045187,0.00045187,0.0,0,1953375,,,,,,0,0,0,0,0.0,,,,,,,,1,spike_exact_commit_log
134_b14_four_way_skewed__c14_temporal_burst_reuse.spike.txt,134_b14_four_way_skewed__c14_temporal_burst_reuse.c,four_way_skewed,temporal_burst_reuse,large_L3,value-dependent,mixed/unclassified,spike,16.1.0,riscv64,4096,20000,2654435769,2000,15971,4029,29929137021676,PASS,1,0.000411955,0.000411955,0.0,0,1870381,,,,,,0,0,0,0,0.0,,,,,,,,1,spike_exact_commit_log
135_b14_four_way_skewed__c15_reverse_sequential.spike.txt,135_b14_four_way_skewed__c15_reverse_sequential.c,four_way_skewed,reverse_sequential,xlarge_DRAM,value-dependent,compulsory+streaming (prefetch-friendly),spike,16.1.0,riscv64,4096,20000,2654435769,2000,15861,4139,29622701749376,PASS,1,0.000371733,0.000371733,0.0,0,1786139,,,,,,0,0,0,0,0.0,,,,,,,,1,spike_exact_commit_log
136_b14_four_way_skewed__c16_block_sparse.spike.txt,136_b14_four_way_skewed__c16_block_sparse.c,four_way_skewed,block_sparse,small_L1,value-dependent,mixed spatial (traversal-order dependent),spike,16.1.0,riscv64,4096,20000,2654435769,2000,15945,4055,31175762671221,PASS,1,0.00046195,0.00046195,0.0,0,1975425,,,,,,0,0,0,0,0.0,,,,,,,,1,spike_exact_commit_log
137_b14_four_way_skewed__c17_zipf_like_hot_buckets.spike.txt,137_b14_four_way_skewed__c17_zipf_like_hot_buckets.c,four_way_skewed,zipf_like_hot_buckets,medium_L2,value-dependent,temporal reuse (skewed/hot-set),spike,16.1.0,riscv64,4096,20000,2654435769,2000,16110,3890,29279888087824,PASS,1,0.00050036,0.00050036,0.0,0,2073054,,,,,,0,0,0,0,0.0,,,,,,,,1,spike_exact_commit_log
138_b14_four_way_skewed__c18_producer_consumer_two_pointer.spike.txt,138_b14_four_way_skewed__c18_producer_consumer_two_pointer.c,four_way_skewed,producer_consumer_two_pointer,large_L3,value-dependent,mixed/unclassified,spike,16.1.0,riscv64,4096,20000,2654435769,2000,15946,4054,29793147660500,PASS,1,0.000541904,0.000541904,0.0,0,2155571,,,,,,0,0,0,0,0.0,,,,,,,,1,spike_exact_commit_log
139_b14_four_way_skewed__c19_matrix_diagonal_wavefront.spike.txt,139_b14_four_way_skewed__c19_matrix_diagonal_wavefront.c,four_way_skewed,matrix_diagonal_wavefront,xlarge_DRAM,value-dependent,mixed spatial (traversal-order dependent),spike,16.1.0,riscv64,4096,20000,2654435769,2000,15913,4087,29565480593724,PASS,1,0.00063587,0.00063587,0.0,0,2408837,,,,,,0,0,0,0,0.0,,,,,,,,1,spike_exact_commit_log
140_b14_four_way_skewed__c20_hot_cold_phase_alternation.spike.txt,140_b14_four_way_skewed__c20_hot_cold_phase_alternation.c,four_way_skewed,hot_cold_phase_alternation,small_L1,value-dependent,temporal reuse (skewed/hot-set),spike,16.1.0,riscv64,4096,20000,2654435769,2000,15977,4023,29900198441131,PASS,1,0.000471974,0.000471974,0.0,0,1981995,,,,,,0,0,0,0,0.0,,,,,,,,1,spike_exact_commit_log
141_b15_manual_unroll4_sparse__c11_sliding_window.spike.txt,141_b15_manual_unroll4_sparse__c11_sliding_window.c,manual_unroll4_sparse,sliding_window,small_L1,mixed/other,mixed/unclassified,spike,16.1.0,riscv64,4096,20000,2654435769,2000,10000,10000,10579175862936,PASS,1,0.000400011,0.000400011,0.0,0,1838821,,,,,,0,0,0,0,0.0,,,,,,,,1,spike_exact_commit_log
142_b15_manual_unroll4_sparse__c12_prime_stride_anti_alias.spike.txt,142_b15_manual_unroll4_sparse__c12_prime_stride_anti_alias.c,manual_unroll4_sparse,prime_stride_anti_alias,medium_L2,mixed/other,compulsory+streaming (prefetch-friendly),spike,16.1.0,riscv64,4096,20000,2654435769,2000,10000,10000,10695113665276,PASS,1,0.000340011,0.000340011,0.0,0,1712127,,,,,,0,0,0,0,0.0,,,,,,,,1,spike_exact_commit_log
143_b15_manual_unroll4_sparse__c13_two_stream_interleaved.spike.txt,143_b15_manual_unroll4_sparse__c13_two_stream_interleaved.c,manual_unroll4_sparse,two_stream_interleaved,large_L3,mixed/other,mixed/unclassified,spike,16.1.0,riscv64,4096,20000,2654435769,2000,10000,10000,10866938895332,PASS,1,0.00040001,0.00040001,0.0,0,1838669,,,,,,0,0,0,0,0.0,,,,,,,,1,spike_exact_commit_log
144_b15_manual_unroll4_sparse__c14_temporal_burst_reuse.spike.txt,144_b15_manual_unroll4_sparse__c14_temporal_burst_reuse.c,manual_unroll4_sparse,temporal_burst_reuse,xlarge_DRAM,mixed/other,mixed/unclassified,spike,16.1.0,riscv64,4096,20000,2654435769,2000,10000,10000,10683966436700,PASS,1,0.000360011,0.000360011,0.0,0,1755033,,,,,,0,0,0,0,0.0,,,,,,,,1,spike_exact_commit_log
145_b15_manual_unroll4_sparse__c15_reverse_sequential.spike.txt,145_b15_manual_unroll4_sparse__c15_reverse_sequential.c,manual_unroll4_sparse,reverse_sequential,small_L1,mixed/other,compulsory+streaming (prefetch-friendly),spike,16.1.0,riscv64,4096,20000,2654435769,2000,10000,10000,10671157745180,PASS,1,0.00034001,0.00034001,0.0,0,1711539,,,,,,0,0,0,0,0.0,,,,,,,,1,spike_exact_commit_log
146_b15_manual_unroll4_sparse__c16_block_sparse.spike.txt,146_b15_manual_unroll4_sparse__c16_block_sparse.c,manual_unroll4_sparse,block_sparse,medium_L2,mixed/other,mixed spatial (traversal-order dependent),spike,16.1.0,riscv64,4096,20000,2654435769,2000,10000,10000,8947111106964,PASS,1,0.000410058,0.000410058,0.0,0,1861433,,,,,,0,0,0,0,0.0,,,,,,,,1,spike_exact_commit_log
147_b15_manual_unroll4_sparse__c17_zipf_like_hot_buckets.spike.txt,147_b15_manual_unroll4_sparse__c17_zipf_like_hot_buckets.c,manual_unroll4_sparse,zipf_like_hot_buckets,large_L3,mixed/other,temporal reuse (skewed/hot-set),spike,16.1.0,riscv64,4096,20000,2654435769,2000,10000,10000,11203701697501,PASS,1,0.000448142,0.000448142,0.0,0,1958486,,,,,,0,0,0,0,0.0,,,,,,,,1,spike_exact_commit_log
148_b15_manual_unroll4_sparse__c18_producer_consumer_two_pointer.spike.txt,148_b15_manual_unroll4_sparse__c18_producer_consumer_two_pointer.c,manual_unroll4_sparse,producer_consumer_two_pointer,xlarge_DRAM,mixed/other,mixed/unclassified,spike,16.1.0,riscv64,4096,20000,2654435769,2000,10000,10000,10311801976252,PASS,1,0.00049001,0.00049001,0.0,0,2040493,,,,,,0,0,0,0,0.0,,,,,,,,1,spike_exact_commit_log
149_b15_manual_unroll4_sparse__c19_matrix_diagonal_wavefront.spike.txt,149_b15_manual_unroll4_sparse__c19_matrix_diagonal_wavefront.c,manual_unroll4_sparse,matrix_diagonal_wavefront,small_L1,mixed/other,mixed spatial (traversal-order dependent),spike,16.1.0,riscv64,4096,20000,2654435769,2000,10000,10000,10812547581647,PASS,1,0.000584043,0.000584043,0.0,0,2295413,,,,,,0,0,0,0,0.0,,,,,,,,1,spike_exact_commit_log
150_b15_manual_unroll4_sparse__c20_hot_cold_phase_alternation.spike.txt,150_b15_manual_unroll4_sparse__c20_hot_cold_phase_alternation.c,manual_unroll4_sparse,hot_cold_phase_alternation,medium_L2,mixed/other,temporal reuse (skewed/hot-set),spike,16.1.0,riscv64,4096,20000,2654435769,2000,10000,10000,10479934612253,PASS,1,0.000420018,0.000420018,0.0,0,1868277,,,,,,0,0,0,0,0.0,,,,,,,,1,spike_exact_commit_log
151_b16_sentinel_search_loop__c11_sliding_window.spike.txt,151_b16_sentinel_search_loop__c11_sliding_window.c,sentinel_search_loop,sliding_window,medium_L2,value-dependent,mixed/unclassified,spike,16.1.0,riscv64,4096,20000,2654435769,2000,19792,208,41720763680177,PASS,1,0.000400012,0.000400012,0.0,0,1838693,,,,,,0,0,0,0,0.0,,,,,,,,1,spike_exact_commit_log
152_b16_sentinel_search_loop__c12_prime_stride_anti_alias.spike.txt,152_b16_sentinel_search_loop__c12_prime_stride_anti_alias.c,sentinel_search_loop,prime_stride_anti_alias,large_L3,value-dependent,compulsory+streaming (prefetch-friendly),spike,16.1.0,riscv64,4096,20000,2654435769,2000,19801,199,42128689116965,PASS,1,0.00032001,0.00032001,0.0,0,1667111,,,,,,0,0,0,0,0.0,,,,,,,,1,spike_exact_commit_log
153_b16_sentinel_search_loop__c13_two_stream_interleaved.spike.txt,153_b16_sentinel_search_loop__c13_two_stream_interleaved.c,sentinel_search_loop,two_stream_interleaved,xlarge_DRAM,value-dependent,mixed/unclassified,spike,16.1.0,riscv64,4096,20000,2654435769,2000,19807,193,42151577638455,PASS,1,0.000400011,0.000400011,0.0,0,1839173,,,,,,0,0,0,0,0.0,,,,,,,,1,spike_exact_commit_log
154_b16_sentinel_search_loop__c14_temporal_burst_reuse.spike.txt,154_b16_sentinel_search_loop__c14_temporal_burst_reuse.c,sentinel_search_loop,temporal_burst_reuse,small_L1,value-dependent,mixed/unclassified,spike,16.1.0,riscv64,4096,20000,2654435769,2000,19791,209,42036949391506,PASS,1,0.000360012,0.000360012,0.0,0,1755299,,,,,,0,0,0,0,0.0,,,,,,,,1,spike_exact_commit_log
155_b16_sentinel_search_loop__c15_reverse_sequential.spike.txt,155_b16_sentinel_search_loop__c15_reverse_sequential.c,sentinel_search_loop,reverse_sequential,medium_L2,value-dependent,compulsory+streaming (prefetch-friendly),spike,16.1.0,riscv64,4096,20000,2654435769,2000,19804,196,42097189284899,PASS,1,0.00032001,0.00032001,0.0,0,1670905,,,,,,0,0,0,0,0.0,,,,,,,,1,spike_exact_commit_log
156_b16_sentinel_search_loop__c16_block_sparse.spike.txt,156_b16_sentinel_search_loop__c16_block_sparse.c,sentinel_search_loop,block_sparse,large_L3,value-dependent,mixed spatial (traversal-order dependent),spike,16.1.0,riscv64,4096,20000,2654435769,2000,19798,202,44150583561645,PASS,1,0.000410059,0.000410059,0.0,0,1861745,,,,,,0,0,0,0,0.0,,,,,,,,1,spike_exact_commit_log
157_b16_sentinel_search_loop__c17_zipf_like_hot_buckets.spike.txt,157_b16_sentinel_search_loop__c17_zipf_like_hot_buckets.c,sentinel_search_loop,zipf_like_hot_buckets,xlarge_DRAM,value-dependent,temporal reuse (skewed/hot-set),spike,16.1.0,riscv64,4096,20000,2654435769,2000,19795,205,40690109517288,PASS,1,0.00044814,0.00044814,0.0,0,1959014,,,,,,0,0,0,0,0.0,,,,,,,,1,spike_exact_commit_log
158_b16_sentinel_search_loop__c18_producer_consumer_two_pointer.spike.txt,158_b16_sentinel_search_loop__c18_producer_consumer_two_pointer.c,sentinel_search_loop,producer_consumer_two_pointer,small_L1,value-dependent,mixed/unclassified,spike,16.1.0,riscv64,4096,20000,2654435769,2000,19808,192,42081913478176,PASS,1,0.000490011,0.000490011,0.0,0,2040809,,,,,,0,0,0,0,0.0,,,,,,,,1,spike_exact_commit_log
159_b16_sentinel_search_loop__c19_matrix_diagonal_wavefront.spike.txt,159_b16_sentinel_search_loop__c19_matrix_diagonal_wavefront.c,sentinel_search_loop,matrix_diagonal_wavefront,medium_L2,value-dependent,mixed spatial (traversal-order dependent),spike,16.1.0,riscv64,4096,20000,2654435769,2000,19792,208,41894641708733,PASS,1,0.000584044,0.000584044,0.0,0,2295117,,,,,,0,0,0,0,0.0,,,,,,,,1,spike_exact_commit_log
160_b16_sentinel_search_loop__c20_hot_cold_phase_alternation.spike.txt,160_b16_sentinel_search_loop__c20_hot_cold_phase_alternation.c,sentinel_search_loop,hot_cold_phase_alternation,large_L3,value-dependent,temporal reuse (skewed/hot-set),spike,16.1.0,riscv64,4096,20000,2654435769,2000,19783,217,42023994078512,PASS,1,0.000420019,0.000420019,0.0,0,1868199,,,,,,0,0,0,0,0.0,,,,,,,,1,spike_exact_commit_log
161_b17_correlated_two_branch_xor__c11_sliding_window.spike.txt,161_b17_correlated_two_branch_xor__c11_sliding_window.c,correlated_two_branch_xor,sliding_window,large_L3,history-correlated,mixed/unclassified,spike,16.1.0,riscv64,4096,20000,2654435769,2000,10000,10000,10631519813396,PASS,1,0.000440012,0.000440012,0.0,0,1927357,,,,,,0,0,0,0,0.0,,,,,,,,1,spike_exact_commit_log
162_b17_correlated_two_branch_xor__c12_prime_stride_anti_alias.spike.txt,162_b17_correlated_two_branch_xor__c12_prime_stride_anti_alias.c,correlated_two_branch_xor,prime_stride_anti_alias,xlarge_DRAM,history-correlated,compulsory+streaming (prefetch-friendly),spike,16.1.0,riscv64,4096,20000,2654435769,2000,10000,10000,10641354809405,PASS,1,0.000380012,0.000380012,0.0,0,1799859,,,,,,0,0,0,0,0.0,,,,,,,,1,spike_exact_commit_log
163_b17_correlated_two_branch_xor__c13_two_stream_interleaved.spike.txt,163_b17_correlated_two_branch_xor__c13_two_stream_interleaved.c,correlated_two_branch_xor,two_stream_interleaved,small_L1,history-correlated,mixed/unclassified,spike,16.1.0,riscv64,4096,20000,2654435769,2000,10000,10000,10830540305683,PASS,1,0.000420011,0.000420011,0.0,0,1884021,,,,,,0,0,0,0,0.0,,,,,,,,1,spike_exact_commit_log
164_b17_correlated_two_branch_xor__c14_temporal_burst_reuse.spike.txt,164_b17_correlated_two_branch_xor__c14_temporal_burst_reuse.c,correlated_two_branch_xor,temporal_burst_reuse,medium_L2,history-correlated,mixed/unclassified,spike,16.1.0,riscv64,4096,20000,2654435769,2000,10000,10000,10756755235022,PASS,1,0.000400012,0.000400012,0.0,0,1843261,,,,,,0,0,0,0,0.0,,,,,,,,1,spike_exact_commit_log
165_b17_correlated_two_branch_xor__c15_reverse_sequential.spike.txt,165_b17_correlated_two_branch_xor__c15_reverse_sequential.c,correlated_two_branch_xor,reverse_sequential,large_L3,history-correlated,compulsory+streaming (prefetch-friendly),spike,16.1.0,riscv64,4096,20000,2654435769,2000,10000,10000,10706774138008,PASS,1,0.000380011,0.000380011,0.0,0,1800079,,,,,,0,0,0,0,0.0,,,,,,,,1,spike_exact_commit_log
166_b17_correlated_two_branch_xor__c16_block_sparse.spike.txt,166_b17_correlated_two_branch_xor__c16_block_sparse.c,correlated_two_branch_xor,block_sparse,xlarge_DRAM,history-correlated,mixed spatial (traversal-order dependent),spike,16.1.0,riscv64,4096,20000,2654435769,2000,10000,10000,11212863506989,PASS,1,0.000450059,0.000450059,0.0,0,1949673,,,,,,0,0,0,0,0.0,,,,,,,,1,spike_exact_commit_log
167_b17_correlated_two_branch_xor__c17_zipf_like_hot_buckets.spike.txt,167_b17_correlated_two_branch_xor__c17_zipf_like_hot_buckets.c,correlated_two_branch_xor,zipf_like_hot_buckets,small_L1,history-correlated,temporal reuse (skewed/hot-set),spike,16.1.0,riscv64,4096,20000,2654435769,2000,10000,10000,10717681087580,PASS,1,0.000488143,0.000488143,0.0,0,2046760,,,,,,0,0,0,0,0.0,,,,,,,,1,spike_exact_commit_log
168_b17_correlated_two_branch_xor__c18_producer_consumer_two_pointer.spike.txt,168_b17_correlated_two_branch_xor__c18_producer_consumer_two_pointer.c,correlated_two_branch_xor,producer_consumer_two_pointer,medium_L2,history-correlated,mixed/unclassified,spike,16.1.0,riscv64,4096,20000,2654435769,2000,10000,10000,10743344515704,PASS,1,0.000510011,0.000510011,0.0,0,2093888,,,,,,0,0,0,0,0.0,,,,,,,,1,spike_exact_commit_log
169_b17_correlated_two_branch_xor__c19_matrix_diagonal_wavefront.spike.txt,169_b17_correlated_two_branch_xor__c19_matrix_diagonal_wavefront.c,correlated_two_branch_xor,matrix_diagonal_wavefront,large_L3,history-correlated,mixed spatial (traversal-order dependent),spike,16.1.0,riscv64,4096,20000,2654435769,2000,10000,10000,10507209503607,PASS,1,0.000624043,0.000624043,0.0,0,2382501,,,,,,0,0,0,0,0.0,,,,,,,,1,spike_exact_commit_log
170_b17_correlated_two_branch_xor__c20_hot_cold_phase_alternation.spike.txt,170_b17_correlated_two_branch_xor__c20_hot_cold_phase_alternation.c,correlated_two_branch_xor,hot_cold_phase_alternation,xlarge_DRAM,history-correlated,temporal reuse (skewed/hot-set),spike,16.1.0,riscv64,4096,20000,2654435769,2000,10000,10000,10599905516520,PASS,1,0.000460019,0.000460019,0.0,0,1964928,,,,,,0,0,0,0,0.0,,,,,,,,1,spike_exact_commit_log
171_b18_indirect_fn_dispatch__c11_sliding_window.spike.txt,171_b18_indirect_fn_dispatch__c11_sliding_window.c,indirect_fn_dispatch,sliding_window,xlarge_DRAM,control-flow/call-return,mixed/unclassified,spike,16.1.0,riscv64,4096,20000,2654435769,2000,10019,9981,10672927041217,PASS,1,0.000700007,0.000700007,0.0,0,2503614,,,,,,0,0,0,0,0.0,,,,,,,,1,spike_exact_commit_log
172_b18_indirect_fn_dispatch__c12_prime_stride_anti_alias.spike.txt,172_b18_indirect_fn_dispatch__c12_prime_stride_anti_alias.c,indirect_fn_dispatch,prime_stride_anti_alias,small_L1,control-flow/call-return,compulsory+streaming (prefetch-friendly),spike,16.1.0,riscv64,4096,20000,2654435769,2000,10008,9992,10844669999759,PASS,1,0.000640007,0.000640007,0.0,0,2376510,,,,,,0,0,0,0,0.0,,,,,,,,1,spike_exact_commit_log
173_b18_indirect_fn_dispatch__c13_two_stream_interleaved.spike.txt,173_b18_indirect_fn_dispatch__c13_two_stream_interleaved.c,indirect_fn_dispatch,two_stream_interleaved,medium_L2,control-flow/call-return,mixed/unclassified,spike,16.1.0,riscv64,4096,20000,2654435769,2000,9952,10048,10305708571006,PASS,1,0.000680007,0.000680007,0.0,0,2460442,,,,,,0,0,0,0,0.0,,,,,,,,1,spike_exact_commit_log
174_b18_indirect_fn_dispatch__c14_temporal_burst_reuse.spike.txt,174_b18_indirect_fn_dispatch__c14_temporal_burst_reuse.c,indirect_fn_dispatch,temporal_burst_reuse,large_L3,control-flow/call-return,mixed/unclassified,spike,16.1.0,riscv64,4096,20000,2654435769,2000,10060,9940,10708486395429,PASS,1,0.000660007,0.000660007,0.0,0,2420188,,,,,,0,0,0,0,0.0,,,,,,,,1,spike_exact_commit_log
175_b18_indirect_fn_dispatch__c15_reverse_sequential.spike.txt,175_b18_indirect_fn_dispatch__c15_reverse_sequential.c,indirect_fn_dispatch,reverse_sequential,xlarge_DRAM,control-flow/call-return,compulsory+streaming (prefetch-friendly),spike,16.1.0,riscv64,4096,20000,2654435769,2000,9900,10100,10487343853857,PASS,1,0.000640007,0.000640007,0.0,0,2372362,,,,,,0,0,0,0,0.0,,,,,,,,1,spike_exact_commit_log
176_b18_indirect_fn_dispatch__c16_block_sparse.spike.txt,176_b18_indirect_fn_dispatch__c16_block_sparse.c,indirect_fn_dispatch,block_sparse,small_L1,control-flow/call-return,mixed spatial (traversal-order dependent),spike,16.1.0,riscv64,4096,20000,2654435769,2000,9841,10159,9377891007755,PASS,1,0.000710055,0.000710055,0.0,0,2526510,,,,,,0,0,0,0,0.0,,,,,,,,1,spike_exact_commit_log
177_b18_indirect_fn_dispatch__c17_zipf_like_hot_buckets.spike.txt,177_b18_indirect_fn_dispatch__c17_zipf_like_hot_buckets.c,indirect_fn_dispatch,zipf_like_hot_buckets,medium_L2,control-flow/call-return,temporal reuse (skewed/hot-set),spike,16.1.0,riscv64,4096,20000,2654435769,2000,4993,15007,18446739618147473525,PASS,1,0.000888137,0.000888137,0.0,0,2960139,,,,,,0,0,0,0,0.0,,,,,,,,1,spike_exact_commit_log
178_b18_indirect_fn_dispatch__c18_producer_consumer_two_pointer.spike.txt,178_b18_indirect_fn_dispatch__c18_producer_consumer_two_pointer.c,indirect_fn_dispatch,producer_consumer_two_pointer,large_L3,control-flow/call-return,mixed/unclassified,spike,16.1.0,riscv64,4096,20000,2654435769,2000,10057,9943,10887233433274,PASS,1,0.000850007,0.000850007,0.0,0,2838030,,,,,,0,0,0,0,0.0,,,,,,,,1,spike_exact_commit_log
179_b18_indirect_fn_dispatch__c19_matrix_diagonal_wavefront.spike.txt,179_b18_indirect_fn_dispatch__c19_matrix_diagonal_wavefront.c,indirect_fn_dispatch,matrix_diagonal_wavefront,xlarge_DRAM,control-flow/call-return,mixed spatial (traversal-order dependent),spike,16.1.0,riscv64,4096,20000,2654435769,2000,9868,10132,10309029474615,PASS,1,0.00096404,0.00096404,0.0,0,3126699,,,,,,0,0,0,0,0.0,,,,,,,,1,spike_exact_commit_log
180_b18_indirect_fn_dispatch__c20_hot_cold_phase_alternation.spike.txt,180_b18_indirect_fn_dispatch__c20_hot_cold_phase_alternation.c,indirect_fn_dispatch,hot_cold_phase_alternation,small_L1,control-flow/call-return,temporal reuse (skewed/hot-set),spike,16.1.0,riscv64,4096,20000,2654435769,2000,10720,9280,12768269915097,PASS,1,0.000790009,0.000790009,0.0,0,2668512,,,,,,0,0,0,0,0.0,,,,,,,,1,spike_exact_commit_log
181_b19_data_dependent_break_trip__c11_sliding_window.spike.txt,181_b19_data_dependent_break_trip__c11_sliding_window.c,data_dependent_break_trip,sliding_window,small_L1,mixed/other,mixed/unclassified,spike,16.1.0,riscv64,4096,20000,2654435769,2000,11888,8112,16927927976811,PASS,1,0.000440012,0.000440012,0.0,0,1927193,,,,,,0,0,0,0,0.0,,,,,,,,1,spike_exact_commit_log
182_b19_data_dependent_break_trip__c12_prime_stride_anti_alias.spike.txt,182_b19_data_dependent_break_trip__c12_prime_stride_anti_alias.c,data_dependent_break_trip,prime_stride_anti_alias,medium_L2,mixed/other,compulsory+streaming (prefetch-friendly),spike,16.1.0,riscv64,4096,20000,2654435769,2000,11861,8139,16811027718739,PASS,1,0.000380012,0.000380012,0.0,0,1799715,,,,,,0,0,0,0,0.0,,,,,,,,1,spike_exact_commit_log
183_b19_data_dependent_break_trip__c13_two_stream_interleaved.spike.txt,183_b19_data_dependent_break_trip__c13_two_stream_interleaved.c,data_dependent_break_trip,two_stream_interleaved,large_L3,mixed/other,mixed/unclassified,spike,16.1.0,riscv64,4096,20000,2654435769,2000,11700,8300,16277431879255,PASS,1,0.000440011,0.000440011,0.0,0,1927193,,,,,,0,0,0,0,0.0,,,,,,,,1,spike_exact_commit_log
184_b19_data_dependent_break_trip__c14_temporal_burst_reuse.spike.txt,184_b19_data_dependent_break_trip__c14_temporal_burst_reuse.c,data_dependent_break_trip,temporal_burst_reuse,xlarge_DRAM,mixed/other,mixed/unclassified,spike,16.1.0,riscv64,4096,20000,2654435769,2000,11952,8048,16858733771278,PASS,1,0.000400012,0.000400012,0.0,0,1843141,,,,,,0,0,0,0,0.0,,,,,,,,1,spike_exact_commit_log
185_b19_data_dependent_break_trip__c15_reverse_sequential.spike.txt,185_b19_data_dependent_break_trip__c15_reverse_sequential.c,data_dependent_break_trip,reverse_sequential,small_L1,mixed/other,compulsory+streaming (prefetch-friendly),spike,16.1.0,riscv64,4096,20000,2654435769,2000,12074,7926,17517658181054,PASS,1,0.000400011,0.000400011,0.0,0,1839335,,,,,,0,0,0,0,0.0,,,,,,,,1,spike_exact_commit_log
186_b19_data_dependent_break_trip__c16_block_sparse.spike.txt,186_b19_data_dependent_break_trip__c16_block_sparse.c,data_dependent_break_trip,block_sparse,medium_L2,mixed/other,mixed spatial (traversal-order dependent),spike,16.1.0,riscv64,4096,20000,2654435769,2000,11830,8170,17463169749691,PASS,1,0.000470059,0.000470059,0.0,0,1994083,,,,,,0,0,0,0,0.0,,,,,,,,1,spike_exact_commit_log
187_b19_data_dependent_break_trip__c17_zipf_like_hot_buckets.spike.txt,187_b19_data_dependent_break_trip__c17_zipf_like_hot_buckets.c,data_dependent_break_trip,zipf_like_hot_buckets,large_L3,mixed/other,temporal reuse (skewed/hot-set),spike,16.1.0,riscv64,4096,20000,2654435769,2000,11838,8162,15889498764118,PASS,1,0.000488143,0.000488143,0.0,0,2046596,,,,,,0,0,0,0,0.0,,,,,,,,1,spike_exact_commit_log
188_b19_data_dependent_break_trip__c18_producer_consumer_two_pointer.spike.txt,188_b19_data_dependent_break_trip__c18_producer_consumer_two_pointer.c,data_dependent_break_trip,producer_consumer_two_pointer,xlarge_DRAM,mixed/other,mixed/unclassified,spike,16.1.0,riscv64,4096,20000,2654435769,2000,12037,7963,17386539069265,PASS,1,0.000530011,0.000530011,0.0,0,2137872,,,,,,0,0,0,0,0.0,,,,,,,,1,spike_exact_commit_log
189_b19_data_dependent_break_trip__c19_matrix_diagonal_wavefront.spike.txt,189_b19_data_dependent_break_trip__c19_matrix_diagonal_wavefront.c,data_dependent_break_trip,matrix_diagonal_wavefront,small_L1,mixed/other,mixed spatial (traversal-order dependent),spike,16.1.0,riscv64,4096,20000,2654435769,2000,11835,8165,16658425546618,PASS,1,0.000644044,0.000644044,0.0,0,2426587,,,,,,0,0,0,0,0.0,,,,,,,,1,spike_exact_commit_log
190_b19_data_dependent_break_trip__c20_hot_cold_phase_alternation.spike.txt,190_b19_data_dependent_break_trip__c20_hot_cold_phase_alternation.c,data_dependent_break_trip,hot_cold_phase_alternation,medium_L2,mixed/other,temporal reuse (skewed/hot-set),spike,16.1.0,riscv64,4096,20000,2654435769,2000,11651,8349,16021946701839,PASS,1,0.000460019,0.000460019,0.0,0,1964720,,,,,,0,0,0,0,0.0,,,,,,,,1,spike_exact_commit_log
191_b20_random_threshold_walk__c11_sliding_window.spike.txt,191_b20_random_threshold_walk__c11_sliding_window.c,random_threshold_walk,sliding_window,medium_L2,stochastic,mixed/unclassified,spike,16.1.0,riscv64,4096,20000,2654435769,2000,11262,8738,14751189229883,PASS,1,0.000520018,0.000520018,0.0,0,2111834,,,,,,0,0,0,0,0.0,,,,,,,,1,spike_exact_commit_log
192_b20_random_threshold_walk__c12_prime_stride_anti_alias.spike.txt,192_b20_random_threshold_walk__c12_prime_stride_anti_alias.c,random_threshold_walk,prime_stride_anti_alias,large_L3,stochastic,compulsory+streaming (prefetch-friendly),spike,16.1.0,riscv64,4096,20000,2654435769,2000,11262,8738,14574258145621,PASS,1,0.000440016,0.000440016,0.0,0,1941270,,,,,,0,0,0,0,0.0,,,,,,,,1,spike_exact_commit_log
193_b20_random_threshold_walk__c13_two_stream_interleaved.spike.txt,193_b20_random_threshold_walk__c13_two_stream_interleaved.c,random_threshold_walk,two_stream_interleaved,xlarge_DRAM,stochastic,mixed/unclassified,spike,16.1.0,riscv64,4096,20000,2654435769,2000,11262,8738,14435515164977,PASS,1,0.000520017,0.000520017,0.0,0,2112472,,,,,,0,0,0,0,0.0,,,,,,,,1,spike_exact_commit_log
194_b20_random_threshold_walk__c14_temporal_burst_reuse.spike.txt,194_b20_random_threshold_walk__c14_temporal_burst_reuse.c,random_threshold_walk,temporal_burst_reuse,small_L1,stochastic,mixed/unclassified,spike,16.1.0,riscv64,4096,20000,2654435769,2000,11262,8738,14700107204001,PASS,1,0.000480018,0.000480018,0.0,0,2028302,,,,,,0,0,0,0,0.0,,,,,,,,1,spike_exact_commit_log
195_b20_random_threshold_walk__c15_reverse_sequential.spike.txt,195_b20_random_threshold_walk__c15_reverse_sequential.c,random_threshold_walk,reverse_sequential,medium_L2,stochastic,compulsory+streaming (prefetch-friendly),spike,16.1.0,riscv64,4096,20000,2654435769,2000,11262,8738,15061620018850,PASS,1,0.000440016,0.000440016,0.0,0,1945054,,,,,,0,0,0,0,0.0,,,,,,,,1,spike_exact_commit_log
196_b20_random_threshold_walk__c16_block_sparse.spike.txt,196_b20_random_threshold_walk__c16_block_sparse.c,random_threshold_walk,block_sparse,large_L3,stochastic,mixed spatial (traversal-order dependent),spike,16.1.0,riscv64,4096,20000,2654435769,2000,11262,8738,14975045303995,PASS,1,0.000530064,0.000530064,0.0,0,2134390,,,,,,0,0,0,0,0.0,,,,,,,,1,spike_exact_commit_log
197_b20_random_threshold_walk__c17_zipf_like_hot_buckets.spike.txt,197_b20_random_threshold_walk__c17_zipf_like_hot_buckets.c,random_threshold_walk,zipf_like_hot_buckets,xlarge_DRAM,stochastic,temporal reuse (skewed/hot-set),spike,16.1.0,riscv64,4096,20000,2654435769,2000,11262,8738,13341409269154,PASS,1,0.000568141,0.000568141,0.0,0,2222534,,,,,,0,0,0,0,0.0,,,,,,,,1,spike_exact_commit_log
198_b20_random_threshold_walk__c18_producer_consumer_two_pointer.spike.txt,198_b20_random_threshold_walk__c18_producer_consumer_two_pointer.c,random_threshold_walk,producer_consumer_two_pointer,small_L1,stochastic,mixed/unclassified,spike,16.1.0,riscv64,4096,20000,2654435769,2000,11262,8738,14585016301843,PASS,1,0.000610016,0.000610016,0.0,0,2313782,,,,,,0,0,0,0,0.0,,,,,,,,1,spike_exact_commit_log
199_b20_random_threshold_walk__c19_matrix_diagonal_wavefront.spike.txt,199_b20_random_threshold_walk__c19_matrix_diagonal_wavefront.c,random_threshold_walk,matrix_diagonal_wavefront,medium_L2,stochastic,mixed spatial (traversal-order dependent),spike,16.1.0,riscv64,4096,20000,2654435769,2000,11262,8738,14504069678769,PASS,1,0.000704046,0.000704046,0.0,0,2558533,,,,,,0,0,0,0,0.0,,,,,,,,1,spike_exact_commit_log
200_b20_random_threshold_walk__c20_hot_cold_phase_alternation.spike.txt,200_b20_random_threshold_walk__c20_hot_cold_phase_alternation.c,random_threshold_walk,hot_cold_phase_alternation,large_L3,stochastic,temporal reuse (skewed/hot-set),spike,16.1.0,riscv64,4096,20000,2654435769,2000,11262,8738,15225822502241,PASS,1,0.00054002,0.00054002,0.0,0,2140676,,,,,,0,0,0,0,0.0,,,,,,,,1,spike_exact_commit_log
201_b21_loop_carried_running_state__c21_pyramid_multiresolution_stride.spike.txt,201_b21_loop_carried_running_state__c21_pyramid_multiresolution_stride.c,loop_carried_running_state,pyramid_multiresolution_stride,small_L1,value-dependent,compulsory+streaming (prefetch-friendly),spike,16.1.0,riscv64,4096,20000,2654435769,2000,12488,7512,18757305467488,PASS,1,0.000400012,0.000400012,0.0,0,1852264,,,,,,0,0,0,0,0.0,,,,,,,,1,spike_exact_commit_log
202_b21_loop_carried_running_state__c22_tensor_3d_slice_poor_locality.spike.txt,202_b21_loop_carried_running_state__c22_tensor_3d_slice_poor_locality.c,loop_carried_running_state,tensor_3d_slice_poor_locality,medium_L2,value-dependent,mixed/unclassified,spike,16.1.0,riscv64,4096,20000,2654435769,2000,14984,5016,26544629127032,PASS,1,0.000420012,0.000420012,0.0,0,1883869,,,,,,0,0,0,0,0.0,,,,,,,,1,spike_exact_commit_log
203_b21_loop_carried_running_state__c23_struct_of_array_field_burst.spike.txt,203_b21_loop_carried_running_state__c23_struct_of_array_field_burst.c,loop_carried_running_state,struct_of_array_field_burst,large_L3,value-dependent,compulsory+streaming (prefetch-friendly),spike,16.1.0,riscv64,4096,20000,2654435769,2000,8202,11798,5074592588068,PASS,1,0.000420014,0.000420014,0.0,0,1896506,,,,,,0,0,0,0,0.0,,,,,,,,1,spike_exact_commit_log
204_b21_loop_carried_running_state__c24_banked_interleaved_access.spike.txt,204_b21_loop_carried_running_state__c24_banked_interleaved_access.c,loop_carried_running_state,banked_interleaved_access,xlarge_DRAM,value-dependent,compulsory+streaming (prefetch-friendly),spike,16.1.0,riscv64,4096,20000,2654435769,2000,15000,5000,26732131056064,PASS,1,0.000420012,0.000420012,0.0,0,1883967,,,,,,0,0,0,0,0.0,,,,,,,,1,spike_exact_commit_log
205_b21_loop_carried_running_state__c25_lru_recency_weighted_reuse.spike.txt,205_b21_loop_carried_running_state__c25_lru_recency_weighted_reuse.c,loop_carried_running_state,lru_recency_weighted_reuse,small_L1,value-dependent,temporal reuse (capacity-sensitive),spike,16.1.0,riscv64,4096,20000,2654435769,2000,10078,9922,10628754885876,PASS,1,0.000631911,0.000631911,0.0,0,2400219,,,,,,0,0,0,0,0.0,,,,,,,,1,spike_exact_commit_log
206_b21_loop_carried_running_state__c26_geometric_stride_growth.spike.txt,206_b21_loop_carried_running_state__c26_geometric_stride_growth.c,loop_carried_running_state,geometric_stride_growth,medium_L2,value-dependent,compulsory+streaming (prefetch-friendly),spike,16.1.0,riscv64,4096,20000,2654435769,2000,9999,10001,10449942910015,PASS,1,0.000421549,0.000421549,0.0,0,1900082,,,,,,0,0,0,0,0.0,,,,,,,,1,spike_exact_commit_log
207_b21_loop_carried_running_state__c27_reduction_broadcast_pattern.spike.txt,207_b21_loop_carried_running_state__c27_reduction_broadcast_pattern.c,loop_carried_running_state,reduction_broadcast_pattern,large_L3,value-dependent,compulsory+streaming (prefetch-friendly),spike,16.1.0,riscv64,4096,20000,2654435769,2000,10000,10000,11081161305049,PASS,1,0.000430012,0.000430012,0.0,0,1900539,,,,,,0,0,0,0,0.0,,,,,,,,1,spike_exact_commit_log
208_b21_loop_carried_running_state__c28_morton_zorder_traversal.spike.txt,208_b21_loop_carried_running_state__c28_morton_zorder_traversal.c,loop_carried_running_state,morton_zorder_traversal,xlarge_DRAM,value-dependent,mixed spatial (traversal-order dependent),spike,16.1.0,riscv64,4096,20000,2654435769,2000,15000,5000,26889338793480,PASS,1,0.000840019,0.000840019,0.0,0,2857771,,,,,,0,0,0,0,0.0,,,,,,,,1,spike_exact_commit_log
209_b21_loop_carried_running_state__c29_ping_pong_cache_thrash.spike.txt,209_b21_loop_carried_running_state__c29_ping_pong_cache_thrash.c,loop_carried_running_state,ping_pong_cache_thrash,small_L1,value-dependent,conflict/associativity,spike,16.1.0,riscv64,4096,20000,2654435769,2000,10000,10000,10370150271124,PASS,1,0.000420014,0.000420014,0.0,0,1859101,,,,,,0,0,0,0,0.0,,,,,,,,1,spike_exact_commit_log
210_b21_loop_carried_running_state__c30_gather_scatter_indirect_table.spike.txt,210_b21_loop_carried_running_state__c30_gather_scatter_indirect_table.c,loop_carried_running_state,gather_scatter_indirect_table,medium_L2,value-dependent,capacity (uniform random),spike,16.1.0,riscv64,4096,20000,2654435769,2000,10000,10000,10988902418192,PASS,1,0.000390009,0.000390009,0.0,0,1892550,,,,,,0,0,0,0,0.0,,,,,,,,1,spike_exact_commit_log
211_b22_drifting_threshold_periodic_reset__c21_pyramid_multiresolution_stride.spike.txt,211_b22_drifting_threshold_periodic_reset__c21_pyramid_multiresolution_stride.c,drifting_threshold_periodic_reset,pyramid_multiresolution_stride,medium_L2,stochastic,compulsory+streaming (prefetch-friendly),spike,16.1.0,riscv64,4096,20000,2654435769,2000,14716,5284,24971831317184,PASS,1,0.000460211,0.000460211,0.0,0,1985844,,,,,,0,0,0,0,0.0,,,,,,,,1,spike_exact_commit_log
212_b22_drifting_threshold_periodic_reset__c22_tensor_3d_slice_poor_locality.spike.txt,212_b22_drifting_threshold_periodic_reset__c22_tensor_3d_slice_poor_locality.c,drifting_threshold_periodic_reset,tensor_3d_slice_poor_locality,large_L3,stochastic,mixed/unclassified,spike,16.1.0,riscv64,4096,20000,2654435769,2000,14719,5281,25689896735278,PASS,1,0.000480211,0.000480211,0.0,0,2024748,,,,,,0,0,0,0,0.0,,,,,,,,1,spike_exact_commit_log
213_b22_drifting_threshold_periodic_reset__c23_struct_of_array_field_burst.spike.txt,213_b22_drifting_threshold_periodic_reset__c23_struct_of_array_field_burst.c,drifting_threshold_periodic_reset,struct_of_array_field_burst,xlarge_DRAM,stochastic,compulsory+streaming (prefetch-friendly),spike,16.1.0,riscv64,4096,20000,2654435769,2000,14929,5071,26479256761243,PASS,1,0.000480213,0.000480213,0.0,0,2029944,,,,,,0,0,0,0,0.0,,,,,,,,1,spike_exact_commit_log
214_b22_drifting_threshold_periodic_reset__c24_banked_interleaved_access.spike.txt,214_b22_drifting_threshold_periodic_reset__c24_banked_interleaved_access.c,drifting_threshold_periodic_reset,banked_interleaved_access,small_L1,stochastic,compulsory+streaming (prefetch-friendly),spike,16.1.0,riscv64,4096,20000,2654435769,2000,14837,5163,26104990494679,PASS,1,0.000480211,0.000480211,0.0,0,2024860,,,,,,0,0,0,0,0.0,,,,,,,,1,spike_exact_commit_log
215_b22_drifting_threshold_periodic_reset__c25_lru_recency_weighted_reuse.spike.txt,215_b22_drifting_threshold_periodic_reset__c25_lru_recency_weighted_reuse.c,drifting_threshold_periodic_reset,lru_recency_weighted_reuse,medium_L2,stochastic,temporal reuse (capacity-sensitive),spike,16.1.0,riscv64,4096,20000,2654435769,2000,15096,4904,27027360450855,PASS,1,0.000712108,0.000712108,0.0,0,2572561,,,,,,0,0,0,0,0.0,,,,,,,,1,spike_exact_commit_log
216_b22_drifting_threshold_periodic_reset__c26_geometric_stride_growth.spike.txt,216_b22_drifting_threshold_periodic_reset__c26_geometric_stride_growth.c,drifting_threshold_periodic_reset,geometric_stride_growth,large_L3,stochastic,compulsory+streaming (prefetch-friendly),spike,16.1.0,riscv64,4096,20000,2654435769,2000,14855,5145,25636031858593,PASS,1,0.000481748,0.000481748,0.0,0,2032436,,,,,,0,0,0,0,0.0,,,,,,,,1,spike_exact_commit_log
217_b22_drifting_threshold_periodic_reset__c27_reduction_broadcast_pattern.spike.txt,217_b22_drifting_threshold_periodic_reset__c27_reduction_broadcast_pattern.c,drifting_threshold_periodic_reset,reduction_broadcast_pattern,xlarge_DRAM,stochastic,compulsory+streaming (prefetch-friendly),spike,16.1.0,riscv64,4096,20000,2654435769,2000,15062,4938,27532967840862,PASS,1,0.000490211,0.000490211,0.0,0,2041964,,,,,,0,0,0,0,0.0,,,,,,,,1,spike_exact_commit_log
218_b22_drifting_threshold_periodic_reset__c28_morton_zorder_traversal.spike.txt,218_b22_drifting_threshold_periodic_reset__c28_morton_zorder_traversal.c,drifting_threshold_periodic_reset,morton_zorder_traversal,small_L1,stochastic,mixed spatial (traversal-order dependent),spike,16.1.0,riscv64,4096,20000,2654435769,2000,14820,5180,25973779455862,PASS,1,0.000920216,0.000920216,0.0,0,3036895,,,,,,0,0,0,0,0.0,,,,,,,,1,spike_exact_commit_log
219_b22_drifting_threshold_periodic_reset__c29_ping_pong_cache_thrash.spike.txt,219_b22_drifting_threshold_periodic_reset__c29_ping_pong_cache_thrash.c,drifting_threshold_periodic_reset,ping_pong_cache_thrash,medium_L2,stochastic,conflict/associativity,spike,16.1.0,riscv64,4096,20000,2654435769,2000,14860,5140,26081490310910,PASS,1,0.000480213,0.000480213,0.0,0,2001454,,,,,,0,0,0,0,0.0,,,,,,,,1,spike_exact_commit_log
220_b22_drifting_threshold_periodic_reset__c30_gather_scatter_indirect_table.spike.txt,220_b22_drifting_threshold_periodic_reset__c30_gather_scatter_indirect_table.c,drifting_threshold_periodic_reset,gather_scatter_indirect_table,large_L3,stochastic,capacity (uniform random),spike,16.1.0,riscv64,4096,20000,2654435769,2000,14808,5192,25931842591915,PASS,1,0.000525202,0.000525202,0.0,0,2227351,,,,,,0,0,0,0,0.0,,,,,,,,1,spike_exact_commit_log
221_b23_popcount_parity__c21_pyramid_multiresolution_stride.spike.txt,221_b23_popcount_parity__c21_pyramid_multiresolution_stride.c,popcount_parity,pyramid_multiresolution_stride,large_L3,value-dependent,compulsory+streaming (prefetch-friendly),spike,16.1.0,riscv64,4096,20000,2654435769,2000,9954,10046,10367166214865,PASS,1,0.000589973,0.000589973,0.0,0,2270916,,,,,,0,0,0,0,0.0,,,,,,,,1,spike_exact_commit_log
222_b23_popcount_parity__c22_tensor_3d_slice_poor_locality.spike.txt,222_b23_popcount_parity__c22_tensor_3d_slice_poor_locality.c,popcount_parity,tensor_3d_slice_poor_locality,xlarge_DRAM,value-dependent,mixed/unclassified,spike,16.1.0,riscv64,4096,20000,2654435769,2000,10035,9965,10754870872797,PASS,1,0.000610054,0.000610054,0.0,0,2310704,,,,,,0,0,0,0,0.0,,,,,,,,1,spike_exact_commit_log
223_b23_popcount_parity__c23_struct_of_array_field_burst.spike.txt,223_b23_popcount_parity__c23_struct_of_array_field_burst.c,popcount_parity,struct_of_array_field_burst,small_L1,value-dependent,compulsory+streaming (prefetch-friendly),spike,16.1.0,riscv64,4096,20000,2654435769,2000,9987,10013,10640239905592,PASS,1,0.000610007,0.000610007,0.0,0,2314654,,,,,,0,0,0,0,0.0,,,,,,,,1,spike_exact_commit_log
224_b23_popcount_parity__c24_banked_interleaved_access.spike.txt,224_b23_popcount_parity__c24_banked_interleaved_access.c,popcount_parity,banked_interleaved_access,medium_L2,value-dependent,compulsory+streaming (prefetch-friendly),spike,16.1.0,riscv64,4096,20000,2654435769,2000,10019,9981,10677833878110,PASS,1,0.000610038,0.000610038,0.0,0,2310714,,,,,,0,0,0,0,0.0,,,,,,,,1,spike_exact_commit_log
225_b23_popcount_parity__c25_lru_recency_weighted_reuse.spike.txt,225_b23_popcount_parity__c25_lru_recency_weighted_reuse.c,popcount_parity,lru_recency_weighted_reuse,large_L3,value-dependent,temporal reuse (capacity-sensitive),spike,16.1.0,riscv64,4096,20000,2654435769,2000,9962,10038,10374598063488,PASS,1,0.000921874,0.000921874,0.0,0,3030319,,,,,,0,0,0,0,0.0,,,,,,,,1,spike_exact_commit_log
226_b23_popcount_parity__c26_geometric_stride_growth.spike.txt,226_b23_popcount_parity__c26_geometric_stride_growth.c,popcount_parity,geometric_stride_growth,xlarge_DRAM,value-dependent,compulsory+streaming (prefetch-friendly),spike,16.1.0,riscv64,4096,20000,2654435769,2000,10013,9987,10507650857491,PASS,1,0.000611568,0.000611568,0.0,0,2318476,,,,,,0,0,0,0,0.0,,,,,,,,1,spike_exact_commit_log
227_b23_popcount_parity__c27_reduction_broadcast_pattern.spike.txt,227_b23_popcount_parity__c27_reduction_broadcast_pattern.c,popcount_parity,reduction_broadcast_pattern,small_L1,value-dependent,compulsory+streaming (prefetch-friendly),spike,16.1.0,riscv64,4096,20000,2654435769,2000,9973,10027,10899284714184,PASS,1,0.000619992,0.000619992,0.0,0,2327810,,,,,,0,0,0,0,0.0,,,,,,,,1,spike_exact_commit_log
228_b23_popcount_parity__c28_morton_zorder_traversal.spike.txt,228_b23_popcount_parity__c28_morton_zorder_traversal.c,popcount_parity,morton_zorder_traversal,medium_L2,value-dependent,mixed spatial (traversal-order dependent),spike,16.1.0,riscv64,4096,20000,2654435769,2000,9962,10038,10615236665433,PASS,1,0.00104998,0.00104998,0.0,0,3319405,,,,,,0,0,0,0,0.0,,,,,,,,1,spike_exact_commit_log
229_b23_popcount_parity__c29_ping_pong_cache_thrash.spike.txt,229_b23_popcount_parity__c29_ping_pong_cache_thrash.c,popcount_parity,ping_pong_cache_thrash,large_L3,value-dependent,conflict/associativity,spike,16.1.0,riscv64,4096,20000,2654435769,2000,10003,9997,10613964043845,PASS,1,0.000610024,0.000610024,0.0,0,2286378,,,,,,0,0,0,0,0.0,,,,,,,,1,spike_exact_commit_log
230_b23_popcount_parity__c30_gather_scatter_indirect_table.spike.txt,230_b23_popcount_parity__c30_gather_scatter_indirect_table.c,popcount_parity,gather_scatter_indirect_table,xlarge_DRAM,value-dependent,capacity (uniform random),spike,16.1.0,riscv64,4096,20000,2654435769,2000,9974,10026,10532860625533,PASS,1,0.000639962,0.000639962,0.0,0,2480069,,,,,,0,0,0,0,0.0,,,,,,,,1,spike_exact_commit_log
231_b24_monotonic_drift_saturating__c21_pyramid_multiresolution_stride.spike.txt,231_b24_monotonic_drift_saturating__c21_pyramid_multiresolution_stride.c,monotonic_drift_saturating,pyramid_multiresolution_stride,xlarge_DRAM,static/trivial,compulsory+streaming (prefetch-friendly),spike,16.1.0,riscv64,4096,20000,2654435769,2000,18149,1851,36163405644552,PASS,1,0.000426615,0.000426615,0.0,0,1918854,,,,,,0,0,0,0,0.0,,,,,,,,1,spike_exact_commit_log
232_b24_monotonic_drift_saturating__c22_tensor_3d_slice_poor_locality.spike.txt,232_b24_monotonic_drift_saturating__c22_tensor_3d_slice_poor_locality.c,monotonic_drift_saturating,tensor_3d_slice_poor_locality,small_L1,static/trivial,mixed/unclassified,spike,16.1.0,riscv64,4096,20000,2654435769,2000,18149,1851,36822646081486,PASS,1,0.000446615,0.000446615,0.0,0,1957806,,,,,,0,0,0,0,0.0,,,,,,,,1,spike_exact_commit_log
233_b24_monotonic_drift_saturating__c23_struct_of_array_field_burst.spike.txt,233_b24_monotonic_drift_saturating__c23_struct_of_array_field_burst.c,monotonic_drift_saturating,struct_of_array_field_burst,medium_L2,static/trivial,compulsory+streaming (prefetch-friendly),spike,16.1.0,riscv64,4096,20000,2654435769,2000,18149,1851,36936810831053,PASS,1,0.000446617,0.000446617,0.0,0,1962700,,,,,,0,0,0,0,0.0,,,,,,,,1,spike_exact_commit_log
234_b24_monotonic_drift_saturating__c24_banked_interleaved_access.spike.txt,234_b24_monotonic_drift_saturating__c24_banked_interleaved_access.c,monotonic_drift_saturating,banked_interleaved_access,large_L3,static/trivial,compulsory+streaming (prefetch-friendly),spike,16.1.0,riscv64,4096,20000,2654435769,2000,18149,1851,36812232964517,PASS,1,0.000446615,0.000446615,0.0,0,1957924,,,,,,0,0,0,0,0.0,,,,,,,,1,spike_exact_commit_log
235_b24_monotonic_drift_saturating__c25_lru_recency_weighted_reuse.spike.txt,235_b24_monotonic_drift_saturating__c25_lru_recency_weighted_reuse.c,monotonic_drift_saturating,lru_recency_weighted_reuse,xlarge_DRAM,static/trivial,temporal reuse (capacity-sensitive),spike,16.1.0,riscv64,4096,20000,2654435769,2000,18149,1851,36076958610016,PASS,1,0.000698515,0.000698515,0.0,0,2550655,,,,,,0,0,0,0,0.0,,,,,,,,1,spike_exact_commit_log
236_b24_monotonic_drift_saturating__c26_geometric_stride_growth.spike.txt,236_b24_monotonic_drift_saturating__c26_geometric_stride_growth.c,monotonic_drift_saturating,geometric_stride_growth,small_L1,static/trivial,compulsory+streaming (prefetch-friendly),spike,16.1.0,riscv64,4096,20000,2654435769,2000,18149,1851,36138545660861,PASS,1,0.000448155,0.000448155,0.0,0,1965886,,,,,,0,0,0,0,0.0,,,,,,,,1,spike_exact_commit_log
237_b24_monotonic_drift_saturating__c27_reduction_broadcast_pattern.spike.txt,237_b24_monotonic_drift_saturating__c27_reduction_broadcast_pattern.c,monotonic_drift_saturating,reduction_broadcast_pattern,medium_L2,static/trivial,compulsory+streaming (prefetch-friendly),spike,16.1.0,riscv64,4096,20000,2654435769,2000,18149,1851,37846151542780,PASS,1,0.000456615,0.000456615,0.0,0,1975692,,,,,,0,0,0,0,0.0,,,,,,,,1,spike_exact_commit_log
238_b24_monotonic_drift_saturating__c28_morton_zorder_traversal.spike.txt,238_b24_monotonic_drift_saturating__c28_morton_zorder_traversal.c,monotonic_drift_saturating,morton_zorder_traversal,large_L3,static/trivial,mixed spatial (traversal-order dependent),spike,16.1.0,riscv64,4096,20000,2654435769,2000,18149,1851,36791944351116,PASS,1,0.000946619,0.000946619,0.0,0,3089673,,,,,,0,0,0,0,0.0,,,,,,,,1,spike_exact_commit_log
239_b24_monotonic_drift_saturating__c29_ping_pong_cache_thrash.spike.txt,239_b24_monotonic_drift_saturating__c29_ping_pong_cache_thrash.c,monotonic_drift_saturating,ping_pong_cache_thrash,xlarge_DRAM,static/trivial,conflict/associativity,spike,16.1.0,riscv64,4096,20000,2654435769,2000,18149,1851,36513582115279,PASS,1,0.000446617,0.000446617,0.0,0,1942234,,,,,,0,0,0,0,0.0,,,,,,,,1,spike_exact_commit_log
240_b24_monotonic_drift_saturating__c30_gather_scatter_indirect_table.spike.txt,240_b24_monotonic_drift_saturating__c30_gather_scatter_indirect_table.c,monotonic_drift_saturating,gather_scatter_indirect_table,small_L1,static/trivial,capacity (uniform random),spike,16.1.0,riscv64,4096,20000,2654435769,2000,18149,1851,36869212798122,PASS,1,0.000566621,0.000566621,0.0,0,2328729,,,,,,0,0,0,0,0.0,,,,,,,,1,spike_exact_commit_log
241_b25_rare_exception_1_in_1024__c21_pyramid_multiresolution_stride.spike.txt,241_b25_rare_exception_1_in_1024__c21_pyramid_multiresolution_stride.c,rare_exception_1_in_1024,pyramid_multiresolution_stride,small_L1,mixed/other,compulsory+streaming (prefetch-friendly),spike,16.1.0,riscv64,4096,20000,2654435769,2000,20,19980,18446723097928745075,PASS,1,0.000360029,0.000360029,0.0,0,1756221,,,,,,0,0,0,0,0.0,,,,,,,,1,spike_exact_commit_log
242_b25_rare_exception_1_in_1024__c22_tensor_3d_slice_poor_locality.spike.txt,242_b25_rare_exception_1_in_1024__c22_tensor_3d_slice_poor_locality.c,rare_exception_1_in_1024,tensor_3d_slice_poor_locality,medium_L2,mixed/other,mixed/unclassified,spike,16.1.0,riscv64,4096,20000,2654435769,2000,20,19980,18446722786892539090,PASS,1,0.000380029,0.000380029,0.0,0,1795387,,,,,,0,0,0,0,0.0,,,,,,,,1,spike_exact_commit_log
243_b25_rare_exception_1_in_1024__c23_struct_of_array_field_burst.spike.txt,243_b25_rare_exception_1_in_1024__c23_struct_of_array_field_burst.c,rare_exception_1_in_1024,struct_of_array_field_burst,large_L3,mixed/other,compulsory+streaming (prefetch-friendly),spike,16.1.0,riscv64,4096,20000,2654435769,2000,20,19980,18446722661159084511,PASS,1,0.000380031,0.000380031,0.0,0,1799755,,,,,,0,0,0,0,0.0,,,,,,,,1,spike_exact_commit_log
244_b25_rare_exception_1_in_1024__c24_banked_interleaved_access.spike.txt,244_b25_rare_exception_1_in_1024__c24_banked_interleaved_access.c,rare_exception_1_in_1024,banked_interleaved_access,xlarge_DRAM,mixed/other,compulsory+streaming (prefetch-friendly),spike,16.1.0,riscv64,4096,20000,2654435769,2000,20,19980,18446722779657102166,PASS,1,0.000380029,0.000380029,0.0,0,1795553,,,,,,0,0,0,0,0.0,,,,,,,,1,spike_exact_commit_log
245_b25_rare_exception_1_in_1024__c25_lru_recency_weighted_reuse.spike.txt,245_b25_rare_exception_1_in_1024__c25_lru_recency_weighted_reuse.c,rare_exception_1_in_1024,lru_recency_weighted_reuse,small_L1,mixed/other,temporal reuse (capacity-sensitive),spike,16.1.0,riscv64,4096,20000,2654435769,2000,20,19980,18446723095721251324,PASS,1,0.00059191,0.00059191,0.0,0,2274382,,,,,,0,0,0,0,0.0,,,,,,,,1,spike_exact_commit_log
246_b25_rare_exception_1_in_1024__c26_geometric_stride_growth.spike.txt,246_b25_rare_exception_1_in_1024__c26_geometric_stride_growth.c,rare_exception_1_in_1024,geometric_stride_growth,medium_L2,mixed/other,compulsory+streaming (prefetch-friendly),spike,16.1.0,riscv64,4096,20000,2654435769,2000,20,19980,18446723167920388345,PASS,1,0.000381569,0.000381569,0.0,0,1803719,,,,,,0,0,0,0,0.0,,,,,,,,1,spike_exact_commit_log
247_b25_rare_exception_1_in_1024__c27_reduction_broadcast_pattern.spike.txt,247_b25_rare_exception_1_in_1024__c27_reduction_broadcast_pattern.c,rare_exception_1_in_1024,reduction_broadcast_pattern,large_L3,mixed/other,compulsory+streaming (prefetch-friendly),spike,16.1.0,riscv64,4096,20000,2654435769,2000,20,19980,18446722122327709176,PASS,1,0.000390029,0.000390029,0.0,0,1812977,,,,,,0,0,0,0,0.0,,,,,,,,1,spike_exact_commit_log
248_b25_rare_exception_1_in_1024__c28_morton_zorder_traversal.spike.txt,248_b25_rare_exception_1_in_1024__c28_morton_zorder_traversal.c,rare_exception_1_in_1024,morton_zorder_traversal,xlarge_DRAM,mixed/other,mixed spatial (traversal-order dependent),spike,16.1.0,riscv64,4096,20000,2654435769,2000,20,19980,18446722753597274934,PASS,1,0.000800037,0.000800037,0.0,0,2770203,,,,,,0,0,0,0,0.0,,,,,,,,1,spike_exact_commit_log
249_b25_rare_exception_1_in_1024__c29_ping_pong_cache_thrash.spike.txt,249_b25_rare_exception_1_in_1024__c29_ping_pong_cache_thrash.c,rare_exception_1_in_1024,ping_pong_cache_thrash,small_L1,mixed/other,conflict/associativity,spike,16.1.0,riscv64,4096,20000,2654435769,2000,20,19980,18446722864513587865,PASS,1,0.000380031,0.000380031,0.0,0,1780053,,,,,,0,0,0,0,0.0,,,,,,,,1,spike_exact_commit_log
250_b25_rare_exception_1_in_1024__c30_gather_scatter_indirect_table.spike.txt,250_b25_rare_exception_1_in_1024__c30_gather_scatter_indirect_table.c,rare_exception_1_in_1024,gather_scatter_indirect_table,medium_L2,mixed/other,capacity (uniform random),spike,16.1.0,riscv64,4096,20000,2654435769,2000,20,19980,18446722792167130718,PASS,1,0.000360026,0.000360026,0.0,0,1834550,,,,,,0,0,0,0,0.0,,,,,,,,1,spike_exact_commit_log
251_b26_warmup_then_steady__c21_pyramid_multiresolution_stride.spike.txt,251_b26_warmup_then_steady__c21_pyramid_multiresolution_stride.c,warmup_then_steady,pyramid_multiresolution_stride,medium_L2,static/trivial,compulsory+streaming (prefetch-friendly),spike,16.1.0,riscv64,4096,20000,2654435769,2000,19500,500,40468410311428,PASS,1,0.000361511,0.000361511,0.0,0,1761111,,,,,,0,0,0,0,0.0,,,,,,,,1,spike_exact_commit_log
252_b26_warmup_then_steady__c22_tensor_3d_slice_poor_locality.spike.txt,252_b26_warmup_then_steady__c22_tensor_3d_slice_poor_locality.c,warmup_then_steady,tensor_3d_slice_poor_locality,large_L3,static/trivial,mixed/unclassified,spike,16.1.0,riscv64,4096,20000,2654435769,2000,19500,500,41172605663788,PASS,1,0.000381511,0.000381511,0.0,0,1802343,,,,,,0,0,0,0,0.0,,,,,,,,1,spike_exact_commit_log
253_b26_warmup_then_steady__c23_struct_of_array_field_burst.spike.txt,253_b26_warmup_then_steady__c23_struct_of_array_field_burst.c,warmup_then_steady,struct_of_array_field_burst,xlarge_DRAM,static/trivial,compulsory+streaming (prefetch-friendly),spike,16.1.0,riscv64,4096,20000,2654435769,2000,19500,500,41325508140284,PASS,1,0.000381513,0.000381513,0.0,0,1806745,,,,,,0,0,0,0,0.0,,,,,,,,1,spike_exact_commit_log
254_b26_warmup_then_steady__c24_banked_interleaved_access.spike.txt,254_b26_warmup_then_steady__c24_banked_interleaved_access.c,warmup_then_steady,banked_interleaved_access,small_L1,static/trivial,compulsory+streaming (prefetch-friendly),spike,16.1.0,riscv64,4096,20000,2654435769,2000,19500,500,41090356001004,PASS,1,0.000381511,0.000381511,0.0,0,1802457,,,,,,0,0,0,0,0.0,,,,,,,,1,spike_exact_commit_log
255_b26_warmup_then_steady__c25_lru_recency_weighted_reuse.spike.txt,255_b26_warmup_then_steady__c25_lru_recency_weighted_reuse.c,warmup_then_steady,lru_recency_weighted_reuse,medium_L2,static/trivial,temporal reuse (capacity-sensitive),spike,16.1.0,riscv64,4096,20000,2654435769,2000,19500,500,40483676935774,PASS,1,0.00059341,0.00059341,0.0,0,2280694,,,,,,0,0,0,0,0.0,,,,,,,,1,spike_exact_commit_log
256_b26_warmup_then_steady__c26_geometric_stride_growth.spike.txt,256_b26_warmup_then_steady__c26_geometric_stride_growth.c,warmup_then_steady,geometric_stride_growth,large_L3,static/trivial,compulsory+streaming (prefetch-friendly),spike,16.1.0,riscv64,4096,20000,2654435769,2000,19500,500,40375608280365,PASS,1,0.000383051,0.000383051,0.0,0,1817782,,,,,,0,0,0,0,0.0,,,,,,,,1,spike_exact_commit_log
257_b26_warmup_then_steady__c27_reduction_broadcast_pattern.spike.txt,257_b26_warmup_then_steady__c27_reduction_broadcast_pattern.c,warmup_then_steady,reduction_broadcast_pattern,xlarge_DRAM,static/trivial,compulsory+streaming (prefetch-friendly),spike,16.1.0,riscv64,4096,20000,2654435769,2000,19500,500,42336372520206,PASS,1,0.000356011,0.000356011,0.0,0,1741795,,,,,,0,0,0,0,0.0,,,,,,,,1,spike_exact_commit_log
258_b26_warmup_then_steady__c28_morton_zorder_traversal.spike.txt,258_b26_warmup_then_steady__c28_morton_zorder_traversal.c,warmup_then_steady,morton_zorder_traversal,small_L1,static/trivial,mixed spatial (traversal-order dependent),spike,16.1.0,riscv64,4096,20000,2654435769,2000,19500,500,41105491246414,PASS,1,0.000801518,0.000801518,0.0,0,2775969,,,,,,0,0,0,0,0.0,,,,,,,,1,spike_exact_commit_log
259_b26_warmup_then_steady__c29_ping_pong_cache_thrash.spike.txt,259_b26_warmup_then_steady__c29_ping_pong_cache_thrash.c,warmup_then_steady,ping_pong_cache_thrash,medium_L2,static/trivial,conflict/associativity,spike,16.1.0,riscv64,4096,20000,2654435769,2000,19500,500,40952507636982,PASS,1,0.000381513,0.000381513,0.0,0,1786263,,,,,,0,0,0,0,0.0,,,,,,,,1,spike_exact_commit_log
260_b26_warmup_then_steady__c30_gather_scatter_indirect_table.spike.txt,260_b26_warmup_then_steady__c30_gather_scatter_indirect_table.c,warmup_then_steady,gather_scatter_indirect_table,large_L3,static/trivial,capacity (uniform random),spike,16.1.0,riscv64,4096,20000,2654435769,2000,19500,500,41122857375250,PASS,1,0.000361508,0.000361508,0.0,0,1838168,,,,,,0,0,0,0,0.0,,,,,,,,1,spike_exact_commit_log
261_b27_meta_correlated_nested__c21_pyramid_multiresolution_stride.spike.txt,261_b27_meta_correlated_nested__c21_pyramid_multiresolution_stride.c,meta_correlated_nested,pyramid_multiresolution_stride,large_L3,history-correlated,compulsory+streaming (prefetch-friendly),spike,16.1.0,riscv64,4096,20000,2654435769,2000,12812,7188,19513631400270,PASS,1,0.000445636,0.000445636,0.0,0,1957872,,,,,,0,0,0,0,0.0,,,,,,,,1,spike_exact_commit_log
262_b27_meta_correlated_nested__c22_tensor_3d_slice_poor_locality.spike.txt,262_b27_meta_correlated_nested__c22_tensor_3d_slice_poor_locality.c,meta_correlated_nested,tensor_3d_slice_poor_locality,xlarge_DRAM,history-correlated,mixed/unclassified,spike,16.1.0,riscv64,4096,20000,2654435769,2000,12812,7188,19826123309148,PASS,1,0.000465636,0.000465636,0.0,0,1998454,,,,,,0,0,0,0,0.0,,,,,,,,1,spike_exact_commit_log
263_b27_meta_correlated_nested__c23_struct_of_array_field_burst.spike.txt,263_b27_meta_correlated_nested__c23_struct_of_array_field_burst.c,meta_correlated_nested,struct_of_array_field_burst,small_L1,history-correlated,compulsory+streaming (prefetch-friendly),spike,16.1.0,riscv64,4096,20000,2654435769,2000,12812,7188,20442694487170,PASS,1,0.000465637,0.000465637,0.0,0,2002566,,,,,,0,0,0,0,0.0,,,,,,,,1,spike_exact_commit_log
264_b27_meta_correlated_nested__c24_banked_interleaved_access.spike.txt,264_b27_meta_correlated_nested__c24_banked_interleaved_access.c,meta_correlated_nested,banked_interleaved_access,medium_L2,history-correlated,compulsory+streaming (prefetch-friendly),spike,16.1.0,riscv64,4096,20000,2654435769,2000,12812,7188,19474379301222,PASS,1,0.000465636,0.000465636,0.0,0,1999260,,,,,,0,0,0,0,0.0,,,,,,,,1,spike_exact_commit_log
265_b27_meta_correlated_nested__c25_lru_recency_weighted_reuse.spike.txt,265_b27_meta_correlated_nested__c25_lru_recency_weighted_reuse.c,meta_correlated_nested,lru_recency_weighted_reuse,large_L3,history-correlated,temporal reuse (capacity-sensitive),spike,16.1.0,riscv64,4096,20000,2654435769,2000,12812,7188,19493249152433,PASS,1,0.000687552,0.000687552,0.0,0,2525393,,,,,,0,0,0,0,0.0,,,,,,,,1,spike_exact_commit_log
266_b27_meta_correlated_nested__c26_geometric_stride_growth.spike.txt,266_b27_meta_correlated_nested__c26_geometric_stride_growth.c,meta_correlated_nested,geometric_stride_growth,xlarge_DRAM,history-correlated,compulsory+streaming (prefetch-friendly),spike,16.1.0,riscv64,4096,20000,2654435769,2000,12812,7188,19350867450771,PASS,1,0.000467176,0.000467176,0.0,0,2005708,,,,,,0,0,0,0,0.0,,,,,,,,1,spike_exact_commit_log
267_b27_meta_correlated_nested__c27_reduction_broadcast_pattern.spike.txt,267_b27_meta_correlated_nested__c27_reduction_broadcast_pattern.c,meta_correlated_nested,reduction_broadcast_pattern,small_L1,history-correlated,compulsory+streaming (prefetch-friendly),spike,16.1.0,riscv64,4096,20000,2654435769,2000,12812,7188,19074397608370,PASS,1,0.000475636,0.000475636,0.0,0,2021562,,,,,,0,0,0,0,0.0,,,,,,,,1,spike_exact_commit_log
268_b27_meta_correlated_nested__c28_morton_zorder_traversal.spike.txt,268_b27_meta_correlated_nested__c28_morton_zorder_traversal.c,meta_correlated_nested,morton_zorder_traversal,medium_L2,history-correlated,mixed spatial (traversal-order dependent),spike,16.1.0,riscv64,4096,20000,2654435769,2000,12812,7188,19679008937343,PASS,1,0.000915658,0.000915658,0.0,0,3027439,,,,,,0,0,0,0,0.0,,,,,,,,1,spike_exact_commit_log
269_b27_meta_correlated_nested__c29_ping_pong_cache_thrash.spike.txt,269_b27_meta_correlated_nested__c29_ping_pong_cache_thrash.c,meta_correlated_nested,ping_pong_cache_thrash,large_L3,history-correlated,conflict/associativity,spike,16.1.0,riscv64,4096,20000,2654435769,2000,12812,7188,19646880921571,PASS,1,0.000465638,0.000465638,0.0,0,1973795,,,,,,0,0,0,0,0.0,,,,,,,,1,spike_exact_commit_log
270_b27_meta_correlated_nested__c30_gather_scatter_indirect_table.spike.txt,270_b27_meta_correlated_nested__c30_gather_scatter_indirect_table.c,meta_correlated_nested,gather_scatter_indirect_table,xlarge_DRAM,history-correlated,capacity (uniform random),spike,16.1.0,riscv64,4096,20000,2654435769,2000,12812,7188,19496126842423,PASS,1,0.000492922,0.000492922,0.0,0,2167775,,,,,,0,0,0,0,0.0,,,,,,,,1,spike_exact_commit_log
271_b28_data_driven_stack_machine__c21_pyramid_multiresolution_stride.spike.txt,271_b28_data_driven_stack_machine__c21_pyramid_multiresolution_stride.c,data_driven_stack_machine,pyramid_multiresolution_stride,xlarge_DRAM,control-flow/call-return,compulsory+streaming (prefetch-friendly),spike,16.1.0,riscv64,4096,20000,2654435769,2000,10302,9698,10947359319944,PASS,1,0.00043887,0.00043887,0.0,0,1938136,,,,,,0,0,0,0,0.0,,,,,,,,1,spike_exact_commit_log
272_b28_data_driven_stack_machine__c22_tensor_3d_slice_poor_locality.spike.txt,272_b28_data_driven_stack_machine__c22_tensor_3d_slice_poor_locality.c,data_driven_stack_machine,tensor_3d_slice_poor_locality,small_L1,control-flow/call-return,mixed/unclassified,spike,16.1.0,riscv64,4096,20000,2654435769,2000,11947,8053,17129823541699,PASS,1,0.00045235,0.00045235,0.0,0,1963370,,,,,,0,0,0,0,0.0,,,,,,,,1,spike_exact_commit_log
273_b28_data_driven_stack_machine__c23_struct_of_array_field_burst.spike.txt,273_b28_data_driven_stack_machine__c23_struct_of_array_field_burst.c,data_driven_stack_machine,struct_of_array_field_burst,medium_L2,control-flow/call-return,compulsory+streaming (prefetch-friendly),spike,16.1.0,riscv64,4096,20000,2654435769,2000,10031,9969,10983483487750,PASS,1,0.000460016,0.000460016,0.0,0,1984412,,,,,,0,0,0,0,0.0,,,,,,,,1,spike_exact_commit_log
274_b28_data_driven_stack_machine__c24_banked_interleaved_access.spike.txt,274_b28_data_driven_stack_machine__c24_banked_interleaved_access.c,data_driven_stack_machine,banked_interleaved_access,large_L3,control-flow/call-return,compulsory+streaming (prefetch-friendly),spike,16.1.0,riscv64,4096,20000,2654435769,2000,10031,9969,10772657068177,PASS,1,0.000460014,0.000460014,0.0,0,1980298,,,,,,0,0,0,0,0.0,,,,,,,,1,spike_exact_commit_log
275_b28_data_driven_stack_machine__c25_lru_recency_weighted_reuse.spike.txt,275_b28_data_driven_stack_machine__c25_lru_recency_weighted_reuse.c,data_driven_stack_machine,lru_recency_weighted_reuse,xlarge_DRAM,control-flow/call-return,temporal reuse (capacity-sensitive),spike,16.1.0,riscv64,4096,20000,2654435769,2000,10031,9969,10432688864567,PASS,1,0.000686919,0.000686919,0.0,0,2518491,,,,,,0,0,0,0,0.0,,,,,,,,1,spike_exact_commit_log
276_b28_data_driven_stack_machine__c26_geometric_stride_growth.spike.txt,276_b28_data_driven_stack_machine__c26_geometric_stride_growth.c,data_driven_stack_machine,geometric_stride_growth,small_L1,control-flow/call-return,compulsory+streaming (prefetch-friendly),spike,16.1.0,riscv64,4096,20000,2654435769,2000,10031,9969,10500558793681,PASS,1,0.000461552,0.000461552,0.0,0,1988770,,,,,,0,0,0,0,0.0,,,,,,,,1,spike_exact_commit_log
277_b28_data_driven_stack_machine__c27_reduction_broadcast_pattern.spike.txt,277_b28_data_driven_stack_machine__c27_reduction_broadcast_pattern.c,data_driven_stack_machine,reduction_broadcast_pattern,medium_L2,control-flow/call-return,compulsory+streaming (prefetch-friendly),spike,16.1.0,riscv64,4096,20000,2654435769,2000,10031,9969,11332118104861,PASS,1,0.000470014,0.000470014,0.0,0,1997404,,,,,,0,0,0,0,0.0,,,,,,,,1,spike_exact_commit_log
278_b28_data_driven_stack_machine__c28_morton_zorder_traversal.spike.txt,278_b28_data_driven_stack_machine__c28_morton_zorder_traversal.c,data_driven_stack_machine,morton_zorder_traversal,large_L3,control-flow/call-return,mixed spatial (traversal-order dependent),spike,16.1.0,riscv64,4096,20000,2654435769,2000,10031,9969,10563209294920,PASS,1,0.00089502,0.00089502,0.0,0,2978379,,,,,,0,0,0,0,0.0,,,,,,,,1,spike_exact_commit_log
279_b28_data_driven_stack_machine__c29_ping_pong_cache_thrash.spike.txt,279_b28_data_driven_stack_machine__c29_ping_pong_cache_thrash.c,data_driven_stack_machine,ping_pong_cache_thrash,xlarge_DRAM,control-flow/call-return,conflict/associativity,spike,16.1.0,riscv64,4096,20000,2654435769,2000,10031,9969,10670954295269,PASS,1,0.000460016,0.000460016,0.0,0,1956688,,,,,,0,0,0,0,0.0,,,,,,,,1,spike_exact_commit_log
280_b28_data_driven_stack_machine__c30_gather_scatter_indirect_table.spike.txt,280_b28_data_driven_stack_machine__c30_gather_scatter_indirect_table.c,data_driven_stack_machine,gather_scatter_indirect_table,small_L1,control-flow/call-return,capacity (uniform random),spike,16.1.0,riscv64,4096,20000,2654435769,2000,10031,9969,10642188362589,PASS,1,0.000430043,0.000430043,0.0,0,1980900,,,,,,0,0,0,0,0.0,,,,,,,,1,spike_exact_commit_log
281_b29_bursty_streak_pattern__c21_pyramid_multiresolution_stride.spike.txt,281_b29_bursty_streak_pattern__c21_pyramid_multiresolution_stride.c,bursty_streak_pattern,pyramid_multiresolution_stride,small_L1,static/trivial,compulsory+streaming (prefetch-friendly),spike,16.1.0,riscv64,4096,20000,2654435769,2000,17032,2968,32669803532215,PASS,1,0.000465924,0.000465924,0.0,0,1997180,,,,,,0,0,0,0,0.0,,,,,,,,1,spike_exact_commit_log
282_b29_bursty_streak_pattern__c22_tensor_3d_slice_poor_locality.spike.txt,282_b29_bursty_streak_pattern__c22_tensor_3d_slice_poor_locality.c,bursty_streak_pattern,tensor_3d_slice_poor_locality,medium_L2,static/trivial,mixed/unclassified,spike,16.1.0,riscv64,4096,20000,2654435769,2000,17032,2968,33089486959340,PASS,1,0.000485924,0.000485924,0.0,0,2037718,,,,,,0,0,0,0,0.0,,,,,,,,1,spike_exact_commit_log
283_b29_bursty_streak_pattern__c23_struct_of_array_field_burst.spike.txt,283_b29_bursty_streak_pattern__c23_struct_of_array_field_burst.c,bursty_streak_pattern,struct_of_array_field_burst,large_L3,static/trivial,compulsory+streaming (prefetch-friendly),spike,16.1.0,riscv64,4096,20000,2654435769,2000,17032,2968,33408339076962,PASS,1,0.000537019,0.000537019,0.0,0,2143024,,,,,,0,0,0,0,0.0,,,,,,,,1,spike_exact_commit_log
284_b29_bursty_streak_pattern__c24_banked_interleaved_access.spike.txt,284_b29_bursty_streak_pattern__c24_banked_interleaved_access.c,bursty_streak_pattern,banked_interleaved_access,xlarge_DRAM,static/trivial,compulsory+streaming (prefetch-friendly),spike,16.1.0,riscv64,4096,20000,2654435769,2000,17032,2968,33213645409858,PASS,1,0.000485924,0.000485924,0.0,0,2038618,,,,,,0,0,0,0,0.0,,,,,,,,1,spike_exact_commit_log
285_b29_bursty_streak_pattern__c25_lru_recency_weighted_reuse.spike.txt,285_b29_bursty_streak_pattern__c25_lru_recency_weighted_reuse.c,bursty_streak_pattern,lru_recency_weighted_reuse,small_L1,static/trivial,temporal reuse (capacity-sensitive),spike,16.1.0,riscv64,4096,20000,2654435769,2000,17032,2968,32640466187632,PASS,1,0.00073485,0.00073485,0.0,0,2622667,,,,,,0,0,0,0,0.0,,,,,,,,1,spike_exact_commit_log
286_b29_bursty_streak_pattern__c26_geometric_stride_growth.spike.txt,286_b29_bursty_streak_pattern__c26_geometric_stride_growth.c,bursty_streak_pattern,geometric_stride_growth,medium_L2,static/trivial,compulsory+streaming (prefetch-friendly),spike,16.1.0,riscv64,4096,20000,2654435769,2000,17032,2968,32596556387196,PASS,1,0.000538555,0.000538555,0.0,0,2147392,,,,,,0,0,0,0,0.0,,,,,,,,1,spike_exact_commit_log
287_b29_bursty_streak_pattern__c27_reduction_broadcast_pattern.spike.txt,287_b29_bursty_streak_pattern__c27_reduction_broadcast_pattern.c,bursty_streak_pattern,reduction_broadcast_pattern,large_L3,static/trivial,compulsory+streaming (prefetch-friendly),spike,16.1.0,riscv64,4096,20000,2654435769,2000,17032,2968,34246920248616,PASS,1,0.000495924,0.000495924,0.0,0,2054178,,,,,,0,0,0,0,0.0,,,,,,,,1,spike_exact_commit_log
288_b29_bursty_streak_pattern__c28_morton_zorder_traversal.spike.txt,288_b29_bursty_streak_pattern__c28_morton_zorder_traversal.c,bursty_streak_pattern,morton_zorder_traversal,xlarge_DRAM,static/trivial,mixed spatial (traversal-order dependent),spike,16.1.0,riscv64,4096,20000,2654435769,2000,17032,2968,33133378926288,PASS,1,0.001031084,0.001031084,0.0,0,3262805,,,,,,0,0,0,0,0.0,,,,,,,,1,spike_exact_commit_log
289_b29_bursty_streak_pattern__c29_ping_pong_cache_thrash.spike.txt,289_b29_bursty_streak_pattern__c29_ping_pong_cache_thrash.c,bursty_streak_pattern,ping_pong_cache_thrash,small_L1,static/trivial,conflict/associativity,spike,16.1.0,riscv64,4096,20000,2654435769,2000,17032,2968,33094099970407,PASS,1,0.000502957,0.000502957,0.0,0,2047328,,,,,,0,0,0,0,0.0,,,,,,,,1,spike_exact_commit_log
290_b29_bursty_streak_pattern__c30_gather_scatter_indirect_table.spike.txt,290_b29_bursty_streak_pattern__c30_gather_scatter_indirect_table.c,bursty_streak_pattern,gather_scatter_indirect_table,medium_L2,static/trivial,capacity (uniform random),spike,16.1.0,riscv64,4096,20000,2654435769,2000,17032,2968,33274043494484,PASS,1,0.000499989,0.000499989,0.0,0,2170437,,,,,,0,0,0,0,0.0,,,,,,,,1,spike_exact_commit_log
291_b30_periodic_interrupt_override__c21_pyramid_multiresolution_stride.spike.txt,291_b30_periodic_interrupt_override__c21_pyramid_multiresolution_stride.c,periodic_interrupt_override,pyramid_multiresolution_stride,medium_L2,static/trivial,compulsory+streaming (prefetch-friendly),spike,16.1.0,riscv64,4096,20000,2654435769,2000,10210,9790,11505272921680,PASS,1,0.000459183,0.000459183,0.0,0,1982964,,,,,,0,0,0,0,0.0,,,,,,,,1,spike_exact_commit_log
292_b30_periodic_interrupt_override__c22_tensor_3d_slice_poor_locality.spike.txt,292_b30_periodic_interrupt_override__c22_tensor_3d_slice_poor_locality.c,periodic_interrupt_override,tensor_3d_slice_poor_locality,large_L3,static/trivial,mixed/unclassified,spike,16.1.0,riscv64,4096,20000,2654435769,2000,10210,9790,11144564292669,PASS,1,0.000479183,0.000479183,0.0,0,2023468,,,,,,0,0,0,0,0.0,,,,,,,,1,spike_exact_commit_log
293_b30_periodic_interrupt_override__c23_struct_of_array_field_burst.spike.txt,293_b30_periodic_interrupt_override__c23_struct_of_array_field_burst.c,periodic_interrupt_override,struct_of_array_field_burst,xlarge_DRAM,static/trivial,compulsory+streaming (prefetch-friendly),spike,16.1.0,riscv64,4096,20000,2654435769,2000,10210,9790,11471596585294,PASS,1,0.000479185,0.000479185,0.0,0,2027110,,,,,,0,0,0,0,0.0,,,,,,,,1,spike_exact_commit_log
294_b30_periodic_interrupt_override__c24_banked_interleaved_access.spike.txt,294_b30_periodic_interrupt_override__c24_banked_interleaved_access.c,periodic_interrupt_override,banked_interleaved_access,small_L1,static/trivial,compulsory+streaming (prefetch-friendly),spike,16.1.0,riscv64,4096,20000,2654435769,2000,10210,9790,11480545696610,PASS,1,0.000479183,0.000479183,0.0,0,2023642,,,,,,0,0,0,0,0.0,,,,,,,,1,spike_exact_commit_log
295_b30_periodic_interrupt_override__c25_lru_recency_weighted_reuse.spike.txt,295_b30_periodic_interrupt_override__c25_lru_recency_weighted_reuse.c,periodic_interrupt_override,lru_recency_weighted_reuse,medium_L2,static/trivial,temporal reuse (capacity-sensitive),spike,16.1.0,riscv64,4096,20000,2654435769,2000,10210,9790,11410714657007,PASS,1,0.000710766,0.000710766,0.0,0,2569971,,,,,,0,0,0,0,0.0,,,,,,,,1,spike_exact_commit_log
296_b30_periodic_interrupt_override__c26_geometric_stride_growth.spike.txt,296_b30_periodic_interrupt_override__c26_geometric_stride_growth.c,periodic_interrupt_override,geometric_stride_growth,large_L3,static/trivial,compulsory+streaming (prefetch-friendly),spike,16.1.0,riscv64,4096,20000,2654435769,2000,10210,9790,11197401906717,PASS,1,0.000480723,0.000480723,0.0,0,2030690,,,,,,0,0,0,0,0.0,,,,,,,,1,spike_exact_commit_log
297_b30_periodic_interrupt_override__c27_reduction_broadcast_pattern.spike.txt,297_b30_periodic_interrupt_override__c27_reduction_broadcast_pattern.c,periodic_interrupt_override,reduction_broadcast_pattern,xlarge_DRAM,static/trivial,compulsory+streaming (prefetch-friendly),spike,16.1.0,riscv64,4096,20000,2654435769,2000,10210,9790,11372236138397,PASS,1,0.000489183,0.000489183,0.0,0,2040126,,,,,,0,0,0,0,0.0,,,,,,,,1,spike_exact_commit_log
298_b30_periodic_interrupt_override__c28_morton_zorder_traversal.spike.txt,298_b30_periodic_interrupt_override__c28_morton_zorder_traversal.c,periodic_interrupt_override,morton_zorder_traversal,small_L1,static/trivial,mixed spatial (traversal-order dependent),spike,16.1.0,riscv64,4096,20000,2654435769,2000,10210,9790,11473295207648,PASS,1,0.00099762,0.00099762,0.0,0,3195711,,,,,,0,0,0,0,0.0,,,,,,,,1,spike_exact_commit_log
299_b30_periodic_interrupt_override__c29_ping_pong_cache_thrash.spike.txt,299_b30_periodic_interrupt_override__c29_ping_pong_cache_thrash.c,periodic_interrupt_override,ping_pong_cache_thrash,medium_L2,static/trivial,conflict/associativity,spike,16.1.0,riscv64,4096,20000,2654435769,2000,10210,9790,11305981408465,PASS,1,0.000479185,0.000479185,0.0,0,2006556,,,,,,0,0,0,0,0.0,,,,,,,,1,spike_exact_commit_log
300_b30_periodic_interrupt_override__c30_gather_scatter_indirect_table.spike.txt,300_b30_periodic_interrupt_override__c30_gather_scatter_indirect_table.c,periodic_interrupt_override,gather_scatter_indirect_table,large_L3,static/trivial,capacity (uniform random),spike,16.1.0,riscv64,4096,20000,2654435769,2000,10210,9790,11190844463429,PASS,1,0.000458759,0.000458759,0.0,0,2087629,,,,,,0,0,0,0,0.0,,,,,,,,1,spike_exact_commit_log
301_b31_prime_period13__c31_fibonacci_stride.spike.txt,301_b31_prime_period13__c31_fibonacci_stride.c,prime_period13,fibonacci_stride,small_L1,static/periodic,compulsory+streaming (prefetch-friendly),spike,16.1.0,riscv64,4096,20000,2654435769,2000,10772,9228,13164325595989,PASS,1,0.000520021,0.000520021,0.0,0,2103133,,,,,,0,0,0,0,0.0,,,,,,,,1,spike_exact_commit_log
302_b31_prime_period13__c32_hilbert_curve_traversal.spike.txt,302_b31_prime_period13__c32_hilbert_curve_traversal.c,prime_period13,hilbert_curve_traversal,medium_L2,static/periodic,mixed spatial (traversal-order dependent),spike,16.1.0,riscv64,4096,20000,2654435769,2000,10772,9228,12933039772857,PASS,1,0.002378808,0.002378808,0.0,0,6244003,,,,,,0,0,0,0,0.0,,,,,,,,1,spike_exact_commit_log
303_b31_prime_period13__c33_cache_set_conflict_stress.spike.txt,303_b31_prime_period13__c33_cache_set_conflict_stress.c,prime_period13,cache_set_conflict_stress,large_L3,static/periodic,conflict/associativity,spike,16.1.0,riscv64,4096,20000,2654435769,2000,10772,9228,6903087079147,PASS,1,0.000220016,0.000220016,0.0,0,1447887,,,,,,0,0,0,0,0.0,,,,,,,,1,spike_exact_commit_log
304_b31_prime_period13__c34_variable_length_burst_reuse.spike.txt,304_b31_prime_period13__c34_variable_length_burst_reuse.c,prime_period13,variable_length_burst_reuse,xlarge_DRAM,static/periodic,capacity (uniform random),spike,16.1.0,riscv64,4096,20000,2654435769,2000,10772,9228,13113299811379,PASS,1,0.000337791,0.000337791,0.0,0,1719832,,,,,,0,0,0,0,0.0,,,,,,,,1,spike_exact_commit_log
305_b31_prime_period13__c35_checkerboard_red_black.spike.txt,305_b31_prime_period13__c35_checkerboard_red_black.c,prime_period13,checkerboard_red_black,small_L1,static/periodic,mixed spatial (traversal-order dependent),spike,16.1.0,riscv64,4096,20000,2654435769,2000,10772,9228,12923491455191,PASS,1,0.000460012,0.000460012,0.0,0,1985686,,,,,,0,0,0,0,0.0,,,,,,,,1,spike_exact_commit_log
306_b31_prime_period13__c36_im2col_overlapping_patch_gather.spike.txt,306_b31_prime_period13__c36_im2col_overlapping_patch_gather.c,prime_period13,im2col_overlapping_patch_gather,medium_L2,static/periodic,compulsory+streaming (prefetch-friendly),spike,16.1.0,riscv64,4096,20000,2654435769,2000,10772,9228,13490493603992,PASS,1,0.000400014,0.000400014,0.0,0,1840213,,,,,,0,0,0,0,0.0,,,,,,,,1,spike_exact_commit_log
307_b31_prime_period13__c37_double_buffer_epoch_alternation.spike.txt,307_b31_prime_period13__c37_double_buffer_epoch_alternation.c,prime_period13,double_buffer_epoch_alternation,large_L3,static/periodic,conflict+capacity (thrashing/alternation),spike,16.1.0,riscv64,4096,20000,2654435769,2000,10772,9228,13080552999658,PASS,1,0.000320012,0.000320012,0.0,0,1664279,,,,,,0,0,0,0,0.0,,,,,,,,1,spike_exact_commit_log
308_b31_prime_period13__c38_cuckoo_double_hash_probe.spike.txt,308_b31_prime_period13__c38_cuckoo_double_hash_probe.c,prime_period13,cuckoo_double_hash_probe,xlarge_DRAM,static/periodic,capacity+compulsory (indirect gather/scatter),spike,16.1.0,riscv64,4096,20000,2654435769,2000,10772,9228,13195851921529,PASS,1,0.000420016,0.000420016,0.0,0,1896086,,,,,,0,0,0,0,0.0,,,,,,,,1,spike_exact_commit_log
309_b31_prime_period13__c39_bounded_random_walk.spike.txt,309_b31_prime_period13__c39_bounded_random_walk.c,prime_period13,bounded_random_walk,small_L1,static/periodic,capacity (uniform random),spike,16.1.0,riscv64,4096,20000,2654435769,2000,10772,9228,13590129982273,PASS,1,0.000460017,0.000460017,0.0,0,1984644,,,,,,0,0,0,0,0.0,,,,,,,,1,spike_exact_commit_log
310_b31_prime_period13__c40_causal_attention_triangular.spike.txt,310_b31_prime_period13__c40_causal_attention_triangular.c,prime_period13,causal_attention_triangular,medium_L2,static/periodic,mixed/unclassified,spike,16.1.0,riscv64,4096,20000,2654435769,2000,10772,9228,12776850351057,PASS,1,0.000440012,0.000440012,0.0,0,1941028,,,,,,0,0,0,0,0.0,,,,,,,,1,spike_exact_commit_log
311_b32_emulated_2bit_saturating_counter__c31_fibonacci_stride.spike.txt,311_b32_emulated_2bit_saturating_counter__c31_fibonacci_stride.c,emulated_2bit_saturating_counter,fibonacci_stride,medium_L2,value-dependent,compulsory+streaming (prefetch-friendly),spike,16.1.0,riscv64,4096,20000,2654435769,2000,9432,10568,8998537732567,PASS,1,0.000572568,0.000572568,0.0,0,2231754,,,,,,0,0,0,0,0.0,,,,,,,,1,spike_exact_commit_log
312_b32_emulated_2bit_saturating_counter__c32_hilbert_curve_traversal.spike.txt,312_b32_emulated_2bit_saturating_counter__c32_hilbert_curve_traversal.c,emulated_2bit_saturating_counter,hilbert_curve_traversal,large_L3,value-dependent,mixed spatial (traversal-order dependent),spike,16.1.0,riscv64,4096,20000,2654435769,2000,10008,9992,10639877171773,PASS,1,0.002513166,0.002513166,0.0,0,6531215,,,,,,0,0,0,0,0.0,,,,,,,,1,spike_exact_commit_log
313_b32_emulated_2bit_saturating_counter__c33_cache_set_conflict_stress.spike.txt,313_b32_emulated_2bit_saturating_counter__c33_cache_set_conflict_stress.c,emulated_2bit_saturating_counter,cache_set_conflict_stress,xlarge_DRAM,value-dependent,conflict/associativity,spike,16.1.0,riscv64,4096,20000,2654435769,2000,10000,10000,5604974905000,PASS,1,0.000290016,0.000290016,0.0,0,1614368,,,,,,0,0,0,0,0.0,,,,,,,,1,spike_exact_commit_log
314_b32_emulated_2bit_saturating_counter__c34_variable_length_burst_reuse.spike.txt,314_b32_emulated_2bit_saturating_counter__c34_variable_length_burst_reuse.c,emulated_2bit_saturating_counter,variable_length_burst_reuse,small_L1,value-dependent,capacity (uniform random),spike,16.1.0,riscv64,4096,20000,2654435769,2000,10000,10000,10582589966332,PASS,1,0.000437791,0.000437791,0.0,0,1938552,,,,,,0,0,0,0,0.0,,,,,,,,1,spike_exact_commit_log
315_b32_emulated_2bit_saturating_counter__c35_checkerboard_red_black.spike.txt,315_b32_emulated_2bit_saturating_counter__c35_checkerboard_red_black.c,emulated_2bit_saturating_counter,checkerboard_red_black,medium_L2,value-dependent,mixed spatial (traversal-order dependent),spike,16.1.0,riscv64,4096,20000,2654435769,2000,10114,9886,11104389281123,PASS,1,0.000548952,0.000548952,0.0,0,2181088,,,,,,0,0,0,0,0.0,,,,,,,,1,spike_exact_commit_log
316_b32_emulated_2bit_saturating_counter__c36_im2col_overlapping_patch_gather.spike.txt,316_b32_emulated_2bit_saturating_counter__c36_im2col_overlapping_patch_gather.c,emulated_2bit_saturating_counter,im2col_overlapping_patch_gather,large_L3,value-dependent,compulsory+streaming (prefetch-friendly),spike,16.1.0,riscv64,4096,20000,2654435769,2000,10002,9998,10674146777906,PASS,1,0.000480455,0.000480455,0.0,0,2028676,,,,,,0,0,0,0,0.0,,,,,,,,1,spike_exact_commit_log
317_b32_emulated_2bit_saturating_counter__c37_double_buffer_epoch_alternation.spike.txt,317_b32_emulated_2bit_saturating_counter__c37_double_buffer_epoch_alternation.c,emulated_2bit_saturating_counter,double_buffer_epoch_alternation,xlarge_DRAM,value-dependent,conflict+capacity (thrashing/alternation),spike,16.1.0,riscv64,4096,20000,2654435769,2000,15096,4904,27209118116876,PASS,1,0.000410015,0.000410015,0.0,0,1862926,,,,,,0,0,0,0,0.0,,,,,,,,1,spike_exact_commit_log
318_b32_emulated_2bit_saturating_counter__c38_cuckoo_double_hash_probe.spike.txt,318_b32_emulated_2bit_saturating_counter__c38_cuckoo_double_hash_probe.c,emulated_2bit_saturating_counter,cuckoo_double_hash_probe,small_L1,value-dependent,capacity+compulsory (indirect gather/scatter),spike,16.1.0,riscv64,4096,20000,2654435769,2000,10035,9965,11221982059661,PASS,1,0.000467964,0.000467964,0.0,0,2002518,,,,,,0,0,0,0,0.0,,,,,,,,1,spike_exact_commit_log
319_b32_emulated_2bit_saturating_counter__c39_bounded_random_walk.spike.txt,319_b32_emulated_2bit_saturating_counter__c39_bounded_random_walk.c,emulated_2bit_saturating_counter,bounded_random_walk,medium_L2,value-dependent,capacity (uniform random),spike,16.1.0,riscv64,4096,20000,2654435769,2000,10087,9913,11409814866764,PASS,1,0.000562878,0.000562878,0.0,0,2205358,,,,,,0,0,0,0,0.0,,,,,,,,1,spike_exact_commit_log
320_b32_emulated_2bit_saturating_counter__c40_causal_attention_triangular.spike.txt,320_b32_emulated_2bit_saturating_counter__c40_causal_attention_triangular.c,emulated_2bit_saturating_counter,causal_attention_triangular,large_L3,value-dependent,mixed/unclassified,spike,16.1.0,riscv64,4096,20000,2654435769,2000,9579,10421,9204252261851,PASS,1,0.000528443,0.000528443,0.0,0,2136076,,,,,,0,0,0,0,0.0,,,,,,,,1,spike_exact_commit_log
321_b33_uniform_random_block_runs__c31_fibonacci_stride.spike.txt,321_b33_uniform_random_block_runs__c31_fibonacci_stride.c,uniform_random_block_runs,fibonacci_stride,large_L3,stochastic,compulsory+streaming (prefetch-friendly),spike,16.1.0,riscv64,4096,20000,2654435769,2000,10217,9783,11572437560871,PASS,1,0.00060372,0.00060372,0.0,0,2337975,,,,,,0,0,0,0,0.0,,,,,,,,1,spike_exact_commit_log
322_b33_uniform_random_block_runs__c32_hilbert_curve_traversal.spike.txt,322_b33_uniform_random_block_runs__c32_hilbert_curve_traversal.c,uniform_random_block_runs,hilbert_curve_traversal,xlarge_DRAM,stochastic,mixed spatial (traversal-order dependent),spike,16.1.0,riscv64,4096,20000,2654435769,2000,10217,9783,11511719364379,PASS,1,0.002585579,0.002585579,0.0,0,6677229,,,,,,0,0,0,0,0.0,,,,,,,,1,spike_exact_commit_log
323_b33_uniform_random_block_runs__c33_cache_set_conflict_stress.spike.txt,323_b33_uniform_random_block_runs__c33_cache_set_conflict_stress.c,uniform_random_block_runs,cache_set_conflict_stress,small_L1,stochastic,conflict/associativity,spike,16.1.0,riscv64,4096,20000,2654435769,2000,10217,9783,5969858878574,PASS,1,0.000303711,0.000303711,0.0,0,1643898,,,,,,0,0,0,0,0.0,,,,,,,,1,spike_exact_commit_log
324_b33_uniform_random_block_runs__c34_variable_length_burst_reuse.spike.txt,324_b33_uniform_random_block_runs__c34_variable_length_burst_reuse.c,uniform_random_block_runs,variable_length_burst_reuse,medium_L2,stochastic,capacity (uniform random),spike,16.1.0,riscv64,4096,20000,2654435769,2000,10217,9783,11167091923577,PASS,1,0.000441484,0.000441484,0.0,0,1985137,,,,,,0,0,0,0,0.0,,,,,,,,1,spike_exact_commit_log
325_b33_uniform_random_block_runs__c35_checkerboard_red_black.spike.txt,325_b33_uniform_random_block_runs__c35_checkerboard_red_black.c,uniform_random_block_runs,checkerboard_red_black,large_L3,stochastic,mixed spatial (traversal-order dependent),spike,16.1.0,riscv64,4096,20000,2654435769,2000,10217,9783,11475934393132,PASS,1,0.000566166,0.000566166,0.0,0,2251875,,,,,,0,0,0,0,0.0,,,,,,,,1,spike_exact_commit_log
326_b33_uniform_random_block_runs__c36_im2col_overlapping_patch_gather.spike.txt,326_b33_uniform_random_block_runs__c36_im2col_overlapping_patch_gather.c,uniform_random_block_runs,im2col_overlapping_patch_gather,xlarge_DRAM,stochastic,compulsory+streaming (prefetch-friendly),spike,16.1.0,riscv64,4096,20000,2654435769,2000,10217,9783,11498276853216,PASS,1,0.000484942,0.000484942,0.0,0,2076649,,,,,,0,0,0,0,0.0,,,,,,,,1,spike_exact_commit_log
327_b33_uniform_random_block_runs__c37_double_buffer_epoch_alternation.spike.txt,327_b33_uniform_random_block_runs__c37_double_buffer_epoch_alternation.c,uniform_random_block_runs,double_buffer_epoch_alternation,small_L1,stochastic,conflict+capacity (thrashing/alternation),spike,16.1.0,riscv64,4096,20000,2654435769,2000,10217,9783,11444038477088,PASS,1,0.00042371,0.00042371,0.0,0,1893092,,,,,,0,0,0,0,0.0,,,,,,,,1,spike_exact_commit_log
328_b33_uniform_random_block_runs__c38_cuckoo_double_hash_probe.spike.txt,328_b33_uniform_random_block_runs__c38_cuckoo_double_hash_probe.c,uniform_random_block_runs,cuckoo_double_hash_probe,medium_L2,stochastic,capacity+compulsory (indirect gather/scatter),spike,16.1.0,riscv64,4096,20000,2654435769,2000,10217,9783,11261988884071,PASS,1,0.00052617,0.00052617,0.0,0,2165917,,,,,,0,0,0,0,0.0,,,,,,,,1,spike_exact_commit_log
329_b33_uniform_random_block_runs__c39_bounded_random_walk.spike.txt,329_b33_uniform_random_block_runs__c39_bounded_random_walk.c,uniform_random_block_runs,bounded_random_walk,large_L3,stochastic,capacity (uniform random),spike,16.1.0,riscv64,4096,20000,2654435769,2000,10217,9783,11911800789124,PASS,1,0.00056371,0.00056371,0.0,0,2250001,,,,,,0,0,0,0,0.0,,,,,,,,1,spike_exact_commit_log
330_b33_uniform_random_block_runs__c40_causal_attention_triangular.spike.txt,330_b33_uniform_random_block_runs__c40_causal_attention_triangular.c,uniform_random_block_runs,causal_attention_triangular,xlarge_DRAM,stochastic,mixed/unclassified,spike,16.1.0,riscv64,4096,20000,2654435769,2000,10217,9783,11329420091769,PASS,1,0.000546166,0.000546166,0.0,0,2211317,,,,,,0,0,0,0,0.0,,,,,,,,1,spike_exact_commit_log
331_b34_data_driven_countdown__c31_fibonacci_stride.spike.txt,331_b34_data_driven_countdown__c31_fibonacci_stride.c,data_driven_countdown,fibonacci_stride,xlarge_DRAM,value-dependent,compulsory+streaming (prefetch-friendly),spike,16.1.0,riscv64,4096,20000,2654435769,2000,20000,0,43037253318692,PASS,1,0.000493422,0.000493422,0.0,0,2052935,,,,,,0,0,0,0,0.0,,,,,,,,1,spike_exact_commit_log
332_b34_data_driven_countdown__c32_hilbert_curve_traversal.spike.txt,332_b34_data_driven_countdown__c32_hilbert_curve_traversal.c,data_driven_countdown,hilbert_curve_traversal,small_L1,value-dependent,mixed spatial (traversal-order dependent),spike,16.1.0,riscv64,4096,20000,2654435769,2000,20000,0,42736447340704,PASS,1,0.002358769,0.002358769,0.0,0,6166896,,,,,,0,0,0,0,0.0,,,,,,,,1,spike_exact_commit_log
333_b34_data_driven_countdown__c33_cache_set_conflict_stress.spike.txt,333_b34_data_driven_countdown__c33_cache_set_conflict_stress.c,data_driven_countdown,cache_set_conflict_stress,medium_L2,value-dependent,conflict/associativity,spike,16.1.0,riscv64,4096,20000,2654435769,2000,20000,0,22419899590000,PASS,1,0.000196009,0.000196009,0.0,0,1403095,,,,,,0,0,0,0,0.0,,,,,,,,1,spike_exact_commit_log
334_b34_data_driven_countdown__c34_variable_length_burst_reuse.spike.txt,334_b34_data_driven_countdown__c34_variable_length_burst_reuse.c,data_driven_countdown,variable_length_burst_reuse,large_L3,value-dependent,capacity (uniform random),spike,16.1.0,riscv64,4096,20000,2654435769,2000,20000,0,42330359835328,PASS,1,0.000331918,0.000331918,0.0,0,1702019,,,,,,0,0,0,0,0.0,,,,,,,,1,spike_exact_commit_log
335_b34_data_driven_countdown__c35_checkerboard_red_black.spike.txt,335_b34_data_driven_countdown__c35_checkerboard_red_black.c,data_driven_countdown,checkerboard_red_black,xlarge_DRAM,value-dependent,mixed spatial (traversal-order dependent),spike,16.1.0,riscv64,4096,20000,2654435769,2000,20000,0,42379981740687,PASS,1,0.000453716,0.000453716,0.0,0,1967463,,,,,,0,0,0,0,0.0,,,,,,,,1,spike_exact_commit_log
336_b34_data_driven_countdown__c36_im2col_overlapping_patch_gather.spike.txt,336_b34_data_driven_countdown__c36_im2col_overlapping_patch_gather.c,data_driven_countdown,im2col_overlapping_patch_gather,small_L1,value-dependent,compulsory+streaming (prefetch-friendly),spike,16.1.0,riscv64,4096,20000,2654435769,2000,20000,0,42783781252732,PASS,1,0.000393455,0.000393455,0.0,0,1829187,,,,,,0,0,0,0,0.0,,,,,,,,1,spike_exact_commit_log
337_b34_data_driven_countdown__c37_double_buffer_epoch_alternation.spike.txt,337_b34_data_driven_countdown__c37_double_buffer_epoch_alternation.c,data_driven_countdown,double_buffer_epoch_alternation,medium_L2,value-dependent,conflict+capacity (thrashing/alternation),spike,16.1.0,riscv64,4096,20000,2654435769,2000,20000,0,42770932402208,PASS,1,0.000313292,0.000313292,0.0,0,1645573,,,,,,0,0,0,0,0.0,,,,,,,,1,spike_exact_commit_log
338_b34_data_driven_countdown__c38_cuckoo_double_hash_probe.spike.txt,338_b34_data_driven_countdown__c38_cuckoo_double_hash_probe.c,data_driven_countdown,cuckoo_double_hash_probe,large_L3,value-dependent,capacity+compulsory (indirect gather/scatter),spike,16.1.0,riscv64,4096,20000,2654435769,2000,20000,0,42473750700909,PASS,1,0.000413361,0.000413361,0.0,0,1876425,,,,,,0,0,0,0,0.0,,,,,,,,1,spike_exact_commit_log
339_b34_data_driven_countdown__c39_bounded_random_walk.spike.txt,339_b34_data_driven_countdown__c39_bounded_random_walk.c,data_driven_countdown,bounded_random_walk,xlarge_DRAM,value-dependent,capacity (uniform random),spike,16.1.0,riscv64,4096,20000,2654435769,2000,20000,0,44231721440731,PASS,1,0.000453409,0.000453409,0.0,0,1965501,,,,,,0,0,0,0,0.0,,,,,,,,1,spike_exact_commit_log
340_b34_data_driven_countdown__c40_causal_attention_triangular.spike.txt,340_b34_data_driven_countdown__c40_causal_attention_triangular.c,data_driven_countdown,causal_attention_triangular,small_L1,value-dependent,mixed/unclassified,spike,16.1.0,riscv64,4096,20000,2654435769,2000,20000,0,42016027139157,PASS,1,0.000433282,0.000433282,0.0,0,1920727,,,,,,0,0,0,0,0.0,,,,,,,,1,spike_exact_commit_log
341_b35_xorshift_hash_mix__c31_fibonacci_stride.spike.txt,341_b35_xorshift_hash_mix__c31_fibonacci_stride.c,xorshift_hash_mix,fibonacci_stride,small_L1,stochastic,compulsory+streaming (prefetch-friendly),spike,16.1.0,riscv64,4096,20000,2654435769,2000,10001,9999,10944957754138,PASS,1,0.000620019,0.000620019,0.0,0,2332230,,,,,,0,0,0,0,0.0,,,,,,,,1,spike_exact_commit_log
342_b35_xorshift_hash_mix__c32_hilbert_curve_traversal.spike.txt,342_b35_xorshift_hash_mix__c32_hilbert_curve_traversal.c,xorshift_hash_mix,hilbert_curve_traversal,medium_L2,stochastic,mixed spatial (traversal-order dependent),spike,16.1.0,riscv64,4096,20000,2654435769,2000,9958,10042,10543875809467,PASS,1,0.002478808,0.002478808,0.0,0,6463773,,,,,,0,0,0,0,0.0,,,,,,,,1,spike_exact_commit_log
343_b35_xorshift_hash_mix__c33_cache_set_conflict_stress.spike.txt,343_b35_xorshift_hash_mix__c33_cache_set_conflict_stress.c,xorshift_hash_mix,cache_set_conflict_stress,large_L3,stochastic,conflict/associativity,spike,16.1.0,riscv64,4096,20000,2654435769,2000,5000,15000,18446741271222151616,PASS,1,0.000320014,0.000320014,0.0,0,1668079,,,,,,0,0,0,0,0.0,,,,,,,,1,spike_exact_commit_log
344_b35_xorshift_hash_mix__c34_variable_length_burst_reuse.spike.txt,344_b35_xorshift_hash_mix__c34_variable_length_burst_reuse.c,xorshift_hash_mix,variable_length_burst_reuse,xlarge_DRAM,stochastic,capacity (uniform random),spike,16.1.0,riscv64,4096,20000,2654435769,2000,9700,10300,9873598501598,PASS,1,0.000437789,0.000437789,0.0,0,1940590,,,,,,0,0,0,0,0.0,,,,,,,,1,spike_exact_commit_log
345_b35_xorshift_hash_mix__c35_checkerboard_red_black.spike.txt,345_b35_xorshift_hash_mix__c35_checkerboard_red_black.c,xorshift_hash_mix,checkerboard_red_black,small_L1,stochastic,mixed spatial (traversal-order dependent),spike,16.1.0,riscv64,4096,20000,2654435769,2000,10087,9913,11026168933459,PASS,1,0.00056001,0.00056001,0.0,0,2204704,,,,,,0,0,0,0,0.0,,,,,,,,1,spike_exact_commit_log
346_b35_xorshift_hash_mix__c36_im2col_overlapping_patch_gather.spike.txt,346_b35_xorshift_hash_mix__c36_im2col_overlapping_patch_gather.c,xorshift_hash_mix,im2col_overlapping_patch_gather,medium_L2,stochastic,compulsory+streaming (prefetch-friendly),spike,16.1.0,riscv64,4096,20000,2654435769,2000,10061,9939,10826382301871,PASS,1,0.000500012,0.000500012,0.0,0,2067946,,,,,,0,0,0,0,0.0,,,,,,,,1,spike_exact_commit_log
347_b35_xorshift_hash_mix__c37_double_buffer_epoch_alternation.spike.txt,347_b35_xorshift_hash_mix__c37_double_buffer_epoch_alternation.c,xorshift_hash_mix,double_buffer_epoch_alternation,large_L3,stochastic,conflict+capacity (thrashing/alternation),spike,16.1.0,riscv64,4096,20000,2654435769,2000,10040,9960,10799946613648,PASS,1,0.00042001,0.00042001,0.0,0,1883141,,,,,,0,0,0,0,0.0,,,,,,,,1,spike_exact_commit_log
348_b35_xorshift_hash_mix__c38_cuckoo_double_hash_probe.spike.txt,348_b35_xorshift_hash_mix__c38_cuckoo_double_hash_probe.c,xorshift_hash_mix,cuckoo_double_hash_probe,xlarge_DRAM,stochastic,capacity+compulsory (indirect gather/scatter),spike,16.1.0,riscv64,4096,20000,2654435769,2000,9997,10003,10473573960072,PASS,1,0.000540014,0.000540014,0.0,0,2159778,,,,,,0,0,0,0,0.0,,,,,,,,1,spike_exact_commit_log
349_b35_xorshift_hash_mix__c39_bounded_random_walk.spike.txt,349_b35_xorshift_hash_mix__c39_bounded_random_walk.c,xorshift_hash_mix,bounded_random_walk,small_L1,stochastic,capacity (uniform random),spike,16.1.0,riscv64,4096,20000,2654435769,2000,9916,10084,10798483091422,PASS,1,0.000560016,0.000560016,0.0,0,2204024,,,,,,0,0,0,0,0.0,,,,,,,,1,spike_exact_commit_log
350_b35_xorshift_hash_mix__c40_causal_attention_triangular.spike.txt,350_b35_xorshift_hash_mix__c40_causal_attention_triangular.c,xorshift_hash_mix,causal_attention_triangular,medium_L2,stochastic,mixed/unclassified,spike,16.1.0,riscv64,4096,20000,2654435769,2000,10093,9907,10504862127312,PASS,1,0.00054001,0.00054001,0.0,0,2160656,,,,,,0,0,0,0,0.0,,,,,,,,1,spike_exact_commit_log
351_b36_traffic_light_fsm__c31_fibonacci_stride.spike.txt,351_b36_traffic_light_fsm__c31_fibonacci_stride.c,traffic_light_fsm,fibonacci_stride,medium_L2,mixed/other,compulsory+streaming (prefetch-friendly),spike,16.1.0,riscv64,4096,20000,2654435769,2000,6062,13938,18446742238509092372,PASS,1,0.000683658,0.000683658,0.0,0,2472554,,,,,,0,0,0,0,0.0,,,,,,,,1,spike_exact_commit_log
352_b36_traffic_light_fsm__c32_hilbert_curve_traversal.spike.txt,352_b36_traffic_light_fsm__c32_hilbert_curve_traversal.c,traffic_light_fsm,hilbert_curve_traversal,large_L3,mixed/other,mixed spatial (traversal-order dependent),spike,16.1.0,riscv64,4096,20000,2654435769,2000,6062,13938,18446741879887583445,PASS,1,0.002584265,0.002584265,0.0,0,6687475,,,,,,0,0,0,0,0.0,,,,,,,,1,spike_exact_commit_log
353_b36_traffic_light_fsm__c33_cache_set_conflict_stress.spike.txt,353_b36_traffic_light_fsm__c33_cache_set_conflict_stress.c,traffic_light_fsm,cache_set_conflict_stress,xlarge_DRAM,mixed/other,conflict/associativity,spike,16.1.0,riscv64,4096,20000,2654435769,2000,6062,13938,18446743056967025066,PASS,1,0.000363652,0.000363652,0.0,0,1776752,,,,,,0,0,0,0,0.0,,,,,,,,1,spike_exact_commit_log
354_b36_traffic_light_fsm__c34_variable_length_burst_reuse.spike.txt,354_b36_traffic_light_fsm__c34_variable_length_burst_reuse.c,traffic_light_fsm,variable_length_burst_reuse,small_L1,mixed/other,capacity (uniform random),spike,16.1.0,riscv64,4096,20000,2654435769,2000,6062,13938,18446742243343300679,PASS,1,0.000503246,0.000503246,0.0,0,2121223,,,,,,0,0,0,0,0.0,,,,,,,,1,spike_exact_commit_log
355_b36_traffic_light_fsm__c35_checkerboard_red_black.spike.txt,355_b36_traffic_light_fsm__c35_checkerboard_red_black.c,traffic_light_fsm,checkerboard_red_black,medium_L2,mixed/other,mixed spatial (traversal-order dependent),spike,16.1.0,riscv64,4096,20000,2654435769,2000,6062,13938,18446741954606681980,PASS,1,0.000625468,0.000625468,0.0,0,2386603,,,,,,0,0,0,0,0.0,,,,,,,,1,spike_exact_commit_log
356_b36_traffic_light_fsm__c36_im2col_overlapping_patch_gather.spike.txt,356_b36_traffic_light_fsm__c36_im2col_overlapping_patch_gather.c,traffic_light_fsm,im2col_overlapping_patch_gather,large_L3,mixed/other,compulsory+streaming (prefetch-friendly),spike,16.1.0,riscv64,4096,20000,2654435769,2000,6062,13938,18446742140485531295,PASS,1,0.000563652,0.000563652,0.0,0,2208638,,,,,,0,0,0,0,0.0,,,,,,,,1,spike_exact_commit_log
357_b36_traffic_light_fsm__c37_double_buffer_epoch_alternation.spike.txt,357_b36_traffic_light_fsm__c37_double_buffer_epoch_alternation.c,traffic_light_fsm,double_buffer_epoch_alternation,xlarge_DRAM,mixed/other,conflict+capacity (thrashing/alternation),spike,16.1.0,riscv64,4096,20000,2654435769,2000,6062,13938,18446742009932948441,PASS,1,0.000483651,0.000483651,0.0,0,2025238,,,,,,0,0,0,0,0.0,,,,,,,,1,spike_exact_commit_log
358_b36_traffic_light_fsm__c38_cuckoo_double_hash_probe.spike.txt,358_b36_traffic_light_fsm__c38_cuckoo_double_hash_probe.c,traffic_light_fsm,cuckoo_double_hash_probe,small_L1,mixed/other,capacity+compulsory (indirect gather/scatter),spike,16.1.0,riscv64,4096,20000,2654435769,2000,6062,13938,18446742221703392616,PASS,1,0.000583655,0.000583655,0.0,0,2293811,,,,,,0,0,0,0,0.0,,,,,,,,1,spike_exact_commit_log
359_b36_traffic_light_fsm__c39_bounded_random_walk.spike.txt,359_b36_traffic_light_fsm__c39_bounded_random_walk.c,traffic_light_fsm,bounded_random_walk,medium_L2,mixed/other,capacity (uniform random),spike,16.1.0,riscv64,4096,20000,2654435769,2000,6062,13938,18446742004062776698,PASS,1,0.000625471,0.000625471,0.0,0,2386017,,,,,,0,0,0,0,0.0,,,,,,,,1,spike_exact_commit_log
360_b36_traffic_light_fsm__c40_causal_attention_triangular.spike.txt,360_b36_traffic_light_fsm__c40_causal_attention_triangular.c,traffic_light_fsm,causal_attention_triangular,large_L3,mixed/other,mixed/unclassified,spike,16.1.0,riscv64,4096,20000,2654435769,2000,6062,13938,18446742103035120588,PASS,1,0.000603651,0.000603651,0.0,0,2301048,,,,,,0,0,0,0,0.0,,,,,,,,1,spike_exact_commit_log
361_b37_value_driven_unswitch_run__c31_fibonacci_stride.spike.txt,361_b37_value_driven_unswitch_run__c31_fibonacci_stride.c,value_driven_unswitch_run,fibonacci_stride,large_L3,indirect-branch,compulsory+streaming (prefetch-friendly),spike,16.1.0,riscv64,4096,20000,2654435769,2000,17891,2109,36168877633960,PASS,1,0.000520019,0.000520019,0.0,0,2116660,,,,,,0,0,0,0,0.0,,,,,,,,1,spike_exact_commit_log
362_b37_value_driven_unswitch_run__c32_hilbert_curve_traversal.spike.txt,362_b37_value_driven_unswitch_run__c32_hilbert_curve_traversal.c,value_driven_unswitch_run,hilbert_curve_traversal,xlarge_DRAM,indirect-branch,mixed spatial (traversal-order dependent),spike,16.1.0,riscv64,4096,20000,2654435769,2000,17886,2114,35914256864961,PASS,1,0.002380924,0.002380924,0.0,0,6247937,,,,,,0,0,0,0,0.0,,,,,,,,1,spike_exact_commit_log
363_b37_value_driven_unswitch_run__c33_cache_set_conflict_stress.spike.txt,363_b37_value_driven_unswitch_run__c33_cache_set_conflict_stress.c,value_driven_unswitch_run,cache_set_conflict_stress,small_L1,indirect-branch,conflict/associativity,spike,16.1.0,riscv64,4096,20000,2654435769,2000,16667,3333,16815485189158,PASS,1,0.000220012,0.000220012,0.0,0,1450923,,,,,,0,0,0,0,0.0,,,,,,,,1,spike_exact_commit_log
364_b37_value_driven_unswitch_run__c34_variable_length_burst_reuse.spike.txt,364_b37_value_driven_unswitch_run__c34_variable_length_burst_reuse.c,value_driven_unswitch_run,variable_length_burst_reuse,medium_L2,indirect-branch,capacity (uniform random),spike,16.1.0,riscv64,4096,20000,2654435769,2000,17873,2127,35619723762928,PASS,1,0.000357789,0.000357789,0.0,0,1764370,,,,,,0,0,0,0,0.0,,,,,,,,1,spike_exact_commit_log
365_b37_value_driven_unswitch_run__c35_checkerboard_red_black.spike.txt,365_b37_value_driven_unswitch_run__c35_checkerboard_red_black.c,value_driven_unswitch_run,checkerboard_red_black,large_L3,indirect-branch,mixed spatial (traversal-order dependent),spike,16.1.0,riscv64,4096,20000,2654435769,2000,17576,2424,34675172383987,PASS,1,0.000480013,0.000480013,0.0,0,2029664,,,,,,0,0,0,0,0.0,,,,,,,,1,spike_exact_commit_log
366_b37_value_driven_unswitch_run__c36_im2col_overlapping_patch_gather.spike.txt,366_b37_value_driven_unswitch_run__c36_im2col_overlapping_patch_gather.c,value_driven_unswitch_run,im2col_overlapping_patch_gather,xlarge_DRAM,indirect-branch,compulsory+streaming (prefetch-friendly),spike,16.1.0,riscv64,4096,20000,2654435769,2000,17880,2120,35857782720678,PASS,1,0.000420015,0.000420015,0.0,0,1892496,,,,,,0,0,0,0,0.0,,,,,,,,1,spike_exact_commit_log
367_b37_value_driven_unswitch_run__c37_double_buffer_epoch_alternation.spike.txt,367_b37_value_driven_unswitch_run__c37_double_buffer_epoch_alternation.c,value_driven_unswitch_run,double_buffer_epoch_alternation,small_L1,indirect-branch,conflict+capacity (thrashing/alternation),spike,16.1.0,riscv64,4096,20000,2654435769,2000,17503,2497,34608637829721,PASS,1,0.000340013,0.000340013,0.0,0,1699377,,,,,,0,0,0,0,0.0,,,,,,,,1,spike_exact_commit_log
368_b37_value_driven_unswitch_run__c38_cuckoo_double_hash_probe.spike.txt,368_b37_value_driven_unswitch_run__c38_cuckoo_double_hash_probe.c,value_driven_unswitch_run,cuckoo_double_hash_probe,medium_L2,indirect-branch,capacity+compulsory (indirect gather/scatter),spike,16.1.0,riscv64,4096,20000,2654435769,2000,17930,2070,35928739181882,PASS,1,0.000440017,0.000440017,0.0,0,1939716,,,,,,0,0,0,0,0.0,,,,,,,,1,spike_exact_commit_log
369_b37_value_driven_unswitch_run__c39_bounded_random_walk.spike.txt,369_b37_value_driven_unswitch_run__c39_bounded_random_walk.c,value_driven_unswitch_run,bounded_random_walk,large_L3,indirect-branch,capacity (uniform random),spike,16.1.0,riscv64,4096,20000,2654435769,2000,17895,2105,37314570064761,PASS,1,0.000480016,0.000480016,0.0,0,2029118,,,,,,0,0,0,0,0.0,,,,,,,,1,spike_exact_commit_log
370_b37_value_driven_unswitch_run__c40_causal_attention_triangular.spike.txt,370_b37_value_driven_unswitch_run__c40_causal_attention_triangular.c,value_driven_unswitch_run,causal_attention_triangular,xlarge_DRAM,indirect-branch,mixed/unclassified,spike,16.1.0,riscv64,4096,20000,2654435769,2000,17762,2238,35064109471802,PASS,1,0.000460013,0.000460013,0.0,0,1984914,,,,,,0,0,0,0,0.0,,,,,,,,1,spike_exact_commit_log
371_b38_decaying_hazard_probability__c31_fibonacci_stride.spike.txt,371_b38_decaying_hazard_probability__c31_fibonacci_stride.c,decaying_hazard_probability,fibonacci_stride,xlarge_DRAM,stochastic,compulsory+streaming (prefetch-friendly),spike,16.1.0,riscv64,4096,20000,2654435769,2000,2779,17221,18446731450371104166,PASS,1,0.000620027,0.000620027,0.0,0,2336896,,,,,,0,0,0,0,0.0,,,,,,,,1,spike_exact_commit_log
372_b38_decaying_hazard_probability__c32_hilbert_curve_traversal.spike.txt,372_b38_decaying_hazard_probability__c32_hilbert_curve_traversal.c,decaying_hazard_probability,hilbert_curve_traversal,small_L1,stochastic,mixed spatial (traversal-order dependent),spike,16.1.0,riscv64,4096,20000,2654435769,2000,2779,17221,18446731699901256416,PASS,1,0.002638811,0.002638811,0.0,0,6802891,,,,,,0,0,0,0,0.0,,,,,,,,1,spike_exact_commit_log
373_b38_decaying_hazard_probability__c33_cache_set_conflict_stress.spike.txt,373_b38_decaying_hazard_probability__c33_cache_set_conflict_stress.c,decaying_hazard_probability,cache_set_conflict_stress,medium_L2,stochastic,conflict/associativity,spike,16.1.0,riscv64,4096,20000,2654435769,2000,2779,17221,18446737536624733959,PASS,1,0.000320021,0.000320021,0.0,0,1680694,,,,,,0,0,0,0,0.0,,,,,,,,1,spike_exact_commit_log
374_b38_decaying_hazard_probability__c34_variable_length_burst_reuse.spike.txt,374_b38_decaying_hazard_probability__c34_variable_length_burst_reuse.c,decaying_hazard_probability,variable_length_burst_reuse,large_L3,stochastic,capacity (uniform random),spike,16.1.0,riscv64,4096,20000,2654435769,2000,2779,17221,18446731506990168258,PASS,1,0.000457794,0.000457794,0.0,0,2022131,,,,,,0,0,0,0,0.0,,,,,,,,1,spike_exact_commit_log
375_b38_decaying_hazard_probability__c35_checkerboard_red_black.spike.txt,375_b38_decaying_hazard_probability__c35_checkerboard_red_black.c,decaying_hazard_probability,checkerboard_red_black,xlarge_DRAM,stochastic,mixed spatial (traversal-order dependent),spike,16.1.0,riscv64,4096,20000,2654435769,2000,2779,17221,18446732070794140217,PASS,1,0.000560022,0.000560022,0.0,0,2246581,,,,,,0,0,0,0,0.0,,,,,,,,1,spike_exact_commit_log
376_b38_decaying_hazard_probability__c36_im2col_overlapping_patch_gather.spike.txt,376_b38_decaying_hazard_probability__c36_im2col_overlapping_patch_gather.c,decaying_hazard_probability,im2col_overlapping_patch_gather,small_L1,stochastic,compulsory+streaming (prefetch-friendly),spike,16.1.0,riscv64,4096,20000,2654435769,2000,2779,17221,18446731623184322536,PASS,1,0.000520023,0.000520023,0.0,0,2112544,,,,,,0,0,0,0,0.0,,,,,,,,1,spike_exact_commit_log
377_b38_decaying_hazard_probability__c37_double_buffer_epoch_alternation.spike.txt,377_b38_decaying_hazard_probability__c37_double_buffer_epoch_alternation.c,decaying_hazard_probability,double_buffer_epoch_alternation,medium_L2,stochastic,conflict+capacity (thrashing/alternation),spike,16.1.0,riscv64,4096,20000,2654435769,2000,2779,17221,18446731863854055267,PASS,1,0.000440021,0.000440021,0.0,0,1929212,,,,,,0,0,0,0,0.0,,,,,,,,1,spike_exact_commit_log
378_b38_decaying_hazard_probability__c38_cuckoo_double_hash_probe.spike.txt,378_b38_decaying_hazard_probability__c38_cuckoo_double_hash_probe.c,decaying_hazard_probability,cuckoo_double_hash_probe,large_L3,stochastic,capacity+compulsory (indirect gather/scatter),spike,16.1.0,riscv64,4096,20000,2654435769,2000,2779,17221,18446731742200466285,PASS,1,0.000540025,0.000540025,0.0,0,2197289,,,,,,0,0,0,0,0.0,,,,,,,,1,spike_exact_commit_log
379_b38_decaying_hazard_probability__c39_bounded_random_walk.spike.txt,379_b38_decaying_hazard_probability__c39_bounded_random_walk.c,decaying_hazard_probability,bounded_random_walk,xlarge_DRAM,stochastic,capacity (uniform random),spike,16.1.0,riscv64,4096,20000,2654435769,2000,2779,17221,18446731240565019664,PASS,1,0.000580019,0.000580019,0.0,0,2286207,,,,,,0,0,0,0,0.0,,,,,,,,1,spike_exact_commit_log
380_b38_decaying_hazard_probability__c40_causal_attention_triangular.spike.txt,380_b38_decaying_hazard_probability__c40_causal_attention_triangular.c,decaying_hazard_probability,causal_attention_triangular,small_L1,stochastic,mixed/unclassified,spike,16.1.0,riscv64,4096,20000,2654435769,2000,2779,17221,18446731963735694634,PASS,1,0.000560021,0.000560021,0.0,0,2242231,,,,,,0,0,0,0,0.0,,,,,,,,1,spike_exact_commit_log
381_b39_dual_lcg_xor_chaos__c31_fibonacci_stride.spike.txt,381_b39_dual_lcg_xor_chaos__c31_fibonacci_stride.c,dual_lcg_xor_chaos,fibonacci_stride,small_L1,stochastic,compulsory+streaming (prefetch-friendly),spike,16.1.0,riscv64,4096,20000,2654435769,2000,0,20000,18446722555082897140,PASS,1,0.000620024,0.000620024,0.0,0,2332326,,,,,,0,0,0,0,0.0,,,,,,,,1,spike_exact_commit_log
382_b39_dual_lcg_xor_chaos__c32_hilbert_curve_traversal.spike.txt,382_b39_dual_lcg_xor_chaos__c32_hilbert_curve_traversal.c,dual_lcg_xor_chaos,hilbert_curve_traversal,medium_L2,stochastic,mixed spatial (traversal-order dependent),spike,16.1.0,riscv64,4096,20000,2654435769,2000,0,20000,18446722705485886264,PASS,1,0.002538811,0.002538811,0.0,0,6591391,,,,,,0,0,0,0,0.0,,,,,,,,1,spike_exact_commit_log
383_b39_dual_lcg_xor_chaos__c33_cache_set_conflict_stress.spike.txt,383_b39_dual_lcg_xor_chaos__c33_cache_set_conflict_stress.c,dual_lcg_xor_chaos,cache_set_conflict_stress,large_L3,stochastic,conflict/associativity,spike,16.1.0,riscv64,4096,20000,2654435769,2000,0,20000,18446732863759761616,PASS,1,0.000300018,0.000300018,0.0,0,1636740,,,,,,0,0,0,0,0.0,,,,,,,,1,spike_exact_commit_log
384_b39_dual_lcg_xor_chaos__c34_variable_length_burst_reuse.spike.txt,384_b39_dual_lcg_xor_chaos__c34_variable_length_burst_reuse.c,dual_lcg_xor_chaos,variable_length_burst_reuse,xlarge_DRAM,stochastic,capacity (uniform random),spike,16.1.0,riscv64,4096,20000,2654435769,2000,0,20000,18446722908529638952,PASS,1,0.00043779,0.00043779,0.0,0,1940372,,,,,,0,0,0,0,0.0,,,,,,,,1,spike_exact_commit_log
385_b39_dual_lcg_xor_chaos__c35_checkerboard_red_black.spike.txt,385_b39_dual_lcg_xor_chaos__c35_checkerboard_red_black.c,dual_lcg_xor_chaos,checkerboard_red_black,small_L1,stochastic,mixed spatial (traversal-order dependent),spike,16.1.0,riscv64,4096,20000,2654435769,2000,0,20000,18446722883718686274,PASS,1,0.000560018,0.000560018,0.0,0,2205226,,,,,,0,0,0,0,0.0,,,,,,,,1,spike_exact_commit_log
386_b39_dual_lcg_xor_chaos__c36_im2col_overlapping_patch_gather.spike.txt,386_b39_dual_lcg_xor_chaos__c36_im2col_overlapping_patch_gather.c,dual_lcg_xor_chaos,im2col_overlapping_patch_gather,medium_L2,stochastic,compulsory+streaming (prefetch-friendly),spike,16.1.0,riscv64,4096,20000,2654435769,2000,0,20000,18446722681818930250,PASS,1,0.00050002,0.00050002,0.0,0,2067644,,,,,,0,0,0,0,0.0,,,,,,,,1,spike_exact_commit_log
387_b39_dual_lcg_xor_chaos__c37_double_buffer_epoch_alternation.spike.txt,387_b39_dual_lcg_xor_chaos__c37_double_buffer_epoch_alternation.c,dual_lcg_xor_chaos,double_buffer_epoch_alternation,large_L3,stochastic,conflict+capacity (thrashing/alternation),spike,16.1.0,riscv64,4096,20000,2654435769,2000,0,20000,18446722688243355512,PASS,1,0.000420018,0.000420018,0.0,0,1884808,,,,,,0,0,0,0,0.0,,,,,,,,1,spike_exact_commit_log
388_b39_dual_lcg_xor_chaos__c38_cuckoo_double_hash_probe.spike.txt,388_b39_dual_lcg_xor_chaos__c38_cuckoo_double_hash_probe.c,dual_lcg_xor_chaos,cuckoo_double_hash_probe,xlarge_DRAM,stochastic,capacity+compulsory (indirect gather/scatter),spike,16.1.0,riscv64,4096,20000,2654435769,2000,0,20000,18446722836834206173,PASS,1,0.000520022,0.000520022,0.0,0,2115870,,,,,,0,0,0,0,0.0,,,,,,,,1,spike_exact_commit_log
389_b39_dual_lcg_xor_chaos__c39_bounded_random_walk.spike.txt,389_b39_dual_lcg_xor_chaos__c39_bounded_random_walk.c,dual_lcg_xor_chaos,bounded_random_walk,small_L1,stochastic,capacity (uniform random),spike,16.1.0,riscv64,4096,20000,2654435769,2000,0,20000,18446721957848836251,PASS,1,0.000560017,0.000560017,0.0,0,2203982,,,,,,0,0,0,0,0.0,,,,,,,,1,spike_exact_commit_log
390_b39_dual_lcg_xor_chaos__c40_causal_attention_triangular.spike.txt,390_b39_dual_lcg_xor_chaos__c40_causal_attention_triangular.c,dual_lcg_xor_chaos,causal_attention_triangular,medium_L2,stochastic,mixed/unclassified,spike,16.1.0,riscv64,4096,20000,2654435769,2000,0,20000,18446723065695987036,PASS,1,0.000540018,0.000540018,0.0,0,2160916,,,,,,0,0,0,0,0.0,,,,,,,,1,spike_exact_commit_log
391_b40_collatz_value_transform__c31_fibonacci_stride.spike.txt,391_b40_collatz_value_transform__c31_fibonacci_stride.c,collatz_value_transform,fibonacci_stride,medium_L2,value-dependent,compulsory+streaming (prefetch-friendly),spike,16.1.0,riscv64,4096,20000,2654435769,2000,0,20000,18446722639780035250,PASS,1,0.000500013,0.000500013,0.0,0,2067201,,,,,,0,0,0,0,0.0,,,,,,,,1,spike_exact_commit_log
392_b40_collatz_value_transform__c32_hilbert_curve_traversal.spike.txt,392_b40_collatz_value_transform__c32_hilbert_curve_traversal.c,collatz_value_transform,hilbert_curve_traversal,large_L3,value-dependent,mixed spatial (traversal-order dependent),spike,16.1.0,riscv64,4096,20000,2654435769,2000,0,20000,18446722661917901824,PASS,1,0.002538805,0.002538805,0.0,0,6604689,,,,,,0,0,0,0,0.0,,,,,,,,1,spike_exact_commit_log
393_b40_collatz_value_transform__c33_cache_set_conflict_stress.spike.txt,393_b40_collatz_value_transform__c33_cache_set_conflict_stress.c,collatz_value_transform,cache_set_conflict_stress,xlarge_DRAM,value-dependent,conflict/associativity,spike,16.1.0,riscv64,4096,20000,2654435769,2000,0,20000,18446722641403777248,PASS,1,0.000220004,0.000220004,0.0,0,1451415,,,,,,0,0,0,0,0.0,,,,,,,,1,spike_exact_commit_log
394_b40_collatz_value_transform__c34_variable_length_burst_reuse.spike.txt,394_b40_collatz_value_transform__c34_variable_length_burst_reuse.c,collatz_value_transform,variable_length_burst_reuse,small_L1,value-dependent,capacity (uniform random),spike,16.1.0,riscv64,4096,20000,2654435769,2000,0,20000,18446722839587382260,PASS,1,0.000335561,0.000335561,0.0,0,1710169,,,,,,0,0,0,0,0.0,,,,,,,,1,spike_exact_commit_log
395_b40_collatz_value_transform__c35_checkerboard_red_black.spike.txt,395_b40_collatz_value_transform__c35_checkerboard_red_black.c,collatz_value_transform,checkerboard_red_black,medium_L2,value-dependent,mixed spatial (traversal-order dependent),spike,16.1.0,riscv64,4096,20000,2654435769,2000,0,20000,18446722802795544298,PASS,1,0.000440004,0.000440004,0.0,0,1936217,,,,,,0,0,0,0,0.0,,,,,,,,1,spike_exact_commit_log
396_b40_collatz_value_transform__c36_im2col_overlapping_patch_gather.spike.txt,396_b40_collatz_value_transform__c36_im2col_overlapping_patch_gather.c,collatz_value_transform,im2col_overlapping_patch_gather,large_L3,value-dependent,compulsory+streaming (prefetch-friendly),spike,16.1.0,riscv64,4096,20000,2654435769,2000,0,20000,18446722669608065508,PASS,1,0.000480008,0.000480008,0.0,0,2019935,,,,,,0,0,0,0,0.0,,,,,,,,1,spike_exact_commit_log
397_b40_collatz_value_transform__c37_double_buffer_epoch_alternation.spike.txt,397_b40_collatz_value_transform__c37_double_buffer_epoch_alternation.c,collatz_value_transform,double_buffer_epoch_alternation,xlarge_DRAM,value-dependent,conflict+capacity (thrashing/alternation),spike,16.1.0,riscv64,4096,20000,2654435769,2000,0,20000,18446722651769580256,PASS,1,0.000320004,0.000320004,0.0,0,1659581,,,,,,0,0,0,0,0.0,,,,,,,,1,spike_exact_commit_log
398_b40_collatz_value_transform__c38_cuckoo_double_hash_probe.spike.txt,398_b40_collatz_value_transform__c38_cuckoo_double_hash_probe.c,collatz_value_transform,cuckoo_double_hash_probe,small_L1,value-dependent,capacity+compulsory (indirect gather/scatter),spike,16.1.0,riscv64,4096,20000,2654435769,2000,0,20000,18446722707933895338,PASS,1,0.000430011,0.000430011,0.0,0,1913035,,,,,,0,0,0,0,0.0,,,,,,,,1,spike_exact_commit_log
399_b40_collatz_value_transform__c39_bounded_random_walk.spike.txt,399_b40_collatz_value_transform__c39_bounded_random_walk.c,collatz_value_transform,bounded_random_walk,medium_L2,value-dependent,capacity (uniform random),spike,16.1.0,riscv64,4096,20000,2654435769,2000,0,20000,18446722729303507260,PASS,1,0.000580013,0.000580013,0.0,0,2243163,,,,,,0,0,0,0,0.0,,,,,,,,1,spike_exact_commit_log
400_b40_collatz_value_transform__c40_causal_attention_triangular.spike.txt,400_b40_collatz_value_transform__c40_causal_attention_triangular.c,collatz_value_transform,causal_attention_triangular,large_L3,value-dependent,mixed/unclassified,spike,16.1.0,riscv64,4096,20000,2654435769,2000,0,20000,18446722784057108013,PASS,1,0.000440004,0.000440004,0.0,0,1935383,,,,,,0,0,0,0,0.0,,,,,,,,1,spike_exact_commit_log
401_b41_markov_chain_3state__c41_skip_list_multilevel_hop.spike.txt,401_b41_markov_chain_3state__c41_skip_list_multilevel_hop.c,markov_chain_3state,skip_list_multilevel_hop,small_L1,history-correlated,"compulsory+latency-bound (dependent loads, no prefetch)",spike,16.1.0,riscv64,4096,20000,2654435769,2000,2176,17824,18446729732652928058,PASS,1,0.000727207,0.000727207,0.0,0,2609555,,,,,,0,0,0,0,0.0,,,,,,,,1,spike_exact_commit_log
402_b41_markov_chain_3state__c42_cache_oblivious_funnel_stride.spike.txt,402_b41_markov_chain_3state__c42_cache_oblivious_funnel_stride.c,markov_chain_3state,cache_oblivious_funnel_stride,medium_L2,history-correlated,compulsory+streaming (prefetch-friendly),spike,16.1.0,riscv64,4096,20000,2654435769,2000,2176,17824,18446729747926911239,PASS,1,0.001499207,0.001499207,0.0,0,4304703,,,,,,0,0,0,0,0.0,,,,,,,,1,spike_exact_commit_log
403_b41_markov_chain_3state__c43_whole_buffer_rotation.spike.txt,403_b41_markov_chain_3state__c43_whole_buffer_rotation.c,markov_chain_3state,whole_buffer_rotation,large_L3,history-correlated,mixed/unclassified,spike,16.1.0,riscv64,4096,20000,2654435769,2000,2176,17824,18446729610294674290,PASS,1,0.000572208,0.000572208,0.0,0,2206946,,,,,,0,0,0,0,0.0,,,,,,,,1,spike_exact_commit_log
404_b41_markov_chain_3state__c44_naive_gemm_row_col_alternation.spike.txt,404_b41_markov_chain_3state__c44_naive_gemm_row_col_alternation.c,markov_chain_3state,naive_gemm_row_col_alternation,xlarge_DRAM,history-correlated,compulsory+streaming (prefetch-friendly),spike,16.1.0,riscv64,4096,20000,2654435769,2000,2176,17824,18446729620702745506,PASS,1,0.000702207,0.000702207,0.0,0,2555109,,,,,,0,0,0,0,0.0,,,,,,,,1,spike_exact_commit_log
405_b41_markov_chain_3state__c45_read_hot_write_cold_split.spike.txt,405_b41_markov_chain_3state__c45_read_hot_write_cold_split.c,markov_chain_3state,read_hot_write_cold_split,small_L1,history-correlated,temporal reuse (skewed/hot-set),spike,16.1.0,riscv64,4096,20000,2654435769,2000,2176,17824,18446729553433412829,PASS,1,0.000560208,0.000560208,0.0,0,2242977,,,,,,0,0,0,0,0.0,,,,,,,,1,spike_exact_commit_log
406_b41_markov_chain_3state__c46_cantor_gap_sparse.spike.txt,406_b41_markov_chain_3state__c46_cantor_gap_sparse.c,markov_chain_3state,cantor_gap_sparse,medium_L2,history-correlated,"compulsory (sparse, low reuse)",spike,16.1.0,riscv64,4096,20000,2654435769,2000,2176,17824,18446729642580889723,PASS,1,0.000964544,0.000964544,0.0,0,3127599,,,,,,0,0,0,0,0.0,,,,,,,,1,spike_exact_commit_log
407_b41_markov_chain_3state__c47_false_sharing_line_cycle.spike.txt,407_b41_markov_chain_3state__c47_false_sharing_line_cycle.c,markov_chain_3state,false_sharing_line_cycle,large_L3,history-correlated,conflict/associativity,spike,16.1.0,riscv64,4096,20000,2654435769,2000,2176,17824,18446729970521641104,PASS,1,0.000572208,0.000572208,0.0,0,2231144,,,,,,0,0,0,0,0.0,,,,,,,,1,spike_exact_commit_log
408_b41_markov_chain_3state__c48_exponential_backoff_probe.spike.txt,408_b41_markov_chain_3state__c48_exponential_backoff_probe.c,markov_chain_3state,exponential_backoff_probe,xlarge_DRAM,history-correlated,capacity (uniform random),spike,16.1.0,riscv64,4096,20000,2654435769,2000,2176,17824,18446729890844364310,PASS,1,0.000746491,0.000746491,0.0,0,2644479,,,,,,0,0,0,0,0.0,,,,,,,,1,spike_exact_commit_log
409_b41_markov_chain_3state__c49_binary_heap_parent_child.spike.txt,409_b41_markov_chain_3state__c49_binary_heap_parent_child.c,markov_chain_3state,binary_heap_parent_child,small_L1,history-correlated,capacity (uniform random),spike,16.1.0,riscv64,4096,20000,2654435769,2000,2176,17824,18446729743328812230,PASS,1,0.000699115,0.000699115,0.0,0,2545673,,,,,,0,0,0,0,0.0,,,,,,,,1,spike_exact_commit_log
410_b41_markov_chain_3state__c50_streaming_with_periodic_flush.spike.txt,410_b41_markov_chain_3state__c50_streaming_with_periodic_flush.c,markov_chain_3state,streaming_with_periodic_flush,medium_L2,history-correlated,compulsory+streaming (prefetch-friendly),spike,16.1.0,riscv64,4096,20000,2654435769,2000,2176,17824,18446729694676308256,PASS,1,0.000572205,0.000572205,0.0,0,2244137,,,,,,0,0,0,0,0.0,,,,,,,,1,spike_exact_commit_log
411_b42_bit_reversal_index_data_mix__c41_skip_list_multilevel_hop.spike.txt,411_b42_bit_reversal_index_data_mix__c41_skip_list_multilevel_hop.c,bit_reversal_index_data_mix,skip_list_multilevel_hop,medium_L2,history-correlated,"compulsory+latency-bound (dependent loads, no prefetch)",spike,16.1.0,riscv64,4096,20000,2654435769,2000,10505,9495,18446740053555796154,PASS,1,0.000975022,0.000975022,0.0,0,3141319,,,,,,0,0,0,0,0.0,,,,,,,,1,spike_exact_commit_log
412_b42_bit_reversal_index_data_mix__c42_cache_oblivious_funnel_stride.spike.txt,412_b42_bit_reversal_index_data_mix__c42_cache_oblivious_funnel_stride.c,bit_reversal_index_data_mix,cache_oblivious_funnel_stride,large_L3,history-correlated,compulsory+streaming (prefetch-friendly),spike,16.1.0,riscv64,4096,20000,2654435769,2000,10110,9890,18446738715376192753,PASS,1,0.001647022,0.001647022,0.0,0,4632917,,,,,,0,0,0,0,0.0,,,,,,,,1,spike_exact_commit_log
413_b42_bit_reversal_index_data_mix__c43_whole_buffer_rotation.spike.txt,413_b42_bit_reversal_index_data_mix__c43_whole_buffer_rotation.c,bit_reversal_index_data_mix,whole_buffer_rotation,xlarge_DRAM,history-correlated,mixed/unclassified,spike,16.1.0,riscv64,4096,20000,2654435769,2000,10186,9814,18446739074252533924,PASS,1,0.000740024,0.000740024,0.0,0,2621425,,,,,,0,0,0,0,0.0,,,,,,,,1,spike_exact_commit_log
414_b42_bit_reversal_index_data_mix__c44_naive_gemm_row_col_alternation.spike.txt,414_b42_bit_reversal_index_data_mix__c44_naive_gemm_row_col_alternation.c,bit_reversal_index_data_mix,naive_gemm_row_col_alternation,small_L1,history-correlated,compulsory+streaming (prefetch-friendly),spike,16.1.0,riscv64,4096,20000,2654435769,2000,10178,9822,18446739012608868937,PASS,1,0.00089002,0.00089002,0.0,0,2963695,,,,,,0,0,0,0,0.0,,,,,,,,1,spike_exact_commit_log
415_b42_bit_reversal_index_data_mix__c45_read_hot_write_cold_split.spike.txt,415_b42_bit_reversal_index_data_mix__c45_read_hot_write_cold_split.c,bit_reversal_index_data_mix,read_hot_write_cold_split,medium_L2,history-correlated,temporal reuse (skewed/hot-set),spike,16.1.0,riscv64,4096,20000,2654435769,2000,10009,9991,18446738504585384394,PASS,1,0.000728024,0.000728024,0.0,0,2617895,,,,,,0,0,0,0,0.0,,,,,,,,1,spike_exact_commit_log
416_b42_bit_reversal_index_data_mix__c46_cantor_gap_sparse.spike.txt,416_b42_bit_reversal_index_data_mix__c46_cantor_gap_sparse.c,bit_reversal_index_data_mix,cantor_gap_sparse,large_L3,history-correlated,"compulsory (sparse, low reuse)",spike,16.1.0,riscv64,4096,20000,2654435769,2000,10182,9818,18446739089061490124,PASS,1,0.001196275,0.001196275,0.0,0,3628929,,,,,,0,0,0,0,0.0,,,,,,,,1,spike_exact_commit_log
417_b42_bit_reversal_index_data_mix__c47_false_sharing_line_cycle.spike.txt,417_b42_bit_reversal_index_data_mix__c47_false_sharing_line_cycle.c,bit_reversal_index_data_mix,false_sharing_line_cycle,xlarge_DRAM,history-correlated,conflict/associativity,spike,16.1.0,riscv64,4096,20000,2654435769,2000,10771,9229,18446740532100455493,PASS,1,0.000740024,0.000740024,0.0,0,2637539,,,,,,0,0,0,0,0.0,,,,,,,,1,spike_exact_commit_log
418_b42_bit_reversal_index_data_mix__c48_exponential_backoff_probe.spike.txt,418_b42_bit_reversal_index_data_mix__c48_exponential_backoff_probe.c,bit_reversal_index_data_mix,exponential_backoff_probe,small_L1,history-correlated,capacity (uniform random),spike,16.1.0,riscv64,4096,20000,2654435769,2000,10224,9776,18446739456361841681,PASS,1,0.000974308,0.000974308,0.0,0,3158847,,,,,,0,0,0,0,0.0,,,,,,,,1,spike_exact_commit_log
419_b42_bit_reversal_index_data_mix__c49_binary_heap_parent_child.spike.txt,419_b42_bit_reversal_index_data_mix__c49_binary_heap_parent_child.c,bit_reversal_index_data_mix,binary_heap_parent_child,medium_L2,history-correlated,capacity (uniform random),spike,16.1.0,riscv64,4096,20000,2654435769,2000,10528,9472,18446739148507177197,PASS,1,0.000964176,0.000964176,0.0,0,3132179,,,,,,0,0,0,0,0.0,,,,,,,,1,spike_exact_commit_log
420_b42_bit_reversal_index_data_mix__c50_streaming_with_periodic_flush.spike.txt,420_b42_bit_reversal_index_data_mix__c50_streaming_with_periodic_flush.c,bit_reversal_index_data_mix,streaming_with_periodic_flush,large_L3,history-correlated,compulsory+streaming (prefetch-friendly),spike,16.1.0,riscv64,4096,20000,2654435769,2000,10173,9827,18446739040004501762,PASS,1,0.000760025,0.000760025,0.0,0,2661727,,,,,,0,0,0,0,0.0,,,,,,,,1,spike_exact_commit_log
421_b43_moving_average_threshold__c41_skip_list_multilevel_hop.spike.txt,421_b43_moving_average_threshold__c41_skip_list_multilevel_hop.c,moving_average_threshold,skip_list_multilevel_hop,large_L3,value-dependent,"compulsory+latency-bound (dependent loads, no prefetch)",spike,16.1.0,riscv64,4096,20000,2654435769,2000,17461,2539,41074463278351,PASS,1,0.000775013,0.000775013,0.0,0,2714179,,,,,,0,0,0,0,0.0,,,,,,,,1,spike_exact_commit_log
422_b43_moving_average_threshold__c42_cache_oblivious_funnel_stride.spike.txt,422_b43_moving_average_threshold__c42_cache_oblivious_funnel_stride.c,moving_average_threshold,cache_oblivious_funnel_stride,xlarge_DRAM,value-dependent,compulsory+streaming (prefetch-friendly),spike,16.1.0,riscv64,4096,20000,2654435769,2000,17434,2566,41397990354406,PASS,1,0.001507013,0.001507013,0.0,0,4325497,,,,,,0,0,0,0,0.0,,,,,,,,1,spike_exact_commit_log
423_b43_moving_average_threshold__c43_whole_buffer_rotation.spike.txt,423_b43_moving_average_threshold__c43_whole_buffer_rotation.c,moving_average_threshold,whole_buffer_rotation,small_L1,value-dependent,mixed/unclassified,spike,16.1.0,riscv64,4096,20000,2654435769,2000,17487,2513,41358711372438,PASS,1,0.000620013,0.000620013,0.0,0,2312542,,,,,,0,0,0,0,0.0,,,,,,,,1,spike_exact_commit_log
424_b43_moving_average_threshold__c44_naive_gemm_row_col_alternation.spike.txt,424_b43_moving_average_threshold__c44_naive_gemm_row_col_alternation.c,moving_average_threshold,naive_gemm_row_col_alternation,medium_L2,value-dependent,compulsory+streaming (prefetch-friendly),spike,16.1.0,riscv64,4096,20000,2654435769,2000,17380,2620,41386213653157,PASS,1,0.000730012,0.000730012,0.0,0,2616363,,,,,,0,0,0,0,0.0,,,,,,,,1,spike_exact_commit_log
425_b43_moving_average_threshold__c45_read_hot_write_cold_split.spike.txt,425_b43_moving_average_threshold__c45_read_hot_write_cold_split.c,moving_average_threshold,read_hot_write_cold_split,large_L3,value-dependent,temporal reuse (skewed/hot-set),spike,16.1.0,riscv64,4096,20000,2654435769,2000,17518,2482,41821811955387,PASS,1,0.000608013,0.000608013,0.0,0,2309650,,,,,,0,0,0,0,0.0,,,,,,,,1,spike_exact_commit_log
426_b43_moving_average_threshold__c46_cantor_gap_sparse.spike.txt,426_b43_moving_average_threshold__c46_cantor_gap_sparse.c,moving_average_threshold,cantor_gap_sparse,xlarge_DRAM,value-dependent,"compulsory (sparse, low reuse)",spike,16.1.0,riscv64,4096,20000,2654435769,2000,17512,2488,41462397408439,PASS,1,0.001016267,0.001016267,0.0,0,3202992,,,,,,0,0,0,0,0.0,,,,,,,,1,spike_exact_commit_log
427_b43_moving_average_threshold__c47_false_sharing_line_cycle.spike.txt,427_b43_moving_average_threshold__c47_false_sharing_line_cycle.c,moving_average_threshold,false_sharing_line_cycle,small_L1,value-dependent,conflict/associativity,spike,16.1.0,riscv64,4096,20000,2654435769,2000,17499,2501,40746246421564,PASS,1,0.000620012,0.000620012,0.0,0,2336106,,,,,,0,0,0,0,0.0,,,,,,,,1,spike_exact_commit_log
428_b43_moving_average_threshold__c48_exponential_backoff_probe.spike.txt,428_b43_moving_average_threshold__c48_exponential_backoff_probe.c,moving_average_threshold,exponential_backoff_probe,medium_L2,value-dependent,capacity (uniform random),spike,16.1.0,riscv64,4096,20000,2654435769,2000,17495,2505,41398922408334,PASS,1,0.000754298,0.000754298,0.0,0,2669559,,,,,,0,0,0,0,0.0,,,,,,,,1,spike_exact_commit_log
429_b43_moving_average_threshold__c49_binary_heap_parent_child.spike.txt,429_b43_moving_average_threshold__c49_binary_heap_parent_child.c,moving_average_threshold,binary_heap_parent_child,large_L3,value-dependent,capacity (uniform random),spike,16.1.0,riscv64,4096,20000,2654435769,2000,17928,2072,41421330459286,PASS,1,0.000744167,0.000744167,0.0,0,2639183,,,,,,0,0,0,0,0.0,,,,,,,,1,spike_exact_commit_log
430_b43_moving_average_threshold__c50_streaming_with_periodic_flush.spike.txt,430_b43_moving_average_threshold__c50_streaming_with_periodic_flush.c,moving_average_threshold,streaming_with_periodic_flush,xlarge_DRAM,value-dependent,compulsory+streaming (prefetch-friendly),spike,16.1.0,riscv64,4096,20000,2654435769,2000,17485,2515,41412490457905,PASS,1,0.00062001,0.00062001,0.0,0,2312252,,,,,,0,0,0,0,0.0,,,,,,,,1,spike_exact_commit_log
431_b44_exception_then_recovery_burst__c41_skip_list_multilevel_hop.spike.txt,431_b44_exception_then_recovery_burst__c41_skip_list_multilevel_hop.c,exception_then_recovery_burst,skip_list_multilevel_hop,xlarge_DRAM,stochastic,"compulsory+latency-bound (dependent loads, no prefetch)",spike,16.1.0,riscv64,4096,20000,2654435769,2000,19960,40,42215132882753,PASS,1,0.000574957,0.000574957,0.0,0,2270783,,,,,,0,0,0,0,0.0,,,,,,,,1,spike_exact_commit_log
432_b44_exception_then_recovery_burst__c42_cache_oblivious_funnel_stride.spike.txt,432_b44_exception_then_recovery_burst__c42_cache_oblivious_funnel_stride.c,exception_then_recovery_burst,cache_oblivious_funnel_stride,small_L1,stochastic,compulsory+streaming (prefetch-friendly),spike,16.1.0,riscv64,4096,20000,2654435769,2000,19960,40,42659592333290,PASS,1,0.001306954,0.001306954,0.0,0,3843658,,,,,,0,0,0,0,0.0,,,,,,,,1,spike_exact_commit_log
433_b44_exception_then_recovery_burst__c43_whole_buffer_rotation.spike.txt,433_b44_exception_then_recovery_burst__c43_whole_buffer_rotation.c,exception_then_recovery_burst,whole_buffer_rotation,medium_L2,stochastic,mixed/unclassified,spike,16.1.0,riscv64,4096,20000,2654435769,2000,19960,40,42565458046902,PASS,1,0.000419954,0.000419954,0.0,0,1866919,,,,,,0,0,0,0,0.0,,,,,,,,1,spike_exact_commit_log
434_b44_exception_then_recovery_burst__c44_naive_gemm_row_col_alternation.spike.txt,434_b44_exception_then_recovery_burst__c44_naive_gemm_row_col_alternation.c,exception_then_recovery_burst,naive_gemm_row_col_alternation,large_L3,stochastic,compulsory+streaming (prefetch-friendly),spike,16.1.0,riscv64,4096,20000,2654435769,2000,19960,40,42688890717591,PASS,1,0.000480003,0.000480003,0.0,0,2064369,,,,,,0,0,0,0,0.0,,,,,,,,1,spike_exact_commit_log
435_b44_exception_then_recovery_burst__c45_read_hot_write_cold_split.spike.txt,435_b44_exception_then_recovery_burst__c45_read_hot_write_cold_split.c,exception_then_recovery_burst,read_hot_write_cold_split,xlarge_DRAM,stochastic,temporal reuse (skewed/hot-set),spike,16.1.0,riscv64,4096,20000,2654435769,2000,19960,40,43036045027895,PASS,1,0.000407994,0.000407994,0.0,0,1857912,,,,,,0,0,0,0,0.0,,,,,,,,1,spike_exact_commit_log
436_b44_exception_then_recovery_burst__c46_cantor_gap_sparse.spike.txt,436_b44_exception_then_recovery_burst__c46_cantor_gap_sparse.c,exception_then_recovery_burst,cantor_gap_sparse,small_L1,stochastic,"compulsory (sparse, low reuse)",spike,16.1.0,riscv64,4096,20000,2654435769,2000,19960,40,42705742595599,PASS,1,0.000816208,0.000816208,0.0,0,2758992,,,,,,0,0,0,0,0.0,,,,,,,,1,spike_exact_commit_log
437_b44_exception_then_recovery_burst__c47_false_sharing_line_cycle.spike.txt,437_b44_exception_then_recovery_burst__c47_false_sharing_line_cycle.c,exception_then_recovery_burst,false_sharing_line_cycle,medium_L2,stochastic,conflict/associativity,spike,16.1.0,riscv64,4096,20000,2654435769,2000,19960,40,41835876941616,PASS,1,0.000419953,0.000419953,0.0,0,1892366,,,,,,0,0,0,0,0.0,,,,,,,,1,spike_exact_commit_log
438_b44_exception_then_recovery_burst__c48_exponential_backoff_probe.spike.txt,438_b44_exception_then_recovery_burst__c48_exponential_backoff_probe.c,exception_then_recovery_burst,exponential_backoff_probe,large_L3,stochastic,capacity (uniform random),spike,16.1.0,riscv64,4096,20000,2654435769,2000,19960,40,42657607369536,PASS,1,0.000554242,0.000554242,0.0,0,2187672,,,,,,0,0,0,0,0.0,,,,,,,,1,spike_exact_commit_log
439_b44_exception_then_recovery_burst__c49_binary_heap_parent_child.spike.txt,439_b44_exception_then_recovery_burst__c49_binary_heap_parent_child.c,exception_then_recovery_burst,binary_heap_parent_child,xlarge_DRAM,stochastic,capacity (uniform random),spike,16.1.0,riscv64,4096,20000,2654435769,2000,19960,40,42390421345540,PASS,1,0.00054411,0.00054411,0.0,0,2197803,,,,,,0,0,0,0,0.0,,,,,,,,1,spike_exact_commit_log
440_b44_exception_then_recovery_burst__c50_streaming_with_periodic_flush.spike.txt,440_b44_exception_then_recovery_burst__c50_streaming_with_periodic_flush.c,exception_then_recovery_burst,streaming_with_periodic_flush,small_L1,stochastic,compulsory+streaming (prefetch-friendly),spike,16.1.0,riscv64,4096,20000,2654435769,2000,19960,40,42655471616131,PASS,1,0.000419951,0.000419951,0.0,0,1876590,,,,,,0,0,0,0,0.0,,,,,,,,1,spike_exact_commit_log
441_b45_two_counters_race__c41_skip_list_multilevel_hop.spike.txt,441_b45_two_counters_race__c41_skip_list_multilevel_hop.c,two_counters_race,skip_list_multilevel_hop,small_L1,value-dependent,"compulsory+latency-bound (dependent loads, no prefetch)",spike,16.1.0,riscv64,4096,20000,2654435769,2000,7,19993,18446722890950474097,PASS,1,0.000655008,0.000655008,0.0,0,2450251,,,,,,0,0,0,0,0.0,,,,,,,,1,spike_exact_commit_log
442_b45_two_counters_race__c42_cache_oblivious_funnel_stride.spike.txt,442_b45_two_counters_race__c42_cache_oblivious_funnel_stride.c,two_counters_race,cache_oblivious_funnel_stride,medium_L2,value-dependent,compulsory+streaming (prefetch-friendly),spike,16.1.0,riscv64,4096,20000,2654435769,2000,1017,18983,18446725996649242303,PASS,1,0.001387234,0.001387234,0.0,0,4061617,,,,,,0,0,0,0,0.0,,,,,,,,1,spike_exact_commit_log
443_b45_two_counters_race__c43_whole_buffer_rotation.spike.txt,443_b45_two_counters_race__c43_whole_buffer_rotation.c,two_counters_race,whole_buffer_rotation,large_L3,value-dependent,mixed/unclassified,spike,16.1.0,riscv64,4096,20000,2654435769,2000,5,19995,18446722732373063680,PASS,1,0.000500017,0.000500017,0.0,0,2047908,,,,,,0,0,0,0,0.0,,,,,,,,1,spike_exact_commit_log
444_b45_two_counters_race__c44_naive_gemm_row_col_alternation.spike.txt,444_b45_two_counters_race__c44_naive_gemm_row_col_alternation.c,two_counters_race,naive_gemm_row_col_alternation,xlarge_DRAM,value-dependent,compulsory+streaming (prefetch-friendly),spike,16.1.0,riscv64,4096,20000,2654435769,2000,232,19768,18446723403242646336,PASS,1,0.000610058,0.000610058,0.0,0,2351931,,,,,,0,0,0,0,0.0,,,,,,,,1,spike_exact_commit_log
445_b45_two_counters_race__c45_read_hot_write_cold_split.spike.txt,445_b45_two_counters_race__c45_read_hot_write_cold_split.c,two_counters_race,read_hot_write_cold_split,small_L1,value-dependent,temporal reuse (skewed/hot-set),spike,16.1.0,riscv64,4096,20000,2654435769,2000,5,19995,18446722505895330343,PASS,1,0.000488015,0.000488015,0.0,0,2046962,,,,,,0,0,0,0,0.0,,,,,,,,1,spike_exact_commit_log
446_b45_two_counters_race__c46_cantor_gap_sparse.spike.txt,446_b45_two_counters_race__c46_cantor_gap_sparse.c,two_counters_race,cantor_gap_sparse,medium_L2,value-dependent,"compulsory (sparse, low reuse)",spike,16.1.0,riscv64,4096,20000,2654435769,2000,8,19992,18446722694412971371,PASS,1,0.000896272,0.000896272,0.0,0,2939118,,,,,,0,0,0,0,0.0,,,,,,,,1,spike_exact_commit_log
447_b45_two_counters_race__c47_false_sharing_line_cycle.spike.txt,447_b45_two_counters_race__c47_false_sharing_line_cycle.c,two_counters_race,false_sharing_line_cycle,large_L3,value-dependent,conflict/associativity,spike,16.1.0,riscv64,4096,20000,2654435769,2000,14,19986,18446723130638222660,PASS,1,0.000500016,0.000500016,0.0,0,2072386,,,,,,0,0,0,0,0.0,,,,,,,,1,spike_exact_commit_log
448_b45_two_counters_race__c48_exponential_backoff_probe.spike.txt,448_b45_two_counters_race__c48_exponential_backoff_probe.c,two_counters_race,exponential_backoff_probe,xlarge_DRAM,value-dependent,capacity (uniform random),spike,16.1.0,riscv64,4096,20000,2654435769,2000,12477,7523,18630375454631,PASS,1,0.000634,0.000634,0.0,0,2405397,,,,,,0,0,0,0,0.0,,,,,,,,1,spike_exact_commit_log
449_b45_two_counters_race__c49_binary_heap_parent_child.spike.txt,449_b45_two_counters_race__c49_binary_heap_parent_child.c,two_counters_race,binary_heap_parent_child,small_L1,value-dependent,capacity (uniform random),spike,16.1.0,riscv64,4096,20000,2654435769,2000,14,19986,18446722847534015294,PASS,1,0.00062414,0.00062414,0.0,0,2377795,,,,,,0,0,0,0,0.0,,,,,,,,1,spike_exact_commit_log
450_b45_two_counters_race__c50_streaming_with_periodic_flush.spike.txt,450_b45_two_counters_race__c50_streaming_with_periodic_flush.c,two_counters_race,streaming_with_periodic_flush,medium_L2,value-dependent,compulsory+streaming (prefetch-friendly),spike,16.1.0,riscv64,4096,20000,2654435769,2000,5,19995,18446722704786330405,PASS,1,0.000500012,0.000500012,0.0,0,2048708,,,,,,0,0,0,0,0.0,,,,,,,,1,spike_exact_commit_log
451_b46_lookup_table_driven__c41_skip_list_multilevel_hop.spike.txt,451_b46_lookup_table_driven__c41_skip_list_multilevel_hop.c,lookup_table_driven,skip_list_multilevel_hop,medium_L2,stochastic,"compulsory+latency-bound (dependent loads, no prefetch)",spike,16.1.0,riscv64,4096,20000,2654435769,2000,10768,9232,13087616645008,PASS,1,0.000596814,0.000596814,0.0,0,2325823,,,,,,0,0,0,0,0.0,,,,,,,,1,spike_exact_commit_log
452_b46_lookup_table_driven__c42_cache_oblivious_funnel_stride.spike.txt,452_b46_lookup_table_driven__c42_cache_oblivious_funnel_stride.c,lookup_table_driven,cache_oblivious_funnel_stride,large_L3,stochastic,compulsory+streaming (prefetch-friendly),spike,16.1.0,riscv64,4096,20000,2654435769,2000,10858,9142,13367990793000,PASS,1,0.001348815,0.001348815,0.0,0,3976199,,,,,,0,0,0,0,0.0,,,,,,,,1,spike_exact_commit_log
453_b46_lookup_table_driven__c43_whole_buffer_rotation.spike.txt,453_b46_lookup_table_driven__c43_whole_buffer_rotation.c,lookup_table_driven,whole_buffer_rotation,xlarge_DRAM,stochastic,mixed/unclassified,spike,16.1.0,riscv64,4096,20000,2654435769,2000,10853,9147,13684993836360,PASS,1,0.000441817,0.000441817,0.0,0,1920592,,,,,,0,0,0,0,0.0,,,,,,,,1,spike_exact_commit_log
454_b46_lookup_table_driven__c44_naive_gemm_row_col_alternation.spike.txt,454_b46_lookup_table_driven__c44_naive_gemm_row_col_alternation.c,lookup_table_driven,naive_gemm_row_col_alternation,small_L1,stochastic,compulsory+streaming (prefetch-friendly),spike,16.1.0,riscv64,4096,20000,2654435769,2000,10675,9325,12972440402130,PASS,1,0.000551815,0.000551815,0.0,0,2227253,,,,,,0,0,0,0,0.0,,,,,,,,1,spike_exact_commit_log
455_b46_lookup_table_driven__c45_read_hot_write_cold_split.spike.txt,455_b46_lookup_table_driven__c45_read_hot_write_cold_split.c,lookup_table_driven,read_hot_write_cold_split,medium_L2,stochastic,temporal reuse (skewed/hot-set),spike,16.1.0,riscv64,4096,20000,2654435769,2000,10861,9139,13669918548195,PASS,1,0.000429817,0.000429817,0.0,0,1922544,,,,,,0,0,0,0,0.0,,,,,,,,1,spike_exact_commit_log
456_b46_lookup_table_driven__c46_cantor_gap_sparse.spike.txt,456_b46_lookup_table_driven__c46_cantor_gap_sparse.c,lookup_table_driven,cantor_gap_sparse,large_L3,stochastic,"compulsory (sparse, low reuse)",spike,16.1.0,riscv64,4096,20000,2654435769,2000,10849,9151,13647222952913,PASS,1,0.00083807,0.00083807,0.0,0,2851503,,,,,,0,0,0,0,0.0,,,,,,,,1,spike_exact_commit_log
457_b46_lookup_table_driven__c47_false_sharing_line_cycle.spike.txt,457_b46_lookup_table_driven__c47_false_sharing_line_cycle.c,lookup_table_driven,false_sharing_line_cycle,xlarge_DRAM,stochastic,conflict/associativity,spike,16.1.0,riscv64,4096,20000,2654435769,2000,10914,9086,13277407165572,PASS,1,0.000441816,0.000441816,0.0,0,1948156,,,,,,0,0,0,0,0.0,,,,,,,,1,spike_exact_commit_log
458_b46_lookup_table_driven__c48_exponential_backoff_probe.spike.txt,458_b46_lookup_table_driven__c48_exponential_backoff_probe.c,lookup_table_driven,exponential_backoff_probe,small_L1,stochastic,capacity (uniform random),spike,16.1.0,riscv64,4096,20000,2654435769,2000,10823,9177,13589502755285,PASS,1,0.000576099,0.000576099,0.0,0,2280725,,,,,,0,0,0,0,0.0,,,,,,,,1,spike_exact_commit_log
459_b46_lookup_table_driven__c49_binary_heap_parent_child.spike.txt,459_b46_lookup_table_driven__c49_binary_heap_parent_child.c,lookup_table_driven,binary_heap_parent_child,medium_L2,stochastic,capacity (uniform random),spike,16.1.0,riscv64,4096,20000,2654435769,2000,10777,9223,13312642500259,PASS,1,0.000565967,0.000565967,0.0,0,2253081,,,,,,0,0,0,0,0.0,,,,,,,,1,spike_exact_commit_log
460_b46_lookup_table_driven__c50_streaming_with_periodic_flush.spike.txt,460_b46_lookup_table_driven__c50_streaming_with_periodic_flush.c,lookup_table_driven,streaming_with_periodic_flush,large_L3,stochastic,compulsory+streaming (prefetch-friendly),spike,16.1.0,riscv64,4096,20000,2654435769,2000,10858,9142,13697859047482,PASS,1,0.000441818,0.000441818,0.0,0,1958049,,,,,,0,0,0,0,0.0,,,,,,,,1,spike_exact_commit_log
461_b47_mutual_ping_pong_recursion__c41_skip_list_multilevel_hop.spike.txt,461_b47_mutual_ping_pong_recursion__c41_skip_list_multilevel_hop.c,mutual_ping_pong_recursion,skip_list_multilevel_hop,large_L3,control-flow/call-return,"compulsory+latency-bound (dependent loads, no prefetch)",spike,16.1.0,riscv64,4096,20000,2654435769,2000,15425,4575,27794058722565,PASS,1,0.001256582,0.001256582,0.0,0,3762481,,,,,,0,0,0,0,0.0,,,,,,,,1,spike_exact_commit_log
462_b47_mutual_ping_pong_recursion__c42_cache_oblivious_funnel_stride.spike.txt,462_b47_mutual_ping_pong_recursion__c42_cache_oblivious_funnel_stride.c,mutual_ping_pong_recursion,cache_oblivious_funnel_stride,xlarge_DRAM,control-flow/call-return,compulsory+streaming (prefetch-friendly),spike,16.1.0,riscv64,4096,20000,2654435769,2000,13038,6962,20263317416382,PASS,1,0.001946309,0.001946309,0.0,0,5287471,,,,,,0,0,0,0,0.0,,,,,,,,1,spike_exact_commit_log
463_b47_mutual_ping_pong_recursion__c43_whole_buffer_rotation.spike.txt,463_b47_mutual_ping_pong_recursion__c43_whole_buffer_rotation.c,mutual_ping_pong_recursion,whole_buffer_rotation,small_L1,control-flow/call-return,mixed/unclassified,spike,16.1.0,riscv64,4096,20000,2654435769,2000,12392,7608,18162142219464,PASS,1,0.001002127,0.001002127,0.0,0,3144318,,,,,,0,0,0,0,0.0,,,,,,,,1,spike_exact_commit_log
464_b47_mutual_ping_pong_recursion__c44_naive_gemm_row_col_alternation.spike.txt,464_b47_mutual_ping_pong_recursion__c44_naive_gemm_row_col_alternation.c,mutual_ping_pong_recursion,naive_gemm_row_col_alternation,medium_L2,control-flow/call-return,compulsory+streaming (prefetch-friendly),spike,16.1.0,riscv64,4096,20000,2654435769,2000,13057,6943,20247520056517,PASS,1,0.001128553,0.001128553,0.0,0,3488191,,,,,,0,0,0,0,0.0,,,,,,,,1,spike_exact_commit_log
465_b47_mutual_ping_pong_recursion__c45_read_hot_write_cold_split.spike.txt,465_b47_mutual_ping_pong_recursion__c45_read_hot_write_cold_split.c,mutual_ping_pong_recursion,read_hot_write_cold_split,large_L3,control-flow/call-return,temporal reuse (skewed/hot-set),spike,16.1.0,riscv64,4096,20000,2654435769,2000,12916,7084,20197572241961,PASS,1,0.00098137,0.00098137,0.0,0,3132450,,,,,,0,0,0,0,0.0,,,,,,,,1,spike_exact_commit_log
466_b47_mutual_ping_pong_recursion__c46_cantor_gap_sparse.spike.txt,466_b47_mutual_ping_pong_recursion__c46_cantor_gap_sparse.c,mutual_ping_pong_recursion,cantor_gap_sparse,xlarge_DRAM,control-flow/call-return,"compulsory (sparse, low reuse)",spike,16.1.0,riscv64,4096,20000,2654435769,2000,12534,7466,18639741197636,PASS,1,0.001438386,0.001438386,0.0,0,4167967,,,,,,0,0,0,0,0.0,,,,,,,,1,spike_exact_commit_log
467_b47_mutual_ping_pong_recursion__c47_false_sharing_line_cycle.spike.txt,467_b47_mutual_ping_pong_recursion__c47_false_sharing_line_cycle.c,mutual_ping_pong_recursion,false_sharing_line_cycle,small_L1,control-flow/call-return,conflict/associativity,spike,16.1.0,riscv64,4096,20000,2654435769,2000,14997,5003,26263837773041,PASS,1,0.000978621,0.000978621,0.0,0,3119992,,,,,,0,0,0,0,0.0,,,,,,,,1,spike_exact_commit_log
468_b47_mutual_ping_pong_recursion__c48_exponential_backoff_probe.spike.txt,468_b47_mutual_ping_pong_recursion__c48_exponential_backoff_probe.c,mutual_ping_pong_recursion,exponential_backoff_probe,medium_L2,control-flow/call-return,capacity (uniform random),spike,16.1.0,riscv64,4096,20000,2654435769,2000,14673,5327,25570511481202,PASS,1,0.001175148,0.001175148,0.0,0,3592379,,,,,,0,0,0,0,0.0,,,,,,,,1,spike_exact_commit_log
469_b47_mutual_ping_pong_recursion__c49_binary_heap_parent_child.spike.txt,469_b47_mutual_ping_pong_recursion__c49_binary_heap_parent_child.c,mutual_ping_pong_recursion,binary_heap_parent_child,large_L3,control-flow/call-return,capacity (uniform random),spike,16.1.0,riscv64,4096,20000,2654435769,2000,14775,5225,25948015433434,PASS,1,0.00124303,0.00124303,0.0,0,3742147,,,,,,0,0,0,0,0.0,,,,,,,,1,spike_exact_commit_log
470_b47_mutual_ping_pong_recursion__c50_streaming_with_periodic_flush.spike.txt,470_b47_mutual_ping_pong_recursion__c50_streaming_with_periodic_flush.c,mutual_ping_pong_recursion,streaming_with_periodic_flush,xlarge_DRAM,control-flow/call-return,compulsory+streaming (prefetch-friendly),spike,16.1.0,riscv64,4096,20000,2654435769,2000,12433,7567,18310168451018,PASS,1,0.001022151,0.001022151,0.0,0,3184402,,,,,,0,0,0,0,0.0,,,,,,,,1,spike_exact_commit_log
471_b48_variable_step_signed_countdown__c41_skip_list_multilevel_hop.spike.txt,471_b48_variable_step_signed_countdown__c41_skip_list_multilevel_hop.c,variable_step_signed_countdown,skip_list_multilevel_hop,xlarge_DRAM,value-dependent,"compulsory+latency-bound (dependent loads, no prefetch)",spike,16.1.0,riscv64,4096,20000,2654435769,2000,20000,0,42415154611573,PASS,1,0.000555395,0.000555395,0.0,0,2197990,,,,,,0,0,0,0,0.0,,,,,,,,1,spike_exact_commit_log
472_b48_variable_step_signed_countdown__c42_cache_oblivious_funnel_stride.spike.txt,472_b48_variable_step_signed_countdown__c42_cache_oblivious_funnel_stride.c,variable_step_signed_countdown,cache_oblivious_funnel_stride,small_L1,value-dependent,compulsory+streaming (prefetch-friendly),spike,16.1.0,riscv64,4096,20000,2654435769,2000,20000,0,42787270615630,PASS,1,0.001287338,0.001287338,0.0,0,3799639,,,,,,0,0,0,0,0.0,,,,,,,,1,spike_exact_commit_log
473_b48_variable_step_signed_countdown__c43_whole_buffer_rotation.spike.txt,473_b48_variable_step_signed_countdown__c43_whole_buffer_rotation.c,variable_step_signed_countdown,whole_buffer_rotation,medium_L2,value-dependent,mixed/unclassified,spike,16.1.0,riscv64,4096,20000,2654435769,2000,20000,0,42714333566492,PASS,1,0.000400343,0.000400343,0.0,0,1824101,,,,,,0,0,0,0,0.0,,,,,,,,1,spike_exact_commit_log
474_b48_variable_step_signed_countdown__c44_naive_gemm_row_col_alternation.spike.txt,474_b48_variable_step_signed_countdown__c44_naive_gemm_row_col_alternation.c,variable_step_signed_countdown,naive_gemm_row_col_alternation,large_L3,value-dependent,compulsory+streaming (prefetch-friendly),spike,16.1.0,riscv64,4096,20000,2654435769,2000,20000,0,42795578428411,PASS,1,0.000510337,0.000510337,0.0,0,2100262,,,,,,0,0,0,0,0.0,,,,,,,,1,spike_exact_commit_log
475_b48_variable_step_signed_countdown__c45_read_hot_write_cold_split.spike.txt,475_b48_variable_step_signed_countdown__c45_read_hot_write_cold_split.c,variable_step_signed_countdown,read_hot_write_cold_split,xlarge_DRAM,value-dependent,temporal reuse (skewed/hot-set),spike,16.1.0,riscv64,4096,20000,2654435769,2000,20000,0,43173315860941,PASS,1,0.000388361,0.000388361,0.0,0,1821993,,,,,,0,0,0,0,0.0,,,,,,,,1,spike_exact_commit_log
476_b48_variable_step_signed_countdown__c46_cantor_gap_sparse.spike.txt,476_b48_variable_step_signed_countdown__c46_cantor_gap_sparse.c,variable_step_signed_countdown,cantor_gap_sparse,small_L1,value-dependent,"compulsory (sparse, low reuse)",spike,16.1.0,riscv64,4096,20000,2654435769,2000,20000,0,42794034423098,PASS,1,0.000796632,0.000796632,0.0,0,2715353,,,,,,0,0,0,0,0.0,,,,,,,,1,spike_exact_commit_log
477_b48_variable_step_signed_countdown__c47_false_sharing_line_cycle.spike.txt,477_b48_variable_step_signed_countdown__c47_false_sharing_line_cycle.c,variable_step_signed_countdown,false_sharing_line_cycle,medium_L2,value-dependent,conflict/associativity,spike,16.1.0,riscv64,4096,20000,2654435769,2000,20000,0,41997032384096,PASS,1,0.000400348,0.000400348,0.0,0,1847941,,,,,,0,0,0,0,0.0,,,,,,,,1,spike_exact_commit_log
478_b48_variable_step_signed_countdown__c48_exponential_backoff_probe.spike.txt,478_b48_variable_step_signed_countdown__c48_exponential_backoff_probe.c,variable_step_signed_countdown,exponential_backoff_probe,large_L3,value-dependent,capacity (uniform random),spike,16.1.0,riscv64,4096,20000,2654435769,2000,20000,0,42798105964028,PASS,1,0.000534696,0.000534696,0.0,0,2152924,,,,,,0,0,0,0,0.0,,,,,,,,1,spike_exact_commit_log
479_b48_variable_step_signed_countdown__c49_binary_heap_parent_child.spike.txt,479_b48_variable_step_signed_countdown__c49_binary_heap_parent_child.c,variable_step_signed_countdown,binary_heap_parent_child,xlarge_DRAM,value-dependent,capacity (uniform random),spike,16.1.0,riscv64,4096,20000,2654435769,2000,20000,0,42510422900462,PASS,1,0.000498026,0.000498026,0.0,0,2069442,,,,,,0,0,0,0,0.0,,,,,,,,1,spike_exact_commit_log
480_b48_variable_step_signed_countdown__c50_streaming_with_periodic_flush.spike.txt,480_b48_variable_step_signed_countdown__c50_streaming_with_periodic_flush.c,variable_step_signed_countdown,streaming_with_periodic_flush,small_L1,value-dependent,compulsory+streaming (prefetch-friendly),spike,16.1.0,riscv64,4096,20000,2654435769,2000,20000,0,42769507033041,PASS,1,0.000400352,0.000400352,0.0,0,1824891,,,,,,0,0,0,0,0.0,,,,,,,,1,spike_exact_commit_log
481_b49_interleaved_two_pattern_multiplex__c41_skip_list_multilevel_hop.spike.txt,481_b49_interleaved_two_pattern_multiplex__c41_skip_list_multilevel_hop.c,interleaved_two_pattern_multiplex,skip_list_multilevel_hop,small_L1,stochastic,"compulsory+latency-bound (dependent loads, no prefetch)",spike,16.1.0,riscv64,4096,20000,2654435769,2000,11657,8343,15967507547462,PASS,1,0.000595016,0.000595016,0.0,0,2318663,,,,,,0,0,0,0,0.0,,,,,,,,1,spike_exact_commit_log
482_b49_interleaved_two_pattern_multiplex__c42_cache_oblivious_funnel_stride.spike.txt,482_b49_interleaved_two_pattern_multiplex__c42_cache_oblivious_funnel_stride.c,interleaved_two_pattern_multiplex,cache_oblivious_funnel_stride,medium_L2,stochastic,compulsory+streaming (prefetch-friendly),spike,16.1.0,riscv64,4096,20000,2654435769,2000,11657,8343,16100925444805,PASS,1,0.001337016,0.001337016,0.0,0,3949517,,,,,,0,0,0,0,0.0,,,,,,,,1,spike_exact_commit_log
483_b49_interleaved_two_pattern_multiplex__c43_whole_buffer_rotation.spike.txt,483_b49_interleaved_two_pattern_multiplex__c43_whole_buffer_rotation.c,interleaved_two_pattern_multiplex,whole_buffer_rotation,large_L3,stochastic,mixed/unclassified,spike,16.1.0,riscv64,4096,20000,2654435769,2000,11657,8343,15918835853581,PASS,1,0.000440017,0.000440017,0.0,0,1924162,,,,,,0,0,0,0,0.0,,,,,,,,1,spike_exact_commit_log
484_b49_interleaved_two_pattern_multiplex__c44_naive_gemm_row_col_alternation.spike.txt,484_b49_interleaved_two_pattern_multiplex__c44_naive_gemm_row_col_alternation.c,interleaved_two_pattern_multiplex,naive_gemm_row_col_alternation,xlarge_DRAM,stochastic,compulsory+streaming (prefetch-friendly),spike,16.1.0,riscv64,4096,20000,2654435769,2000,11657,8343,15971712983577,PASS,1,0.000490015,0.000490015,0.0,0,2086747,,,,,,0,0,0,0,0.0,,,,,,,,1,spike_exact_commit_log
485_b49_interleaved_two_pattern_multiplex__c45_read_hot_write_cold_split.spike.txt,485_b49_interleaved_two_pattern_multiplex__c45_read_hot_write_cold_split.c,interleaved_two_pattern_multiplex,read_hot_write_cold_split,small_L1,stochastic,temporal reuse (skewed/hot-set),spike,16.1.0,riscv64,4096,20000,2654435769,2000,11657,8343,16285603686684,PASS,1,0.000428017,0.000428017,0.0,0,1914074,,,,,,0,0,0,0,0.0,,,,,,,,1,spike_exact_commit_log
486_b49_interleaved_two_pattern_multiplex__c46_cantor_gap_sparse.spike.txt,486_b49_interleaved_two_pattern_multiplex__c46_cantor_gap_sparse.c,interleaved_two_pattern_multiplex,cantor_gap_sparse,medium_L2,stochastic,"compulsory (sparse, low reuse)",spike,16.1.0,riscv64,4096,20000,2654435769,2000,11657,8343,16078517037238,PASS,1,0.000836271,0.000836271,0.0,0,2806652,,,,,,0,0,0,0,0.0,,,,,,,,1,spike_exact_commit_log
487_b49_interleaved_two_pattern_multiplex__c47_false_sharing_line_cycle.spike.txt,487_b49_interleaved_two_pattern_multiplex__c47_false_sharing_line_cycle.c,interleaved_two_pattern_multiplex,false_sharing_line_cycle,large_L3,stochastic,conflict/associativity,spike,16.1.0,riscv64,4096,20000,2654435769,2000,11657,8343,15597011008027,PASS,1,0.000440016,0.000440016,0.0,0,1940854,,,,,,0,0,0,0,0.0,,,,,,,,1,spike_exact_commit_log
488_b49_interleaved_two_pattern_multiplex__c48_exponential_backoff_probe.spike.txt,488_b49_interleaved_two_pattern_multiplex__c48_exponential_backoff_probe.c,interleaved_two_pattern_multiplex,exponential_backoff_probe,xlarge_DRAM,stochastic,capacity (uniform random),spike,16.1.0,riscv64,4096,20000,2654435769,2000,11657,8343,15976083925976,PASS,1,0.0005943,0.0005943,0.0,0,2313305,,,,,,0,0,0,0,0.0,,,,,,,,1,spike_exact_commit_log
489_b49_interleaved_two_pattern_multiplex__c49_binary_heap_parent_child.spike.txt,489_b49_interleaved_two_pattern_multiplex__c49_binary_heap_parent_child.c,interleaved_two_pattern_multiplex,binary_heap_parent_child,small_L1,stochastic,capacity (uniform random),spike,16.1.0,riscv64,4096,20000,2654435769,2000,11657,8343,16070115390274,PASS,1,0.000584168,0.000584168,0.0,0,2287919,,,,,,0,0,0,0,0.0,,,,,,,,1,spike_exact_commit_log
490_b49_interleaved_two_pattern_multiplex__c50_streaming_with_periodic_flush.spike.txt,490_b49_interleaved_two_pattern_multiplex__c50_streaming_with_periodic_flush.c,interleaved_two_pattern_multiplex,streaming_with_periodic_flush,medium_L2,stochastic,compulsory+streaming (prefetch-friendly),spike,16.1.0,riscv64,4096,20000,2654435769,2000,11657,8343,15992794504756,PASS,1,0.000440014,0.000440014,0.0,0,1925378,,,,,,0,0,0,0,0.0,,,,,,,,1,spike_exact_commit_log
491_b50_hysteresis_debounce__c41_skip_list_multilevel_hop.spike.txt,491_b50_hysteresis_debounce__c41_skip_list_multilevel_hop.c,hysteresis_debounce,skip_list_multilevel_hop,medium_L2,phase-changing/non-stationary,"compulsory+latency-bound (dependent loads, no prefetch)",spike,16.1.0,riscv64,4096,20000,2654435769,2000,2880,17120,18446732124134154987,PASS,1,0.000595737,0.000595737,0.0,0,2331053,,,,,,0,0,0,0,0.0,,,,,,,,1,spike_exact_commit_log
492_b50_hysteresis_debounce__c42_cache_oblivious_funnel_stride.spike.txt,492_b50_hysteresis_debounce__c42_cache_oblivious_funnel_stride.c,hysteresis_debounce,cache_oblivious_funnel_stride,large_L3,phase-changing/non-stationary,compulsory+streaming (prefetch-friendly),spike,16.1.0,riscv64,4096,20000,2654435769,2000,11154,8846,14201090995071,PASS,1,0.001378914,0.001378914,0.0,0,4043095,,,,,,0,0,0,0,0.0,,,,,,,,1,spike_exact_commit_log
493_b50_hysteresis_debounce__c43_whole_buffer_rotation.spike.txt,493_b50_hysteresis_debounce__c43_whole_buffer_rotation.c,hysteresis_debounce,whole_buffer_rotation,xlarge_DRAM,phase-changing/non-stationary,mixed/unclassified,spike,16.1.0,riscv64,4096,20000,2654435769,2000,0,20000,18446722716542773370,PASS,1,0.000440015,0.000440015,0.0,0,1927100,,,,,,0,0,0,0,0.0,,,,,,,,1,spike_exact_commit_log
494_b50_hysteresis_debounce__c44_naive_gemm_row_col_alternation.spike.txt,494_b50_hysteresis_debounce__c44_naive_gemm_row_col_alternation.c,hysteresis_debounce,naive_gemm_row_col_alternation,small_L1,phase-changing/non-stationary,compulsory+streaming (prefetch-friendly),spike,16.1.0,riscv64,4096,20000,2654435769,2000,8881,11119,7165245179221,PASS,1,0.000596403,0.000596403,0.0,0,2322263,,,,,,0,0,0,0,0.0,,,,,,,,1,spike_exact_commit_log
495_b50_hysteresis_debounce__c45_read_hot_write_cold_split.spike.txt,495_b50_hysteresis_debounce__c45_read_hot_write_cold_split.c,hysteresis_debounce,read_hot_write_cold_split,medium_L2,phase-changing/non-stationary,temporal reuse (skewed/hot-set),spike,16.1.0,riscv64,4096,20000,2654435769,2000,7972,12028,4153749503043,PASS,1,0.000437568,0.000437568,0.0,0,1943670,,,,,,0,0,0,0,0.0,,,,,,,,1,spike_exact_commit_log
496_b50_hysteresis_debounce__c46_cantor_gap_sparse.spike.txt,496_b50_hysteresis_debounce__c46_cantor_gap_sparse.c,hysteresis_debounce,cantor_gap_sparse,large_L3,phase-changing/non-stationary,"compulsory (sparse, low reuse)",spike,16.1.0,riscv64,4096,20000,2654435769,2000,0,20000,18446722676692345067,PASS,1,0.00083627,0.00083627,0.0,0,2817136,,,,,,0,0,0,0,0.0,,,,,,,,1,spike_exact_commit_log
497_b50_hysteresis_debounce__c47_false_sharing_line_cycle.spike.txt,497_b50_hysteresis_debounce__c47_false_sharing_line_cycle.c,hysteresis_debounce,false_sharing_line_cycle,xlarge_DRAM,phase-changing/non-stationary,conflict/associativity,spike,16.1.0,riscv64,4096,20000,2654435769,2000,0,20000,18446723075193364568,PASS,1,0.000440014,0.000440014,0.0,0,1951296,,,,,,0,0,0,0,0.0,,,,,,,,1,spike_exact_commit_log
498_b50_hysteresis_debounce__c48_exponential_backoff_probe.spike.txt,498_b50_hysteresis_debounce__c48_exponential_backoff_probe.c,hysteresis_debounce,exponential_backoff_probe,small_L1,phase-changing/non-stationary,capacity (uniform random),spike,16.1.0,riscv64,4096,20000,2654435769,2000,9924,10076,10202071253270,PASS,1,0.000587018,0.000587018,0.0,0,2309137,,,,,,0,0,0,0,0.0,,,,,,,,1,spike_exact_commit_log
499_b50_hysteresis_debounce__c49_binary_heap_parent_child.spike.txt,499_b50_hysteresis_debounce__c49_binary_heap_parent_child.c,hysteresis_debounce,binary_heap_parent_child,medium_L2,phase-changing/non-stationary,capacity (uniform random),spike,16.1.0,riscv64,4096,20000,2654435769,2000,9755,10245,9986516161105,PASS,1,0.000579121,0.000579121,0.0,0,2286627,,,,,,0,0,0,0,0.0,,,,,,,,1,spike_exact_commit_log
500_b50_hysteresis_debounce__c50_streaming_with_periodic_flush.spike.txt,500_b50_hysteresis_debounce__c50_streaming_with_periodic_flush.c,hysteresis_debounce,streaming_with_periodic_flush,large_L3,phase-changing/non-stationary,compulsory+streaming (prefetch-friendly),spike,16.1.0,riscv64,4096,20000,2654435769,2000,4096,15904,18446735815278985048,PASS,1,0.000490014,0.000490014,0.0,0,2026588,,,,,,0,0,0,0,0.0,,,,,,,,1,spike_exact_commit_log
