idx,file,branch_id,branch_name,cache_id,cache_name,size_tier,SIZE,N,predictor_stress_type,expected_dominant_miss_type,kind
1,0001_grid_b01_always_taken__c01_sequential_unit_stride.c,b01,always_taken,c01,sequential_unit_stride,small_L1,4096,1000000,static/trivial,compulsory+streaming (prefetch-friendly),grid
2,0002_grid_b01_always_taken__c02_sequential_wraparound_large.c,b01,always_taken,c02,sequential_wraparound_large,medium_L2,65536,3000000,static/trivial,compulsory+streaming (prefetch-friendly),grid
3,0003_grid_b01_always_taken__c03_fixed_stride_small.c,b01,always_taken,c03,fixed_stride_small,large_L3,1048576,5000000,static/trivial,compulsory+streaming (prefetch-friendly),grid
4,0004_grid_b01_always_taken__c04_fixed_stride_large.c,b01,always_taken,c04,fixed_stride_large,xlarge_DRAM,8388608,8000000,static/trivial,compulsory+streaming (prefetch-friendly),grid
5,0005_grid_b01_always_taken__c05_random_small_working_set.c,b01,always_taken,c05,random_small_working_set,small_L1,4096,1000000,static/trivial,temporal reuse (capacity-sensitive),grid
6,0006_grid_b01_always_taken__c06_random_full_working_set.c,b01,always_taken,c06,random_full_working_set,medium_L2,65536,3000000,static/trivial,capacity (uniform random),grid
7,0007_grid_b01_always_taken__c07_matrix_row_major.c,b01,always_taken,c07,matrix_row_major,large_L3,1048576,5000000,static/trivial,mixed spatial (traversal-order dependent),grid
8,0008_grid_b01_always_taken__c08_matrix_col_major.c,b01,always_taken,c08,matrix_col_major,xlarge_DRAM,8388608,8000000,static/trivial,mixed spatial (traversal-order dependent),grid
9,0009_grid_b01_always_taken__c09_matrix_tiled_blocked.c,b01,always_taken,c09,matrix_tiled_blocked,small_L1,4096,1000000,static/trivial,mixed spatial (traversal-order dependent),grid
10,0010_grid_b01_always_taken__c10_pointer_chase_linked_list.c,b01,always_taken,c10,pointer_chase_linked_list,medium_L2,65536,3000000,static/trivial,"compulsory+latency-bound (dependent loads, no prefetch)",grid
11,0011_grid_b01_always_taken__c11_sliding_window.c,b01,always_taken,c11,sliding_window,large_L3,1048576,5000000,static/trivial,mixed/unclassified,grid
12,0012_grid_b01_always_taken__c12_prime_stride_anti_alias.c,b01,always_taken,c12,prime_stride_anti_alias,xlarge_DRAM,8388608,8000000,static/trivial,compulsory+streaming (prefetch-friendly),grid
13,0013_grid_b01_always_taken__c13_two_stream_interleaved.c,b01,always_taken,c13,two_stream_interleaved,small_L1,4096,1000000,static/trivial,mixed/unclassified,grid
14,0014_grid_b01_always_taken__c14_temporal_burst_reuse.c,b01,always_taken,c14,temporal_burst_reuse,medium_L2,65536,3000000,static/trivial,mixed/unclassified,grid
15,0015_grid_b01_always_taken__c15_reverse_sequential.c,b01,always_taken,c15,reverse_sequential,large_L3,1048576,5000000,static/trivial,compulsory+streaming (prefetch-friendly),grid
16,0016_grid_b01_always_taken__c16_block_sparse.c,b01,always_taken,c16,block_sparse,xlarge_DRAM,8388608,8000000,static/trivial,mixed spatial (traversal-order dependent),grid
17,0017_grid_b01_always_taken__c17_zipf_like_hot_buckets.c,b01,always_taken,c17,zipf_like_hot_buckets,small_L1,4096,1000000,static/trivial,temporal reuse (skewed/hot-set),grid
18,0018_grid_b01_always_taken__c18_producer_consumer_two_pointer.c,b01,always_taken,c18,producer_consumer_two_pointer,medium_L2,65536,3000000,static/trivial,mixed/unclassified,grid
19,0019_grid_b01_always_taken__c19_matrix_diagonal_wavefront.c,b01,always_taken,c19,matrix_diagonal_wavefront,large_L3,1048576,5000000,static/trivial,mixed spatial (traversal-order dependent),grid
20,0020_grid_b01_always_taken__c20_hot_cold_phase_alternation.c,b01,always_taken,c20,hot_cold_phase_alternation,xlarge_DRAM,8388608,8000000,static/trivial,temporal reuse (skewed/hot-set),grid
21,0021_grid_b01_always_taken__c21_pyramid_multiresolution_stride.c,b01,always_taken,c21,pyramid_multiresolution_stride,small_L1,4096,1000000,static/trivial,compulsory+streaming (prefetch-friendly),grid
22,0022_grid_b01_always_taken__c22_tensor_3d_slice_poor_locality.c,b01,always_taken,c22,tensor_3d_slice_poor_locality,medium_L2,65536,3000000,static/trivial,mixed/unclassified,grid
23,0023_grid_b01_always_taken__c23_struct_of_array_field_burst.c,b01,always_taken,c23,struct_of_array_field_burst,large_L3,1048576,5000000,static/trivial,compulsory+streaming (prefetch-friendly),grid
24,0024_grid_b01_always_taken__c24_banked_interleaved_access.c,b01,always_taken,c24,banked_interleaved_access,xlarge_DRAM,8388608,8000000,static/trivial,compulsory+streaming (prefetch-friendly),grid
25,0025_grid_b01_always_taken__c25_lru_recency_weighted_reuse.c,b01,always_taken,c25,lru_recency_weighted_reuse,small_L1,4096,1000000,static/trivial,temporal reuse (capacity-sensitive),grid
26,0026_grid_b01_always_taken__c26_geometric_stride_growth.c,b01,always_taken,c26,geometric_stride_growth,medium_L2,65536,3000000,static/trivial,compulsory+streaming (prefetch-friendly),grid
27,0027_grid_b01_always_taken__c27_reduction_broadcast_pattern.c,b01,always_taken,c27,reduction_broadcast_pattern,large_L3,1048576,5000000,static/trivial,compulsory+streaming (prefetch-friendly),grid
28,0028_grid_b01_always_taken__c28_morton_zorder_traversal.c,b01,always_taken,c28,morton_zorder_traversal,xlarge_DRAM,8388608,8000000,static/trivial,mixed spatial (traversal-order dependent),grid
29,0029_grid_b01_always_taken__c29_ping_pong_cache_thrash.c,b01,always_taken,c29,ping_pong_cache_thrash,small_L1,4096,1000000,static/trivial,conflict/associativity,grid
30,0030_grid_b01_always_taken__c30_gather_scatter_indirect_table.c,b01,always_taken,c30,gather_scatter_indirect_table,medium_L2,65536,3000000,static/trivial,capacity (uniform random),grid
31,0031_grid_b01_always_taken__c31_fibonacci_stride.c,b01,always_taken,c31,fibonacci_stride,large_L3,1048576,5000000,static/trivial,compulsory+streaming (prefetch-friendly),grid
32,0032_grid_b01_always_taken__c32_hilbert_curve_traversal.c,b01,always_taken,c32,hilbert_curve_traversal,xlarge_DRAM,8388608,8000000,static/trivial,mixed spatial (traversal-order dependent),grid
33,0033_grid_b01_always_taken__c33_cache_set_conflict_stress.c,b01,always_taken,c33,cache_set_conflict_stress,small_L1,4096,1000000,static/trivial,conflict/associativity,grid
34,0034_grid_b01_always_taken__c34_variable_length_burst_reuse.c,b01,always_taken,c34,variable_length_burst_reuse,medium_L2,65536,3000000,static/trivial,capacity (uniform random),grid
35,0035_grid_b01_always_taken__c35_checkerboard_red_black.c,b01,always_taken,c35,checkerboard_red_black,large_L3,1048576,5000000,static/trivial,mixed spatial (traversal-order dependent),grid
36,0036_grid_b01_always_taken__c36_im2col_overlapping_patch_gather.c,b01,always_taken,c36,im2col_overlapping_patch_gather,xlarge_DRAM,8388608,8000000,static/trivial,compulsory+streaming (prefetch-friendly),grid
37,0037_grid_b01_always_taken__c37_double_buffer_epoch_alternation.c,b01,always_taken,c37,double_buffer_epoch_alternation,small_L1,4096,1000000,static/trivial,conflict+capacity (thrashing/alternation),grid
38,0038_grid_b01_always_taken__c38_cuckoo_double_hash_probe.c,b01,always_taken,c38,cuckoo_double_hash_probe,medium_L2,65536,3000000,static/trivial,capacity+compulsory (indirect gather/scatter),grid
39,0039_grid_b01_always_taken__c39_bounded_random_walk.c,b01,always_taken,c39,bounded_random_walk,large_L3,1048576,5000000,static/trivial,capacity (uniform random),grid
40,0040_grid_b01_always_taken__c40_causal_attention_triangular.c,b01,always_taken,c40,causal_attention_triangular,xlarge_DRAM,8388608,8000000,static/trivial,mixed/unclassified,grid
41,0041_grid_b01_always_taken__c41_skip_list_multilevel_hop.c,b01,always_taken,c41,skip_list_multilevel_hop,small_L1,4096,1000000,static/trivial,"compulsory+latency-bound (dependent loads, no prefetch)",grid
42,0042_grid_b01_always_taken__c42_cache_oblivious_funnel_stride.c,b01,always_taken,c42,cache_oblivious_funnel_stride,medium_L2,65536,3000000,static/trivial,compulsory+streaming (prefetch-friendly),grid
43,0043_grid_b01_always_taken__c43_whole_buffer_rotation.c,b01,always_taken,c43,whole_buffer_rotation,large_L3,1048576,5000000,static/trivial,mixed/unclassified,grid
44,0044_grid_b01_always_taken__c44_naive_gemm_row_col_alternation.c,b01,always_taken,c44,naive_gemm_row_col_alternation,xlarge_DRAM,8388608,8000000,static/trivial,compulsory+streaming (prefetch-friendly),grid
45,0045_grid_b01_always_taken__c45_read_hot_write_cold_split.c,b01,always_taken,c45,read_hot_write_cold_split,small_L1,4096,1000000,static/trivial,temporal reuse (skewed/hot-set),grid
46,0046_grid_b01_always_taken__c46_cantor_gap_sparse.c,b01,always_taken,c46,cantor_gap_sparse,medium_L2,65536,3000000,static/trivial,"compulsory (sparse, low reuse)",grid
47,0047_grid_b01_always_taken__c47_false_sharing_line_cycle.c,b01,always_taken,c47,false_sharing_line_cycle,large_L3,1048576,5000000,static/trivial,conflict/associativity,grid
48,0048_grid_b01_always_taken__c48_exponential_backoff_probe.c,b01,always_taken,c48,exponential_backoff_probe,xlarge_DRAM,8388608,8000000,static/trivial,capacity (uniform random),grid
49,0049_grid_b01_always_taken__c49_binary_heap_parent_child.c,b01,always_taken,c49,binary_heap_parent_child,small_L1,4096,1000000,static/trivial,capacity (uniform random),grid
50,0050_grid_b01_always_taken__c50_streaming_with_periodic_flush.c,b01,always_taken,c50,streaming_with_periodic_flush,medium_L2,65536,3000000,static/trivial,compulsory+streaming (prefetch-friendly),grid
51,0051_grid_b02_always_not_taken__c01_sequential_unit_stride.c,b02,always_not_taken,c01,sequential_unit_stride,medium_L2,65536,3000000,static/trivial,compulsory+streaming (prefetch-friendly),grid
52,0052_grid_b02_always_not_taken__c02_sequential_wraparound_large.c,b02,always_not_taken,c02,sequential_wraparound_large,large_L3,1048576,5000000,static/trivial,compulsory+streaming (prefetch-friendly),grid
53,0053_grid_b02_always_not_taken__c03_fixed_stride_small.c,b02,always_not_taken,c03,fixed_stride_small,xlarge_DRAM,8388608,8000000,static/trivial,compulsory+streaming (prefetch-friendly),grid
54,0054_grid_b02_always_not_taken__c04_fixed_stride_large.c,b02,always_not_taken,c04,fixed_stride_large,small_L1,4096,1000000,static/trivial,compulsory+streaming (prefetch-friendly),grid
55,0055_grid_b02_always_not_taken__c05_random_small_working_set.c,b02,always_not_taken,c05,random_small_working_set,medium_L2,65536,3000000,static/trivial,temporal reuse (capacity-sensitive),grid
56,0056_grid_b02_always_not_taken__c06_random_full_working_set.c,b02,always_not_taken,c06,random_full_working_set,large_L3,1048576,5000000,static/trivial,capacity (uniform random),grid
57,0057_grid_b02_always_not_taken__c07_matrix_row_major.c,b02,always_not_taken,c07,matrix_row_major,xlarge_DRAM,8388608,8000000,static/trivial,mixed spatial (traversal-order dependent),grid
58,0058_grid_b02_always_not_taken__c08_matrix_col_major.c,b02,always_not_taken,c08,matrix_col_major,small_L1,4096,1000000,static/trivial,mixed spatial (traversal-order dependent),grid
59,0059_grid_b02_always_not_taken__c09_matrix_tiled_blocked.c,b02,always_not_taken,c09,matrix_tiled_blocked,medium_L2,65536,3000000,static/trivial,mixed spatial (traversal-order dependent),grid
60,0060_grid_b02_always_not_taken__c10_pointer_chase_linked_list.c,b02,always_not_taken,c10,pointer_chase_linked_list,large_L3,1048576,5000000,static/trivial,"compulsory+latency-bound (dependent loads, no prefetch)",grid
61,0061_grid_b02_always_not_taken__c11_sliding_window.c,b02,always_not_taken,c11,sliding_window,xlarge_DRAM,8388608,8000000,static/trivial,mixed/unclassified,grid
62,0062_grid_b02_always_not_taken__c12_prime_stride_anti_alias.c,b02,always_not_taken,c12,prime_stride_anti_alias,small_L1,4096,1000000,static/trivial,compulsory+streaming (prefetch-friendly),grid
63,0063_grid_b02_always_not_taken__c13_two_stream_interleaved.c,b02,always_not_taken,c13,two_stream_interleaved,medium_L2,65536,3000000,static/trivial,mixed/unclassified,grid
64,0064_grid_b02_always_not_taken__c14_temporal_burst_reuse.c,b02,always_not_taken,c14,temporal_burst_reuse,large_L3,1048576,5000000,static/trivial,mixed/unclassified,grid
65,0065_grid_b02_always_not_taken__c15_reverse_sequential.c,b02,always_not_taken,c15,reverse_sequential,xlarge_DRAM,8388608,8000000,static/trivial,compulsory+streaming (prefetch-friendly),grid
66,0066_grid_b02_always_not_taken__c16_block_sparse.c,b02,always_not_taken,c16,block_sparse,small_L1,4096,1000000,static/trivial,mixed spatial (traversal-order dependent),grid
67,0067_grid_b02_always_not_taken__c17_zipf_like_hot_buckets.c,b02,always_not_taken,c17,zipf_like_hot_buckets,medium_L2,65536,3000000,static/trivial,temporal reuse (skewed/hot-set),grid
68,0068_grid_b02_always_not_taken__c18_producer_consumer_two_pointer.c,b02,always_not_taken,c18,producer_consumer_two_pointer,large_L3,1048576,5000000,static/trivial,mixed/unclassified,grid
69,0069_grid_b02_always_not_taken__c19_matrix_diagonal_wavefront.c,b02,always_not_taken,c19,matrix_diagonal_wavefront,xlarge_DRAM,8388608,8000000,static/trivial,mixed spatial (traversal-order dependent),grid
70,0070_grid_b02_always_not_taken__c20_hot_cold_phase_alternation.c,b02,always_not_taken,c20,hot_cold_phase_alternation,small_L1,4096,1000000,static/trivial,temporal reuse (skewed/hot-set),grid
71,0071_grid_b02_always_not_taken__c21_pyramid_multiresolution_stride.c,b02,always_not_taken,c21,pyramid_multiresolution_stride,medium_L2,65536,3000000,static/trivial,compulsory+streaming (prefetch-friendly),grid
72,0072_grid_b02_always_not_taken__c22_tensor_3d_slice_poor_locality.c,b02,always_not_taken,c22,tensor_3d_slice_poor_locality,large_L3,1048576,5000000,static/trivial,mixed/unclassified,grid
73,0073_grid_b02_always_not_taken__c23_struct_of_array_field_burst.c,b02,always_not_taken,c23,struct_of_array_field_burst,xlarge_DRAM,8388608,8000000,static/trivial,compulsory+streaming (prefetch-friendly),grid
74,0074_grid_b02_always_not_taken__c24_banked_interleaved_access.c,b02,always_not_taken,c24,banked_interleaved_access,small_L1,4096,1000000,static/trivial,compulsory+streaming (prefetch-friendly),grid
75,0075_grid_b02_always_not_taken__c25_lru_recency_weighted_reuse.c,b02,always_not_taken,c25,lru_recency_weighted_reuse,medium_L2,65536,3000000,static/trivial,temporal reuse (capacity-sensitive),grid
76,0076_grid_b02_always_not_taken__c26_geometric_stride_growth.c,b02,always_not_taken,c26,geometric_stride_growth,large_L3,1048576,5000000,static/trivial,compulsory+streaming (prefetch-friendly),grid
77,0077_grid_b02_always_not_taken__c27_reduction_broadcast_pattern.c,b02,always_not_taken,c27,reduction_broadcast_pattern,xlarge_DRAM,8388608,8000000,static/trivial,compulsory+streaming (prefetch-friendly),grid
78,0078_grid_b02_always_not_taken__c28_morton_zorder_traversal.c,b02,always_not_taken,c28,morton_zorder_traversal,small_L1,4096,1000000,static/trivial,mixed spatial (traversal-order dependent),grid
79,0079_grid_b02_always_not_taken__c29_ping_pong_cache_thrash.c,b02,always_not_taken,c29,ping_pong_cache_thrash,medium_L2,65536,3000000,static/trivial,conflict/associativity,grid
80,0080_grid_b02_always_not_taken__c30_gather_scatter_indirect_table.c,b02,always_not_taken,c30,gather_scatter_indirect_table,large_L3,1048576,5000000,static/trivial,capacity (uniform random),grid
81,0081_grid_b02_always_not_taken__c31_fibonacci_stride.c,b02,always_not_taken,c31,fibonacci_stride,xlarge_DRAM,8388608,8000000,static/trivial,compulsory+streaming (prefetch-friendly),grid
82,0082_grid_b02_always_not_taken__c32_hilbert_curve_traversal.c,b02,always_not_taken,c32,hilbert_curve_traversal,small_L1,4096,1000000,static/trivial,mixed spatial (traversal-order dependent),grid
83,0083_grid_b02_always_not_taken__c33_cache_set_conflict_stress.c,b02,always_not_taken,c33,cache_set_conflict_stress,medium_L2,65536,3000000,static/trivial,conflict/associativity,grid
84,0084_grid_b02_always_not_taken__c34_variable_length_burst_reuse.c,b02,always_not_taken,c34,variable_length_burst_reuse,large_L3,1048576,5000000,static/trivial,capacity (uniform random),grid
85,0085_grid_b02_always_not_taken__c35_checkerboard_red_black.c,b02,always_not_taken,c35,checkerboard_red_black,xlarge_DRAM,8388608,8000000,static/trivial,mixed spatial (traversal-order dependent),grid
86,0086_grid_b02_always_not_taken__c36_im2col_overlapping_patch_gather.c,b02,always_not_taken,c36,im2col_overlapping_patch_gather,small_L1,4096,1000000,static/trivial,compulsory+streaming (prefetch-friendly),grid
87,0087_grid_b02_always_not_taken__c37_double_buffer_epoch_alternation.c,b02,always_not_taken,c37,double_buffer_epoch_alternation,medium_L2,65536,3000000,static/trivial,conflict+capacity (thrashing/alternation),grid
88,0088_grid_b02_always_not_taken__c38_cuckoo_double_hash_probe.c,b02,always_not_taken,c38,cuckoo_double_hash_probe,large_L3,1048576,5000000,static/trivial,capacity+compulsory (indirect gather/scatter),grid
89,0089_grid_b02_always_not_taken__c39_bounded_random_walk.c,b02,always_not_taken,c39,bounded_random_walk,xlarge_DRAM,8388608,8000000,static/trivial,capacity (uniform random),grid
90,0090_grid_b02_always_not_taken__c40_causal_attention_triangular.c,b02,always_not_taken,c40,causal_attention_triangular,small_L1,4096,1000000,static/trivial,mixed/unclassified,grid
91,0091_grid_b02_always_not_taken__c41_skip_list_multilevel_hop.c,b02,always_not_taken,c41,skip_list_multilevel_hop,medium_L2,65536,3000000,static/trivial,"compulsory+latency-bound (dependent loads, no prefetch)",grid
92,0092_grid_b02_always_not_taken__c42_cache_oblivious_funnel_stride.c,b02,always_not_taken,c42,cache_oblivious_funnel_stride,large_L3,1048576,5000000,static/trivial,compulsory+streaming (prefetch-friendly),grid
93,0093_grid_b02_always_not_taken__c43_whole_buffer_rotation.c,b02,always_not_taken,c43,whole_buffer_rotation,xlarge_DRAM,8388608,8000000,static/trivial,mixed/unclassified,grid
94,0094_grid_b02_always_not_taken__c44_naive_gemm_row_col_alternation.c,b02,always_not_taken,c44,naive_gemm_row_col_alternation,small_L1,4096,1000000,static/trivial,compulsory+streaming (prefetch-friendly),grid
95,0095_grid_b02_always_not_taken__c45_read_hot_write_cold_split.c,b02,always_not_taken,c45,read_hot_write_cold_split,medium_L2,65536,3000000,static/trivial,temporal reuse (skewed/hot-set),grid
96,0096_grid_b02_always_not_taken__c46_cantor_gap_sparse.c,b02,always_not_taken,c46,cantor_gap_sparse,large_L3,1048576,5000000,static/trivial,"compulsory (sparse, low reuse)",grid
97,0097_grid_b02_always_not_taken__c47_false_sharing_line_cycle.c,b02,always_not_taken,c47,false_sharing_line_cycle,xlarge_DRAM,8388608,8000000,static/trivial,conflict/associativity,grid
98,0098_grid_b02_always_not_taken__c48_exponential_backoff_probe.c,b02,always_not_taken,c48,exponential_backoff_probe,small_L1,4096,1000000,static/trivial,capacity (uniform random),grid
99,0099_grid_b02_always_not_taken__c49_binary_heap_parent_child.c,b02,always_not_taken,c49,binary_heap_parent_child,medium_L2,65536,3000000,static/trivial,capacity (uniform random),grid
100,0100_grid_b02_always_not_taken__c50_streaming_with_periodic_flush.c,b02,always_not_taken,c50,streaming_with_periodic_flush,large_L3,1048576,5000000,static/trivial,compulsory+streaming (prefetch-friendly),grid
101,0101_grid_b03_alternating__c01_sequential_unit_stride.c,b03,alternating,c01,sequential_unit_stride,large_L3,1048576,5000000,static/periodic,compulsory+streaming (prefetch-friendly),grid
102,0102_grid_b03_alternating__c02_sequential_wraparound_large.c,b03,alternating,c02,sequential_wraparound_large,xlarge_DRAM,8388608,8000000,static/periodic,compulsory+streaming (prefetch-friendly),grid
103,0103_grid_b03_alternating__c03_fixed_stride_small.c,b03,alternating,c03,fixed_stride_small,small_L1,4096,1000000,static/periodic,compulsory+streaming (prefetch-friendly),grid
104,0104_grid_b03_alternating__c04_fixed_stride_large.c,b03,alternating,c04,fixed_stride_large,medium_L2,65536,3000000,static/periodic,compulsory+streaming (prefetch-friendly),grid
105,0105_grid_b03_alternating__c05_random_small_working_set.c,b03,alternating,c05,random_small_working_set,large_L3,1048576,5000000,static/periodic,temporal reuse (capacity-sensitive),grid
106,0106_grid_b03_alternating__c06_random_full_working_set.c,b03,alternating,c06,random_full_working_set,xlarge_DRAM,8388608,8000000,static/periodic,capacity (uniform random),grid
107,0107_grid_b03_alternating__c07_matrix_row_major.c,b03,alternating,c07,matrix_row_major,small_L1,4096,1000000,static/periodic,mixed spatial (traversal-order dependent),grid
108,0108_grid_b03_alternating__c08_matrix_col_major.c,b03,alternating,c08,matrix_col_major,medium_L2,65536,3000000,static/periodic,mixed spatial (traversal-order dependent),grid
109,0109_grid_b03_alternating__c09_matrix_tiled_blocked.c,b03,alternating,c09,matrix_tiled_blocked,large_L3,1048576,5000000,static/periodic,mixed spatial (traversal-order dependent),grid
110,0110_grid_b03_alternating__c10_pointer_chase_linked_list.c,b03,alternating,c10,pointer_chase_linked_list,xlarge_DRAM,8388608,8000000,static/periodic,"compulsory+latency-bound (dependent loads, no prefetch)",grid
111,0111_grid_b03_alternating__c11_sliding_window.c,b03,alternating,c11,sliding_window,small_L1,4096,1000000,static/periodic,mixed/unclassified,grid
112,0112_grid_b03_alternating__c12_prime_stride_anti_alias.c,b03,alternating,c12,prime_stride_anti_alias,medium_L2,65536,3000000,static/periodic,compulsory+streaming (prefetch-friendly),grid
113,0113_grid_b03_alternating__c13_two_stream_interleaved.c,b03,alternating,c13,two_stream_interleaved,large_L3,1048576,5000000,static/periodic,mixed/unclassified,grid
114,0114_grid_b03_alternating__c14_temporal_burst_reuse.c,b03,alternating,c14,temporal_burst_reuse,xlarge_DRAM,8388608,8000000,static/periodic,mixed/unclassified,grid
115,0115_grid_b03_alternating__c15_reverse_sequential.c,b03,alternating,c15,reverse_sequential,small_L1,4096,1000000,static/periodic,compulsory+streaming (prefetch-friendly),grid
116,0116_grid_b03_alternating__c16_block_sparse.c,b03,alternating,c16,block_sparse,medium_L2,65536,3000000,static/periodic,mixed spatial (traversal-order dependent),grid
117,0117_grid_b03_alternating__c17_zipf_like_hot_buckets.c,b03,alternating,c17,zipf_like_hot_buckets,large_L3,1048576,5000000,static/periodic,temporal reuse (skewed/hot-set),grid
118,0118_grid_b03_alternating__c18_producer_consumer_two_pointer.c,b03,alternating,c18,producer_consumer_two_pointer,xlarge_DRAM,8388608,8000000,static/periodic,mixed/unclassified,grid
119,0119_grid_b03_alternating__c19_matrix_diagonal_wavefront.c,b03,alternating,c19,matrix_diagonal_wavefront,small_L1,4096,1000000,static/periodic,mixed spatial (traversal-order dependent),grid
120,0120_grid_b03_alternating__c20_hot_cold_phase_alternation.c,b03,alternating,c20,hot_cold_phase_alternation,medium_L2,65536,3000000,static/periodic,temporal reuse (skewed/hot-set),grid
121,0121_grid_b03_alternating__c21_pyramid_multiresolution_stride.c,b03,alternating,c21,pyramid_multiresolution_stride,large_L3,1048576,5000000,static/periodic,compulsory+streaming (prefetch-friendly),grid
122,0122_grid_b03_alternating__c22_tensor_3d_slice_poor_locality.c,b03,alternating,c22,tensor_3d_slice_poor_locality,xlarge_DRAM,8388608,8000000,static/periodic,mixed/unclassified,grid
123,0123_grid_b03_alternating__c23_struct_of_array_field_burst.c,b03,alternating,c23,struct_of_array_field_burst,small_L1,4096,1000000,static/periodic,compulsory+streaming (prefetch-friendly),grid
124,0124_grid_b03_alternating__c24_banked_interleaved_access.c,b03,alternating,c24,banked_interleaved_access,medium_L2,65536,3000000,static/periodic,compulsory+streaming (prefetch-friendly),grid
125,0125_grid_b03_alternating__c25_lru_recency_weighted_reuse.c,b03,alternating,c25,lru_recency_weighted_reuse,large_L3,1048576,5000000,static/periodic,temporal reuse (capacity-sensitive),grid
126,0126_grid_b03_alternating__c26_geometric_stride_growth.c,b03,alternating,c26,geometric_stride_growth,xlarge_DRAM,8388608,8000000,static/periodic,compulsory+streaming (prefetch-friendly),grid
127,0127_grid_b03_alternating__c27_reduction_broadcast_pattern.c,b03,alternating,c27,reduction_broadcast_pattern,small_L1,4096,1000000,static/periodic,compulsory+streaming (prefetch-friendly),grid
128,0128_grid_b03_alternating__c28_morton_zorder_traversal.c,b03,alternating,c28,morton_zorder_traversal,medium_L2,65536,3000000,static/periodic,mixed spatial (traversal-order dependent),grid
129,0129_grid_b03_alternating__c29_ping_pong_cache_thrash.c,b03,alternating,c29,ping_pong_cache_thrash,large_L3,1048576,5000000,static/periodic,conflict/associativity,grid
130,0130_grid_b03_alternating__c30_gather_scatter_indirect_table.c,b03,alternating,c30,gather_scatter_indirect_table,xlarge_DRAM,8388608,8000000,static/periodic,capacity (uniform random),grid
131,0131_grid_b03_alternating__c31_fibonacci_stride.c,b03,alternating,c31,fibonacci_stride,small_L1,4096,1000000,static/periodic,compulsory+streaming (prefetch-friendly),grid
132,0132_grid_b03_alternating__c32_hilbert_curve_traversal.c,b03,alternating,c32,hilbert_curve_traversal,medium_L2,65536,3000000,static/periodic,mixed spatial (traversal-order dependent),grid
133,0133_grid_b03_alternating__c33_cache_set_conflict_stress.c,b03,alternating,c33,cache_set_conflict_stress,large_L3,1048576,5000000,static/periodic,conflict/associativity,grid
134,0134_grid_b03_alternating__c34_variable_length_burst_reuse.c,b03,alternating,c34,variable_length_burst_reuse,xlarge_DRAM,8388608,8000000,static/periodic,capacity (uniform random),grid
135,0135_grid_b03_alternating__c35_checkerboard_red_black.c,b03,alternating,c35,checkerboard_red_black,small_L1,4096,1000000,static/periodic,mixed spatial (traversal-order dependent),grid
136,0136_grid_b03_alternating__c36_im2col_overlapping_patch_gather.c,b03,alternating,c36,im2col_overlapping_patch_gather,medium_L2,65536,3000000,static/periodic,compulsory+streaming (prefetch-friendly),grid
137,0137_grid_b03_alternating__c37_double_buffer_epoch_alternation.c,b03,alternating,c37,double_buffer_epoch_alternation,large_L3,1048576,5000000,static/periodic,conflict+capacity (thrashing/alternation),grid
138,0138_grid_b03_alternating__c38_cuckoo_double_hash_probe.c,b03,alternating,c38,cuckoo_double_hash_probe,xlarge_DRAM,8388608,8000000,static/periodic,capacity+compulsory (indirect gather/scatter),grid
139,0139_grid_b03_alternating__c39_bounded_random_walk.c,b03,alternating,c39,bounded_random_walk,small_L1,4096,1000000,static/periodic,capacity (uniform random),grid
140,0140_grid_b03_alternating__c40_causal_attention_triangular.c,b03,alternating,c40,causal_attention_triangular,medium_L2,65536,3000000,static/periodic,mixed/unclassified,grid
141,0141_grid_b03_alternating__c41_skip_list_multilevel_hop.c,b03,alternating,c41,skip_list_multilevel_hop,large_L3,1048576,5000000,static/periodic,"compulsory+latency-bound (dependent loads, no prefetch)",grid
142,0142_grid_b03_alternating__c42_cache_oblivious_funnel_stride.c,b03,alternating,c42,cache_oblivious_funnel_stride,xlarge_DRAM,8388608,8000000,static/periodic,compulsory+streaming (prefetch-friendly),grid
143,0143_grid_b03_alternating__c43_whole_buffer_rotation.c,b03,alternating,c43,whole_buffer_rotation,small_L1,4096,1000000,static/periodic,mixed/unclassified,grid
144,0144_grid_b03_alternating__c44_naive_gemm_row_col_alternation.c,b03,alternating,c44,naive_gemm_row_col_alternation,medium_L2,65536,3000000,static/periodic,compulsory+streaming (prefetch-friendly),grid
145,0145_grid_b03_alternating__c45_read_hot_write_cold_split.c,b03,alternating,c45,read_hot_write_cold_split,large_L3,1048576,5000000,static/periodic,temporal reuse (skewed/hot-set),grid
146,0146_grid_b03_alternating__c46_cantor_gap_sparse.c,b03,alternating,c46,cantor_gap_sparse,xlarge_DRAM,8388608,8000000,static/periodic,"compulsory (sparse, low reuse)",grid
147,0147_grid_b03_alternating__c47_false_sharing_line_cycle.c,b03,alternating,c47,false_sharing_line_cycle,small_L1,4096,1000000,static/periodic,conflict/associativity,grid
148,0148_grid_b03_alternating__c48_exponential_backoff_probe.c,b03,alternating,c48,exponential_backoff_probe,medium_L2,65536,3000000,static/periodic,capacity (uniform random),grid
149,0149_grid_b03_alternating__c49_binary_heap_parent_child.c,b03,alternating,c49,binary_heap_parent_child,large_L3,1048576,5000000,static/periodic,capacity (uniform random),grid
150,0150_grid_b03_alternating__c50_streaming_with_periodic_flush.c,b03,alternating,c50,streaming_with_periodic_flush,xlarge_DRAM,8388608,8000000,static/periodic,compulsory+streaming (prefetch-friendly),grid
151,0151_grid_b04_periodic3__c01_sequential_unit_stride.c,b04,periodic3,c01,sequential_unit_stride,xlarge_DRAM,8388608,8000000,static/periodic,compulsory+streaming (prefetch-friendly),grid
152,0152_grid_b04_periodic3__c02_sequential_wraparound_large.c,b04,periodic3,c02,sequential_wraparound_large,small_L1,4096,1000000,static/periodic,compulsory+streaming (prefetch-friendly),grid
153,0153_grid_b04_periodic3__c03_fixed_stride_small.c,b04,periodic3,c03,fixed_stride_small,medium_L2,65536,3000000,static/periodic,compulsory+streaming (prefetch-friendly),grid
154,0154_grid_b04_periodic3__c04_fixed_stride_large.c,b04,periodic3,c04,fixed_stride_large,large_L3,1048576,5000000,static/periodic,compulsory+streaming (prefetch-friendly),grid
155,0155_grid_b04_periodic3__c05_random_small_working_set.c,b04,periodic3,c05,random_small_working_set,xlarge_DRAM,8388608,8000000,static/periodic,temporal reuse (capacity-sensitive),grid
156,0156_grid_b04_periodic3__c06_random_full_working_set.c,b04,periodic3,c06,random_full_working_set,small_L1,4096,1000000,static/periodic,capacity (uniform random),grid
157,0157_grid_b04_periodic3__c07_matrix_row_major.c,b04,periodic3,c07,matrix_row_major,medium_L2,65536,3000000,static/periodic,mixed spatial (traversal-order dependent),grid
158,0158_grid_b04_periodic3__c08_matrix_col_major.c,b04,periodic3,c08,matrix_col_major,large_L3,1048576,5000000,static/periodic,mixed spatial (traversal-order dependent),grid
159,0159_grid_b04_periodic3__c09_matrix_tiled_blocked.c,b04,periodic3,c09,matrix_tiled_blocked,xlarge_DRAM,8388608,8000000,static/periodic,mixed spatial (traversal-order dependent),grid
160,0160_grid_b04_periodic3__c10_pointer_chase_linked_list.c,b04,periodic3,c10,pointer_chase_linked_list,small_L1,4096,1000000,static/periodic,"compulsory+latency-bound (dependent loads, no prefetch)",grid
161,0161_grid_b04_periodic3__c11_sliding_window.c,b04,periodic3,c11,sliding_window,medium_L2,65536,3000000,static/periodic,mixed/unclassified,grid
162,0162_grid_b04_periodic3__c12_prime_stride_anti_alias.c,b04,periodic3,c12,prime_stride_anti_alias,large_L3,1048576,5000000,static/periodic,compulsory+streaming (prefetch-friendly),grid
163,0163_grid_b04_periodic3__c13_two_stream_interleaved.c,b04,periodic3,c13,two_stream_interleaved,xlarge_DRAM,8388608,8000000,static/periodic,mixed/unclassified,grid
164,0164_grid_b04_periodic3__c14_temporal_burst_reuse.c,b04,periodic3,c14,temporal_burst_reuse,small_L1,4096,1000000,static/periodic,mixed/unclassified,grid
165,0165_grid_b04_periodic3__c15_reverse_sequential.c,b04,periodic3,c15,reverse_sequential,medium_L2,65536,3000000,static/periodic,compulsory+streaming (prefetch-friendly),grid
166,0166_grid_b04_periodic3__c16_block_sparse.c,b04,periodic3,c16,block_sparse,large_L3,1048576,5000000,static/periodic,mixed spatial (traversal-order dependent),grid
167,0167_grid_b04_periodic3__c17_zipf_like_hot_buckets.c,b04,periodic3,c17,zipf_like_hot_buckets,xlarge_DRAM,8388608,8000000,static/periodic,temporal reuse (skewed/hot-set),grid
168,0168_grid_b04_periodic3__c18_producer_consumer_two_pointer.c,b04,periodic3,c18,producer_consumer_two_pointer,small_L1,4096,1000000,static/periodic,mixed/unclassified,grid
169,0169_grid_b04_periodic3__c19_matrix_diagonal_wavefront.c,b04,periodic3,c19,matrix_diagonal_wavefront,medium_L2,65536,3000000,static/periodic,mixed spatial (traversal-order dependent),grid
170,0170_grid_b04_periodic3__c20_hot_cold_phase_alternation.c,b04,periodic3,c20,hot_cold_phase_alternation,large_L3,1048576,5000000,static/periodic,temporal reuse (skewed/hot-set),grid
171,0171_grid_b04_periodic3__c21_pyramid_multiresolution_stride.c,b04,periodic3,c21,pyramid_multiresolution_stride,xlarge_DRAM,8388608,8000000,static/periodic,compulsory+streaming (prefetch-friendly),grid
172,0172_grid_b04_periodic3__c22_tensor_3d_slice_poor_locality.c,b04,periodic3,c22,tensor_3d_slice_poor_locality,small_L1,4096,1000000,static/periodic,mixed/unclassified,grid
173,0173_grid_b04_periodic3__c23_struct_of_array_field_burst.c,b04,periodic3,c23,struct_of_array_field_burst,medium_L2,65536,3000000,static/periodic,compulsory+streaming (prefetch-friendly),grid
174,0174_grid_b04_periodic3__c24_banked_interleaved_access.c,b04,periodic3,c24,banked_interleaved_access,large_L3,1048576,5000000,static/periodic,compulsory+streaming (prefetch-friendly),grid
175,0175_grid_b04_periodic3__c25_lru_recency_weighted_reuse.c,b04,periodic3,c25,lru_recency_weighted_reuse,xlarge_DRAM,8388608,8000000,static/periodic,temporal reuse (capacity-sensitive),grid
176,0176_grid_b04_periodic3__c26_geometric_stride_growth.c,b04,periodic3,c26,geometric_stride_growth,small_L1,4096,1000000,static/periodic,compulsory+streaming (prefetch-friendly),grid
177,0177_grid_b04_periodic3__c27_reduction_broadcast_pattern.c,b04,periodic3,c27,reduction_broadcast_pattern,medium_L2,65536,3000000,static/periodic,compulsory+streaming (prefetch-friendly),grid
178,0178_grid_b04_periodic3__c28_morton_zorder_traversal.c,b04,periodic3,c28,morton_zorder_traversal,large_L3,1048576,5000000,static/periodic,mixed spatial (traversal-order dependent),grid
179,0179_grid_b04_periodic3__c29_ping_pong_cache_thrash.c,b04,periodic3,c29,ping_pong_cache_thrash,xlarge_DRAM,8388608,8000000,static/periodic,conflict/associativity,grid
180,0180_grid_b04_periodic3__c30_gather_scatter_indirect_table.c,b04,periodic3,c30,gather_scatter_indirect_table,small_L1,4096,1000000,static/periodic,capacity (uniform random),grid
181,0181_grid_b04_periodic3__c31_fibonacci_stride.c,b04,periodic3,c31,fibonacci_stride,medium_L2,65536,3000000,static/periodic,compulsory+streaming (prefetch-friendly),grid
182,0182_grid_b04_periodic3__c32_hilbert_curve_traversal.c,b04,periodic3,c32,hilbert_curve_traversal,large_L3,1048576,5000000,static/periodic,mixed spatial (traversal-order dependent),grid
183,0183_grid_b04_periodic3__c33_cache_set_conflict_stress.c,b04,periodic3,c33,cache_set_conflict_stress,xlarge_DRAM,8388608,8000000,static/periodic,conflict/associativity,grid
184,0184_grid_b04_periodic3__c34_variable_length_burst_reuse.c,b04,periodic3,c34,variable_length_burst_reuse,small_L1,4096,1000000,static/periodic,capacity (uniform random),grid
185,0185_grid_b04_periodic3__c35_checkerboard_red_black.c,b04,periodic3,c35,checkerboard_red_black,medium_L2,65536,3000000,static/periodic,mixed spatial (traversal-order dependent),grid
186,0186_grid_b04_periodic3__c36_im2col_overlapping_patch_gather.c,b04,periodic3,c36,im2col_overlapping_patch_gather,large_L3,1048576,5000000,static/periodic,compulsory+streaming (prefetch-friendly),grid
187,0187_grid_b04_periodic3__c37_double_buffer_epoch_alternation.c,b04,periodic3,c37,double_buffer_epoch_alternation,xlarge_DRAM,8388608,8000000,static/periodic,conflict+capacity (thrashing/alternation),grid
188,0188_grid_b04_periodic3__c38_cuckoo_double_hash_probe.c,b04,periodic3,c38,cuckoo_double_hash_probe,small_L1,4096,1000000,static/periodic,capacity+compulsory (indirect gather/scatter),grid
189,0189_grid_b04_periodic3__c39_bounded_random_walk.c,b04,periodic3,c39,bounded_random_walk,medium_L2,65536,3000000,static/periodic,capacity (uniform random),grid
190,0190_grid_b04_periodic3__c40_causal_attention_triangular.c,b04,periodic3,c40,causal_attention_triangular,large_L3,1048576,5000000,static/periodic,mixed/unclassified,grid
191,0191_grid_b04_periodic3__c41_skip_list_multilevel_hop.c,b04,periodic3,c41,skip_list_multilevel_hop,xlarge_DRAM,8388608,8000000,static/periodic,"compulsory+latency-bound (dependent loads, no prefetch)",grid
192,0192_grid_b04_periodic3__c42_cache_oblivious_funnel_stride.c,b04,periodic3,c42,cache_oblivious_funnel_stride,small_L1,4096,1000000,static/periodic,compulsory+streaming (prefetch-friendly),grid
193,0193_grid_b04_periodic3__c43_whole_buffer_rotation.c,b04,periodic3,c43,whole_buffer_rotation,medium_L2,65536,3000000,static/periodic,mixed/unclassified,grid
194,0194_grid_b04_periodic3__c44_naive_gemm_row_col_alternation.c,b04,periodic3,c44,naive_gemm_row_col_alternation,large_L3,1048576,5000000,static/periodic,compulsory+streaming (prefetch-friendly),grid
195,0195_grid_b04_periodic3__c45_read_hot_write_cold_split.c,b04,periodic3,c45,read_hot_write_cold_split,xlarge_DRAM,8388608,8000000,static/periodic,temporal reuse (skewed/hot-set),grid
196,0196_grid_b04_periodic3__c46_cantor_gap_sparse.c,b04,periodic3,c46,cantor_gap_sparse,small_L1,4096,1000000,static/periodic,"compulsory (sparse, low reuse)",grid
197,0197_grid_b04_periodic3__c47_false_sharing_line_cycle.c,b04,periodic3,c47,false_sharing_line_cycle,medium_L2,65536,3000000,static/periodic,conflict/associativity,grid
198,0198_grid_b04_periodic3__c48_exponential_backoff_probe.c,b04,periodic3,c48,exponential_backoff_probe,large_L3,1048576,5000000,static/periodic,capacity (uniform random),grid
199,0199_grid_b04_periodic3__c49_binary_heap_parent_child.c,b04,periodic3,c49,binary_heap_parent_child,xlarge_DRAM,8388608,8000000,static/periodic,capacity (uniform random),grid
200,0200_grid_b04_periodic3__c50_streaming_with_periodic_flush.c,b04,periodic3,c50,streaming_with_periodic_flush,small_L1,4096,1000000,static/periodic,compulsory+streaming (prefetch-friendly),grid
201,0201_grid_b05_periodic8_biased__c01_sequential_unit_stride.c,b05,periodic8_biased,c01,sequential_unit_stride,small_L1,4096,1000000,static/periodic,compulsory+streaming (prefetch-friendly),grid
202,0202_grid_b05_periodic8_biased__c02_sequential_wraparound_large.c,b05,periodic8_biased,c02,sequential_wraparound_large,medium_L2,65536,3000000,static/periodic,compulsory+streaming (prefetch-friendly),grid
203,0203_grid_b05_periodic8_biased__c03_fixed_stride_small.c,b05,periodic8_biased,c03,fixed_stride_small,large_L3,1048576,5000000,static/periodic,compulsory+streaming (prefetch-friendly),grid
204,0204_grid_b05_periodic8_biased__c04_fixed_stride_large.c,b05,periodic8_biased,c04,fixed_stride_large,xlarge_DRAM,8388608,8000000,static/periodic,compulsory+streaming (prefetch-friendly),grid
205,0205_grid_b05_periodic8_biased__c05_random_small_working_set.c,b05,periodic8_biased,c05,random_small_working_set,small_L1,4096,1000000,static/periodic,temporal reuse (capacity-sensitive),grid
206,0206_grid_b05_periodic8_biased__c06_random_full_working_set.c,b05,periodic8_biased,c06,random_full_working_set,medium_L2,65536,3000000,static/periodic,capacity (uniform random),grid
207,0207_grid_b05_periodic8_biased__c07_matrix_row_major.c,b05,periodic8_biased,c07,matrix_row_major,large_L3,1048576,5000000,static/periodic,mixed spatial (traversal-order dependent),grid
208,0208_grid_b05_periodic8_biased__c08_matrix_col_major.c,b05,periodic8_biased,c08,matrix_col_major,xlarge_DRAM,8388608,8000000,static/periodic,mixed spatial (traversal-order dependent),grid
209,0209_grid_b05_periodic8_biased__c09_matrix_tiled_blocked.c,b05,periodic8_biased,c09,matrix_tiled_blocked,small_L1,4096,1000000,static/periodic,mixed spatial (traversal-order dependent),grid
210,0210_grid_b05_periodic8_biased__c10_pointer_chase_linked_list.c,b05,periodic8_biased,c10,pointer_chase_linked_list,medium_L2,65536,3000000,static/periodic,"compulsory+latency-bound (dependent loads, no prefetch)",grid
211,0211_grid_b05_periodic8_biased__c11_sliding_window.c,b05,periodic8_biased,c11,sliding_window,large_L3,1048576,5000000,static/periodic,mixed/unclassified,grid
212,0212_grid_b05_periodic8_biased__c12_prime_stride_anti_alias.c,b05,periodic8_biased,c12,prime_stride_anti_alias,xlarge_DRAM,8388608,8000000,static/periodic,compulsory+streaming (prefetch-friendly),grid
213,0213_grid_b05_periodic8_biased__c13_two_stream_interleaved.c,b05,periodic8_biased,c13,two_stream_interleaved,small_L1,4096,1000000,static/periodic,mixed/unclassified,grid
214,0214_grid_b05_periodic8_biased__c14_temporal_burst_reuse.c,b05,periodic8_biased,c14,temporal_burst_reuse,medium_L2,65536,3000000,static/periodic,mixed/unclassified,grid
215,0215_grid_b05_periodic8_biased__c15_reverse_sequential.c,b05,periodic8_biased,c15,reverse_sequential,large_L3,1048576,5000000,static/periodic,compulsory+streaming (prefetch-friendly),grid
216,0216_grid_b05_periodic8_biased__c16_block_sparse.c,b05,periodic8_biased,c16,block_sparse,xlarge_DRAM,8388608,8000000,static/periodic,mixed spatial (traversal-order dependent),grid
217,0217_grid_b05_periodic8_biased__c17_zipf_like_hot_buckets.c,b05,periodic8_biased,c17,zipf_like_hot_buckets,small_L1,4096,1000000,static/periodic,temporal reuse (skewed/hot-set),grid
218,0218_grid_b05_periodic8_biased__c18_producer_consumer_two_pointer.c,b05,periodic8_biased,c18,producer_consumer_two_pointer,medium_L2,65536,3000000,static/periodic,mixed/unclassified,grid
219,0219_grid_b05_periodic8_biased__c19_matrix_diagonal_wavefront.c,b05,periodic8_biased,c19,matrix_diagonal_wavefront,large_L3,1048576,5000000,static/periodic,mixed spatial (traversal-order dependent),grid
220,0220_grid_b05_periodic8_biased__c20_hot_cold_phase_alternation.c,b05,periodic8_biased,c20,hot_cold_phase_alternation,xlarge_DRAM,8388608,8000000,static/periodic,temporal reuse (skewed/hot-set),grid
221,0221_grid_b05_periodic8_biased__c21_pyramid_multiresolution_stride.c,b05,periodic8_biased,c21,pyramid_multiresolution_stride,small_L1,4096,1000000,static/periodic,compulsory+streaming (prefetch-friendly),grid
222,0222_grid_b05_periodic8_biased__c22_tensor_3d_slice_poor_locality.c,b05,periodic8_biased,c22,tensor_3d_slice_poor_locality,medium_L2,65536,3000000,static/periodic,mixed/unclassified,grid
223,0223_grid_b05_periodic8_biased__c23_struct_of_array_field_burst.c,b05,periodic8_biased,c23,struct_of_array_field_burst,large_L3,1048576,5000000,static/periodic,compulsory+streaming (prefetch-friendly),grid
224,0224_grid_b05_periodic8_biased__c24_banked_interleaved_access.c,b05,periodic8_biased,c24,banked_interleaved_access,xlarge_DRAM,8388608,8000000,static/periodic,compulsory+streaming (prefetch-friendly),grid
225,0225_grid_b05_periodic8_biased__c25_lru_recency_weighted_reuse.c,b05,periodic8_biased,c25,lru_recency_weighted_reuse,small_L1,4096,1000000,static/periodic,temporal reuse (capacity-sensitive),grid
226,0226_grid_b05_periodic8_biased__c26_geometric_stride_growth.c,b05,periodic8_biased,c26,geometric_stride_growth,medium_L2,65536,3000000,static/periodic,compulsory+streaming (prefetch-friendly),grid
227,0227_grid_b05_periodic8_biased__c27_reduction_broadcast_pattern.c,b05,periodic8_biased,c27,reduction_broadcast_pattern,large_L3,1048576,5000000,static/periodic,compulsory+streaming (prefetch-friendly),grid
228,0228_grid_b05_periodic8_biased__c28_morton_zorder_traversal.c,b05,periodic8_biased,c28,morton_zorder_traversal,xlarge_DRAM,8388608,8000000,static/periodic,mixed spatial (traversal-order dependent),grid
229,0229_grid_b05_periodic8_biased__c29_ping_pong_cache_thrash.c,b05,periodic8_biased,c29,ping_pong_cache_thrash,small_L1,4096,1000000,static/periodic,conflict/associativity,grid
230,0230_grid_b05_periodic8_biased__c30_gather_scatter_indirect_table.c,b05,periodic8_biased,c30,gather_scatter_indirect_table,medium_L2,65536,3000000,static/periodic,capacity (uniform random),grid
231,0231_grid_b05_periodic8_biased__c31_fibonacci_stride.c,b05,periodic8_biased,c31,fibonacci_stride,large_L3,1048576,5000000,static/periodic,compulsory+streaming (prefetch-friendly),grid
232,0232_grid_b05_periodic8_biased__c32_hilbert_curve_traversal.c,b05,periodic8_biased,c32,hilbert_curve_traversal,xlarge_DRAM,8388608,8000000,static/periodic,mixed spatial (traversal-order dependent),grid
233,0233_grid_b05_periodic8_biased__c33_cache_set_conflict_stress.c,b05,periodic8_biased,c33,cache_set_conflict_stress,small_L1,4096,1000000,static/periodic,conflict/associativity,grid
234,0234_grid_b05_periodic8_biased__c34_variable_length_burst_reuse.c,b05,periodic8_biased,c34,variable_length_burst_reuse,medium_L2,65536,3000000,static/periodic,capacity (uniform random),grid
235,0235_grid_b05_periodic8_biased__c35_checkerboard_red_black.c,b05,periodic8_biased,c35,checkerboard_red_black,large_L3,1048576,5000000,static/periodic,mixed spatial (traversal-order dependent),grid
236,0236_grid_b05_periodic8_biased__c36_im2col_overlapping_patch_gather.c,b05,periodic8_biased,c36,im2col_overlapping_patch_gather,xlarge_DRAM,8388608,8000000,static/periodic,compulsory+streaming (prefetch-friendly),grid
237,0237_grid_b05_periodic8_biased__c37_double_buffer_epoch_alternation.c,b05,periodic8_biased,c37,double_buffer_epoch_alternation,small_L1,4096,1000000,static/periodic,conflict+capacity (thrashing/alternation),grid
238,0238_grid_b05_periodic8_biased__c38_cuckoo_double_hash_probe.c,b05,periodic8_biased,c38,cuckoo_double_hash_probe,medium_L2,65536,3000000,static/periodic,capacity+compulsory (indirect gather/scatter),grid
239,0239_grid_b05_periodic8_biased__c39_bounded_random_walk.c,b05,periodic8_biased,c39,bounded_random_walk,large_L3,1048576,5000000,static/periodic,capacity (uniform random),grid
240,0240_grid_b05_periodic8_biased__c40_causal_attention_triangular.c,b05,periodic8_biased,c40,causal_attention_triangular,xlarge_DRAM,8388608,8000000,static/periodic,mixed/unclassified,grid
241,0241_grid_b05_periodic8_biased__c41_skip_list_multilevel_hop.c,b05,periodic8_biased,c41,skip_list_multilevel_hop,small_L1,4096,1000000,static/periodic,"compulsory+latency-bound (dependent loads, no prefetch)",grid
242,0242_grid_b05_periodic8_biased__c42_cache_oblivious_funnel_stride.c,b05,periodic8_biased,c42,cache_oblivious_funnel_stride,medium_L2,65536,3000000,static/periodic,compulsory+streaming (prefetch-friendly),grid
243,0243_grid_b05_periodic8_biased__c43_whole_buffer_rotation.c,b05,periodic8_biased,c43,whole_buffer_rotation,large_L3,1048576,5000000,static/periodic,mixed/unclassified,grid
244,0244_grid_b05_periodic8_biased__c44_naive_gemm_row_col_alternation.c,b05,periodic8_biased,c44,naive_gemm_row_col_alternation,xlarge_DRAM,8388608,8000000,static/periodic,compulsory+streaming (prefetch-friendly),grid
245,0245_grid_b05_periodic8_biased__c45_read_hot_write_cold_split.c,b05,periodic8_biased,c45,read_hot_write_cold_split,small_L1,4096,1000000,static/periodic,temporal reuse (skewed/hot-set),grid
246,0246_grid_b05_periodic8_biased__c46_cantor_gap_sparse.c,b05,periodic8_biased,c46,cantor_gap_sparse,medium_L2,65536,3000000,static/periodic,"compulsory (sparse, low reuse)",grid
247,0247_grid_b05_periodic8_biased__c47_false_sharing_line_cycle.c,b05,periodic8_biased,c47,false_sharing_line_cycle,large_L3,1048576,5000000,static/periodic,conflict/associativity,grid
248,0248_grid_b05_periodic8_biased__c48_exponential_backoff_probe.c,b05,periodic8_biased,c48,exponential_backoff_probe,xlarge_DRAM,8388608,8000000,static/periodic,capacity (uniform random),grid
249,0249_grid_b05_periodic8_biased__c49_binary_heap_parent_child.c,b05,periodic8_biased,c49,binary_heap_parent_child,small_L1,4096,1000000,static/periodic,capacity (uniform random),grid
250,0250_grid_b05_periodic8_biased__c50_streaming_with_periodic_flush.c,b05,periodic8_biased,c50,streaming_with_periodic_flush,medium_L2,65536,3000000,static/periodic,compulsory+streaming (prefetch-friendly),grid
251,0251_grid_b06_pseudo_random_50__c01_sequential_unit_stride.c,b06,pseudo_random_50,c01,sequential_unit_stride,medium_L2,65536,3000000,stochastic,compulsory+streaming (prefetch-friendly),grid
252,0252_grid_b06_pseudo_random_50__c02_sequential_wraparound_large.c,b06,pseudo_random_50,c02,sequential_wraparound_large,large_L3,1048576,5000000,stochastic,compulsory+streaming (prefetch-friendly),grid
253,0253_grid_b06_pseudo_random_50__c03_fixed_stride_small.c,b06,pseudo_random_50,c03,fixed_stride_small,xlarge_DRAM,8388608,8000000,stochastic,compulsory+streaming (prefetch-friendly),grid
254,0254_grid_b06_pseudo_random_50__c04_fixed_stride_large.c,b06,pseudo_random_50,c04,fixed_stride_large,small_L1,4096,1000000,stochastic,compulsory+streaming (prefetch-friendly),grid
255,0255_grid_b06_pseudo_random_50__c05_random_small_working_set.c,b06,pseudo_random_50,c05,random_small_working_set,medium_L2,65536,3000000,stochastic,temporal reuse (capacity-sensitive),grid
256,0256_grid_b06_pseudo_random_50__c06_random_full_working_set.c,b06,pseudo_random_50,c06,random_full_working_set,large_L3,1048576,5000000,stochastic,capacity (uniform random),grid
257,0257_grid_b06_pseudo_random_50__c07_matrix_row_major.c,b06,pseudo_random_50,c07,matrix_row_major,xlarge_DRAM,8388608,8000000,stochastic,mixed spatial (traversal-order dependent),grid
258,0258_grid_b06_pseudo_random_50__c08_matrix_col_major.c,b06,pseudo_random_50,c08,matrix_col_major,small_L1,4096,1000000,stochastic,mixed spatial (traversal-order dependent),grid
259,0259_grid_b06_pseudo_random_50__c09_matrix_tiled_blocked.c,b06,pseudo_random_50,c09,matrix_tiled_blocked,medium_L2,65536,3000000,stochastic,mixed spatial (traversal-order dependent),grid
260,0260_grid_b06_pseudo_random_50__c10_pointer_chase_linked_list.c,b06,pseudo_random_50,c10,pointer_chase_linked_list,large_L3,1048576,5000000,stochastic,"compulsory+latency-bound (dependent loads, no prefetch)",grid
261,0261_grid_b06_pseudo_random_50__c11_sliding_window.c,b06,pseudo_random_50,c11,sliding_window,xlarge_DRAM,8388608,8000000,stochastic,mixed/unclassified,grid
262,0262_grid_b06_pseudo_random_50__c12_prime_stride_anti_alias.c,b06,pseudo_random_50,c12,prime_stride_anti_alias,small_L1,4096,1000000,stochastic,compulsory+streaming (prefetch-friendly),grid
263,0263_grid_b06_pseudo_random_50__c13_two_stream_interleaved.c,b06,pseudo_random_50,c13,two_stream_interleaved,medium_L2,65536,3000000,stochastic,mixed/unclassified,grid
264,0264_grid_b06_pseudo_random_50__c14_temporal_burst_reuse.c,b06,pseudo_random_50,c14,temporal_burst_reuse,large_L3,1048576,5000000,stochastic,mixed/unclassified,grid
265,0265_grid_b06_pseudo_random_50__c15_reverse_sequential.c,b06,pseudo_random_50,c15,reverse_sequential,xlarge_DRAM,8388608,8000000,stochastic,compulsory+streaming (prefetch-friendly),grid
266,0266_grid_b06_pseudo_random_50__c16_block_sparse.c,b06,pseudo_random_50,c16,block_sparse,small_L1,4096,1000000,stochastic,mixed spatial (traversal-order dependent),grid
267,0267_grid_b06_pseudo_random_50__c17_zipf_like_hot_buckets.c,b06,pseudo_random_50,c17,zipf_like_hot_buckets,medium_L2,65536,3000000,stochastic,temporal reuse (skewed/hot-set),grid
268,0268_grid_b06_pseudo_random_50__c18_producer_consumer_two_pointer.c,b06,pseudo_random_50,c18,producer_consumer_two_pointer,large_L3,1048576,5000000,stochastic,mixed/unclassified,grid
269,0269_grid_b06_pseudo_random_50__c19_matrix_diagonal_wavefront.c,b06,pseudo_random_50,c19,matrix_diagonal_wavefront,xlarge_DRAM,8388608,8000000,stochastic,mixed spatial (traversal-order dependent),grid
270,0270_grid_b06_pseudo_random_50__c20_hot_cold_phase_alternation.c,b06,pseudo_random_50,c20,hot_cold_phase_alternation,small_L1,4096,1000000,stochastic,temporal reuse (skewed/hot-set),grid
271,0271_grid_b06_pseudo_random_50__c21_pyramid_multiresolution_stride.c,b06,pseudo_random_50,c21,pyramid_multiresolution_stride,medium_L2,65536,3000000,stochastic,compulsory+streaming (prefetch-friendly),grid
272,0272_grid_b06_pseudo_random_50__c22_tensor_3d_slice_poor_locality.c,b06,pseudo_random_50,c22,tensor_3d_slice_poor_locality,large_L3,1048576,5000000,stochastic,mixed/unclassified,grid
273,0273_grid_b06_pseudo_random_50__c23_struct_of_array_field_burst.c,b06,pseudo_random_50,c23,struct_of_array_field_burst,xlarge_DRAM,8388608,8000000,stochastic,compulsory+streaming (prefetch-friendly),grid
274,0274_grid_b06_pseudo_random_50__c24_banked_interleaved_access.c,b06,pseudo_random_50,c24,banked_interleaved_access,small_L1,4096,1000000,stochastic,compulsory+streaming (prefetch-friendly),grid
275,0275_grid_b06_pseudo_random_50__c25_lru_recency_weighted_reuse.c,b06,pseudo_random_50,c25,lru_recency_weighted_reuse,medium_L2,65536,3000000,stochastic,temporal reuse (capacity-sensitive),grid
276,0276_grid_b06_pseudo_random_50__c26_geometric_stride_growth.c,b06,pseudo_random_50,c26,geometric_stride_growth,large_L3,1048576,5000000,stochastic,compulsory+streaming (prefetch-friendly),grid
277,0277_grid_b06_pseudo_random_50__c27_reduction_broadcast_pattern.c,b06,pseudo_random_50,c27,reduction_broadcast_pattern,xlarge_DRAM,8388608,8000000,stochastic,compulsory+streaming (prefetch-friendly),grid
278,0278_grid_b06_pseudo_random_50__c28_morton_zorder_traversal.c,b06,pseudo_random_50,c28,morton_zorder_traversal,small_L1,4096,1000000,stochastic,mixed spatial (traversal-order dependent),grid
279,0279_grid_b06_pseudo_random_50__c29_ping_pong_cache_thrash.c,b06,pseudo_random_50,c29,ping_pong_cache_thrash,medium_L2,65536,3000000,stochastic,conflict/associativity,grid
280,0280_grid_b06_pseudo_random_50__c30_gather_scatter_indirect_table.c,b06,pseudo_random_50,c30,gather_scatter_indirect_table,large_L3,1048576,5000000,stochastic,capacity (uniform random),grid
281,0281_grid_b06_pseudo_random_50__c31_fibonacci_stride.c,b06,pseudo_random_50,c31,fibonacci_stride,xlarge_DRAM,8388608,8000000,stochastic,compulsory+streaming (prefetch-friendly),grid
282,0282_grid_b06_pseudo_random_50__c32_hilbert_curve_traversal.c,b06,pseudo_random_50,c32,hilbert_curve_traversal,small_L1,4096,1000000,stochastic,mixed spatial (traversal-order dependent),grid
283,0283_grid_b06_pseudo_random_50__c33_cache_set_conflict_stress.c,b06,pseudo_random_50,c33,cache_set_conflict_stress,medium_L2,65536,3000000,stochastic,conflict/associativity,grid
284,0284_grid_b06_pseudo_random_50__c34_variable_length_burst_reuse.c,b06,pseudo_random_50,c34,variable_length_burst_reuse,large_L3,1048576,5000000,stochastic,capacity (uniform random),grid
285,0285_grid_b06_pseudo_random_50__c35_checkerboard_red_black.c,b06,pseudo_random_50,c35,checkerboard_red_black,xlarge_DRAM,8388608,8000000,stochastic,mixed spatial (traversal-order dependent),grid
286,0286_grid_b06_pseudo_random_50__c36_im2col_overlapping_patch_gather.c,b06,pseudo_random_50,c36,im2col_overlapping_patch_gather,small_L1,4096,1000000,stochastic,compulsory+streaming (prefetch-friendly),grid
287,0287_grid_b06_pseudo_random_50__c37_double_buffer_epoch_alternation.c,b06,pseudo_random_50,c37,double_buffer_epoch_alternation,medium_L2,65536,3000000,stochastic,conflict+capacity (thrashing/alternation),grid
288,0288_grid_b06_pseudo_random_50__c38_cuckoo_double_hash_probe.c,b06,pseudo_random_50,c38,cuckoo_double_hash_probe,large_L3,1048576,5000000,stochastic,capacity+compulsory (indirect gather/scatter),grid
289,0289_grid_b06_pseudo_random_50__c39_bounded_random_walk.c,b06,pseudo_random_50,c39,bounded_random_walk,xlarge_DRAM,8388608,8000000,stochastic,capacity (uniform random),grid
290,0290_grid_b06_pseudo_random_50__c40_causal_attention_triangular.c,b06,pseudo_random_50,c40,causal_attention_triangular,small_L1,4096,1000000,stochastic,mixed/unclassified,grid
291,0291_grid_b06_pseudo_random_50__c41_skip_list_multilevel_hop.c,b06,pseudo_random_50,c41,skip_list_multilevel_hop,medium_L2,65536,3000000,stochastic,"compulsory+latency-bound (dependent loads, no prefetch)",grid
292,0292_grid_b06_pseudo_random_50__c42_cache_oblivious_funnel_stride.c,b06,pseudo_random_50,c42,cache_oblivious_funnel_stride,large_L3,1048576,5000000,stochastic,compulsory+streaming (prefetch-friendly),grid
293,0293_grid_b06_pseudo_random_50__c43_whole_buffer_rotation.c,b06,pseudo_random_50,c43,whole_buffer_rotation,xlarge_DRAM,8388608,8000000,stochastic,mixed/unclassified,grid
294,0294_grid_b06_pseudo_random_50__c44_naive_gemm_row_col_alternation.c,b06,pseudo_random_50,c44,naive_gemm_row_col_alternation,small_L1,4096,1000000,stochastic,compulsory+streaming (prefetch-friendly),grid
295,0295_grid_b06_pseudo_random_50__c45_read_hot_write_cold_split.c,b06,pseudo_random_50,c45,read_hot_write_cold_split,medium_L2,65536,3000000,stochastic,temporal reuse (skewed/hot-set),grid
296,0296_grid_b06_pseudo_random_50__c46_cantor_gap_sparse.c,b06,pseudo_random_50,c46,cantor_gap_sparse,large_L3,1048576,5000000,stochastic,"compulsory (sparse, low reuse)",grid
297,0297_grid_b06_pseudo_random_50__c47_false_sharing_line_cycle.c,b06,pseudo_random_50,c47,false_sharing_line_cycle,xlarge_DRAM,8388608,8000000,stochastic,conflict/associativity,grid
298,0298_grid_b06_pseudo_random_50__c48_exponential_backoff_probe.c,b06,pseudo_random_50,c48,exponential_backoff_probe,small_L1,4096,1000000,stochastic,capacity (uniform random),grid
299,0299_grid_b06_pseudo_random_50__c49_binary_heap_parent_child.c,b06,pseudo_random_50,c49,binary_heap_parent_child,medium_L2,65536,3000000,stochastic,capacity (uniform random),grid
300,0300_grid_b06_pseudo_random_50__c50_streaming_with_periodic_flush.c,b06,pseudo_random_50,c50,streaming_with_periodic_flush,large_L3,1048576,5000000,stochastic,compulsory+streaming (prefetch-friendly),grid
301,0301_grid_b07_nested_dependent__c01_sequential_unit_stride.c,b07,nested_dependent,c01,sequential_unit_stride,large_L3,1048576,5000000,value-dependent,compulsory+streaming (prefetch-friendly),grid
302,0302_grid_b07_nested_dependent__c02_sequential_wraparound_large.c,b07,nested_dependent,c02,sequential_wraparound_large,xlarge_DRAM,8388608,8000000,value-dependent,compulsory+streaming (prefetch-friendly),grid
303,0303_grid_b07_nested_dependent__c03_fixed_stride_small.c,b07,nested_dependent,c03,fixed_stride_small,small_L1,4096,1000000,value-dependent,compulsory+streaming (prefetch-friendly),grid
304,0304_grid_b07_nested_dependent__c04_fixed_stride_large.c,b07,nested_dependent,c04,fixed_stride_large,medium_L2,65536,3000000,value-dependent,compulsory+streaming (prefetch-friendly),grid
305,0305_grid_b07_nested_dependent__c05_random_small_working_set.c,b07,nested_dependent,c05,random_small_working_set,large_L3,1048576,5000000,value-dependent,temporal reuse (capacity-sensitive),grid
306,0306_grid_b07_nested_dependent__c06_random_full_working_set.c,b07,nested_dependent,c06,random_full_working_set,xlarge_DRAM,8388608,8000000,value-dependent,capacity (uniform random),grid
307,0307_grid_b07_nested_dependent__c07_matrix_row_major.c,b07,nested_dependent,c07,matrix_row_major,small_L1,4096,1000000,value-dependent,mixed spatial (traversal-order dependent),grid
308,0308_grid_b07_nested_dependent__c08_matrix_col_major.c,b07,nested_dependent,c08,matrix_col_major,medium_L2,65536,3000000,value-dependent,mixed spatial (traversal-order dependent),grid
309,0309_grid_b07_nested_dependent__c09_matrix_tiled_blocked.c,b07,nested_dependent,c09,matrix_tiled_blocked,large_L3,1048576,5000000,value-dependent,mixed spatial (traversal-order dependent),grid
310,0310_grid_b07_nested_dependent__c10_pointer_chase_linked_list.c,b07,nested_dependent,c10,pointer_chase_linked_list,xlarge_DRAM,8388608,8000000,value-dependent,"compulsory+latency-bound (dependent loads, no prefetch)",grid
311,0311_grid_b07_nested_dependent__c11_sliding_window.c,b07,nested_dependent,c11,sliding_window,small_L1,4096,1000000,value-dependent,mixed/unclassified,grid
312,0312_grid_b07_nested_dependent__c12_prime_stride_anti_alias.c,b07,nested_dependent,c12,prime_stride_anti_alias,medium_L2,65536,3000000,value-dependent,compulsory+streaming (prefetch-friendly),grid
313,0313_grid_b07_nested_dependent__c13_two_stream_interleaved.c,b07,nested_dependent,c13,two_stream_interleaved,large_L3,1048576,5000000,value-dependent,mixed/unclassified,grid
314,0314_grid_b07_nested_dependent__c14_temporal_burst_reuse.c,b07,nested_dependent,c14,temporal_burst_reuse,xlarge_DRAM,8388608,8000000,value-dependent,mixed/unclassified,grid
315,0315_grid_b07_nested_dependent__c15_reverse_sequential.c,b07,nested_dependent,c15,reverse_sequential,small_L1,4096,1000000,value-dependent,compulsory+streaming (prefetch-friendly),grid
316,0316_grid_b07_nested_dependent__c16_block_sparse.c,b07,nested_dependent,c16,block_sparse,medium_L2,65536,3000000,value-dependent,mixed spatial (traversal-order dependent),grid
317,0317_grid_b07_nested_dependent__c17_zipf_like_hot_buckets.c,b07,nested_dependent,c17,zipf_like_hot_buckets,large_L3,1048576,5000000,value-dependent,temporal reuse (skewed/hot-set),grid
318,0318_grid_b07_nested_dependent__c18_producer_consumer_two_pointer.c,b07,nested_dependent,c18,producer_consumer_two_pointer,xlarge_DRAM,8388608,8000000,value-dependent,mixed/unclassified,grid
319,0319_grid_b07_nested_dependent__c19_matrix_diagonal_wavefront.c,b07,nested_dependent,c19,matrix_diagonal_wavefront,small_L1,4096,1000000,value-dependent,mixed spatial (traversal-order dependent),grid
320,0320_grid_b07_nested_dependent__c20_hot_cold_phase_alternation.c,b07,nested_dependent,c20,hot_cold_phase_alternation,medium_L2,65536,3000000,value-dependent,temporal reuse (skewed/hot-set),grid
321,0321_grid_b07_nested_dependent__c21_pyramid_multiresolution_stride.c,b07,nested_dependent,c21,pyramid_multiresolution_stride,large_L3,1048576,5000000,value-dependent,compulsory+streaming (prefetch-friendly),grid
322,0322_grid_b07_nested_dependent__c22_tensor_3d_slice_poor_locality.c,b07,nested_dependent,c22,tensor_3d_slice_poor_locality,xlarge_DRAM,8388608,8000000,value-dependent,mixed/unclassified,grid
323,0323_grid_b07_nested_dependent__c23_struct_of_array_field_burst.c,b07,nested_dependent,c23,struct_of_array_field_burst,small_L1,4096,1000000,value-dependent,compulsory+streaming (prefetch-friendly),grid
324,0324_grid_b07_nested_dependent__c24_banked_interleaved_access.c,b07,nested_dependent,c24,banked_interleaved_access,medium_L2,65536,3000000,value-dependent,compulsory+streaming (prefetch-friendly),grid
325,0325_grid_b07_nested_dependent__c25_lru_recency_weighted_reuse.c,b07,nested_dependent,c25,lru_recency_weighted_reuse,large_L3,1048576,5000000,value-dependent,temporal reuse (capacity-sensitive),grid
326,0326_grid_b07_nested_dependent__c26_geometric_stride_growth.c,b07,nested_dependent,c26,geometric_stride_growth,xlarge_DRAM,8388608,8000000,value-dependent,compulsory+streaming (prefetch-friendly),grid
327,0327_grid_b07_nested_dependent__c27_reduction_broadcast_pattern.c,b07,nested_dependent,c27,reduction_broadcast_pattern,small_L1,4096,1000000,value-dependent,compulsory+streaming (prefetch-friendly),grid
328,0328_grid_b07_nested_dependent__c28_morton_zorder_traversal.c,b07,nested_dependent,c28,morton_zorder_traversal,medium_L2,65536,3000000,value-dependent,mixed spatial (traversal-order dependent),grid
329,0329_grid_b07_nested_dependent__c29_ping_pong_cache_thrash.c,b07,nested_dependent,c29,ping_pong_cache_thrash,large_L3,1048576,5000000,value-dependent,conflict/associativity,grid
330,0330_grid_b07_nested_dependent__c30_gather_scatter_indirect_table.c,b07,nested_dependent,c30,gather_scatter_indirect_table,xlarge_DRAM,8388608,8000000,value-dependent,capacity (uniform random),grid
331,0331_grid_b07_nested_dependent__c31_fibonacci_stride.c,b07,nested_dependent,c31,fibonacci_stride,small_L1,4096,1000000,value-dependent,compulsory+streaming (prefetch-friendly),grid
332,0332_grid_b07_nested_dependent__c32_hilbert_curve_traversal.c,b07,nested_dependent,c32,hilbert_curve_traversal,medium_L2,65536,3000000,value-dependent,mixed spatial (traversal-order dependent),grid
333,0333_grid_b07_nested_dependent__c33_cache_set_conflict_stress.c,b07,nested_dependent,c33,cache_set_conflict_stress,large_L3,1048576,5000000,value-dependent,conflict/associativity,grid
334,0334_grid_b07_nested_dependent__c34_variable_length_burst_reuse.c,b07,nested_dependent,c34,variable_length_burst_reuse,xlarge_DRAM,8388608,8000000,value-dependent,capacity (uniform random),grid
335,0335_grid_b07_nested_dependent__c35_checkerboard_red_black.c,b07,nested_dependent,c35,checkerboard_red_black,small_L1,4096,1000000,value-dependent,mixed spatial (traversal-order dependent),grid
336,0336_grid_b07_nested_dependent__c36_im2col_overlapping_patch_gather.c,b07,nested_dependent,c36,im2col_overlapping_patch_gather,medium_L2,65536,3000000,value-dependent,compulsory+streaming (prefetch-friendly),grid
337,0337_grid_b07_nested_dependent__c37_double_buffer_epoch_alternation.c,b07,nested_dependent,c37,double_buffer_epoch_alternation,large_L3,1048576,5000000,value-dependent,conflict+capacity (thrashing/alternation),grid
338,0338_grid_b07_nested_dependent__c38_cuckoo_double_hash_probe.c,b07,nested_dependent,c38,cuckoo_double_hash_probe,xlarge_DRAM,8388608,8000000,value-dependent,capacity+compulsory (indirect gather/scatter),grid
339,0339_grid_b07_nested_dependent__c39_bounded_random_walk.c,b07,nested_dependent,c39,bounded_random_walk,small_L1,4096,1000000,value-dependent,capacity (uniform random),grid
340,0340_grid_b07_nested_dependent__c40_causal_attention_triangular.c,b07,nested_dependent,c40,causal_attention_triangular,medium_L2,65536,3000000,value-dependent,mixed/unclassified,grid
341,0341_grid_b07_nested_dependent__c41_skip_list_multilevel_hop.c,b07,nested_dependent,c41,skip_list_multilevel_hop,large_L3,1048576,5000000,value-dependent,"compulsory+latency-bound (dependent loads, no prefetch)",grid
342,0342_grid_b07_nested_dependent__c42_cache_oblivious_funnel_stride.c,b07,nested_dependent,c42,cache_oblivious_funnel_stride,xlarge_DRAM,8388608,8000000,value-dependent,compulsory+streaming (prefetch-friendly),grid
343,0343_grid_b07_nested_dependent__c43_whole_buffer_rotation.c,b07,nested_dependent,c43,whole_buffer_rotation,small_L1,4096,1000000,value-dependent,mixed/unclassified,grid
344,0344_grid_b07_nested_dependent__c44_naive_gemm_row_col_alternation.c,b07,nested_dependent,c44,naive_gemm_row_col_alternation,medium_L2,65536,3000000,value-dependent,compulsory+streaming (prefetch-friendly),grid
345,0345_grid_b07_nested_dependent__c45_read_hot_write_cold_split.c,b07,nested_dependent,c45,read_hot_write_cold_split,large_L3,1048576,5000000,value-dependent,temporal reuse (skewed/hot-set),grid
346,0346_grid_b07_nested_dependent__c46_cantor_gap_sparse.c,b07,nested_dependent,c46,cantor_gap_sparse,xlarge_DRAM,8388608,8000000,value-dependent,"compulsory (sparse, low reuse)",grid
347,0347_grid_b07_nested_dependent__c47_false_sharing_line_cycle.c,b07,nested_dependent,c47,false_sharing_line_cycle,small_L1,4096,1000000,value-dependent,conflict/associativity,grid
348,0348_grid_b07_nested_dependent__c48_exponential_backoff_probe.c,b07,nested_dependent,c48,exponential_backoff_probe,medium_L2,65536,3000000,value-dependent,capacity (uniform random),grid
349,0349_grid_b07_nested_dependent__c49_binary_heap_parent_child.c,b07,nested_dependent,c49,binary_heap_parent_child,large_L3,1048576,5000000,value-dependent,capacity (uniform random),grid
350,0350_grid_b07_nested_dependent__c50_streaming_with_periodic_flush.c,b07,nested_dependent,c50,streaming_with_periodic_flush,xlarge_DRAM,8388608,8000000,value-dependent,compulsory+streaming (prefetch-friendly),grid
351,0351_grid_b08_switch_multiway__c01_sequential_unit_stride.c,b08,switch_multiway,c01,sequential_unit_stride,xlarge_DRAM,8388608,8000000,indirect-branch,compulsory+streaming (prefetch-friendly),grid
352,0352_grid_b08_switch_multiway__c02_sequential_wraparound_large.c,b08,switch_multiway,c02,sequential_wraparound_large,small_L1,4096,1000000,indirect-branch,compulsory+streaming (prefetch-friendly),grid
353,0353_grid_b08_switch_multiway__c03_fixed_stride_small.c,b08,switch_multiway,c03,fixed_stride_small,medium_L2,65536,3000000,indirect-branch,compulsory+streaming (prefetch-friendly),grid
354,0354_grid_b08_switch_multiway__c04_fixed_stride_large.c,b08,switch_multiway,c04,fixed_stride_large,large_L3,1048576,5000000,indirect-branch,compulsory+streaming (prefetch-friendly),grid
355,0355_grid_b08_switch_multiway__c05_random_small_working_set.c,b08,switch_multiway,c05,random_small_working_set,xlarge_DRAM,8388608,8000000,indirect-branch,temporal reuse (capacity-sensitive),grid
356,0356_grid_b08_switch_multiway__c06_random_full_working_set.c,b08,switch_multiway,c06,random_full_working_set,small_L1,4096,1000000,indirect-branch,capacity (uniform random),grid
357,0357_grid_b08_switch_multiway__c07_matrix_row_major.c,b08,switch_multiway,c07,matrix_row_major,medium_L2,65536,3000000,indirect-branch,mixed spatial (traversal-order dependent),grid
358,0358_grid_b08_switch_multiway__c08_matrix_col_major.c,b08,switch_multiway,c08,matrix_col_major,large_L3,1048576,5000000,indirect-branch,mixed spatial (traversal-order dependent),grid
359,0359_grid_b08_switch_multiway__c09_matrix_tiled_blocked.c,b08,switch_multiway,c09,matrix_tiled_blocked,xlarge_DRAM,8388608,8000000,indirect-branch,mixed spatial (traversal-order dependent),grid
360,0360_grid_b08_switch_multiway__c10_pointer_chase_linked_list.c,b08,switch_multiway,c10,pointer_chase_linked_list,small_L1,4096,1000000,indirect-branch,"compulsory+latency-bound (dependent loads, no prefetch)",grid
361,0361_grid_b08_switch_multiway__c11_sliding_window.c,b08,switch_multiway,c11,sliding_window,medium_L2,65536,3000000,indirect-branch,mixed/unclassified,grid
362,0362_grid_b08_switch_multiway__c12_prime_stride_anti_alias.c,b08,switch_multiway,c12,prime_stride_anti_alias,large_L3,1048576,5000000,indirect-branch,compulsory+streaming (prefetch-friendly),grid
363,0363_grid_b08_switch_multiway__c13_two_stream_interleaved.c,b08,switch_multiway,c13,two_stream_interleaved,xlarge_DRAM,8388608,8000000,indirect-branch,mixed/unclassified,grid
364,0364_grid_b08_switch_multiway__c14_temporal_burst_reuse.c,b08,switch_multiway,c14,temporal_burst_reuse,small_L1,4096,1000000,indirect-branch,mixed/unclassified,grid
365,0365_grid_b08_switch_multiway__c15_reverse_sequential.c,b08,switch_multiway,c15,reverse_sequential,medium_L2,65536,3000000,indirect-branch,compulsory+streaming (prefetch-friendly),grid
366,0366_grid_b08_switch_multiway__c16_block_sparse.c,b08,switch_multiway,c16,block_sparse,large_L3,1048576,5000000,indirect-branch,mixed spatial (traversal-order dependent),grid
367,0367_grid_b08_switch_multiway__c17_zipf_like_hot_buckets.c,b08,switch_multiway,c17,zipf_like_hot_buckets,xlarge_DRAM,8388608,8000000,indirect-branch,temporal reuse (skewed/hot-set),grid
368,0368_grid_b08_switch_multiway__c18_producer_consumer_two_pointer.c,b08,switch_multiway,c18,producer_consumer_two_pointer,small_L1,4096,1000000,indirect-branch,mixed/unclassified,grid
369,0369_grid_b08_switch_multiway__c19_matrix_diagonal_wavefront.c,b08,switch_multiway,c19,matrix_diagonal_wavefront,medium_L2,65536,3000000,indirect-branch,mixed spatial (traversal-order dependent),grid
370,0370_grid_b08_switch_multiway__c20_hot_cold_phase_alternation.c,b08,switch_multiway,c20,hot_cold_phase_alternation,large_L3,1048576,5000000,indirect-branch,temporal reuse (skewed/hot-set),grid
371,0371_grid_b08_switch_multiway__c21_pyramid_multiresolution_stride.c,b08,switch_multiway,c21,pyramid_multiresolution_stride,xlarge_DRAM,8388608,8000000,indirect-branch,compulsory+streaming (prefetch-friendly),grid
372,0372_grid_b08_switch_multiway__c22_tensor_3d_slice_poor_locality.c,b08,switch_multiway,c22,tensor_3d_slice_poor_locality,small_L1,4096,1000000,indirect-branch,mixed/unclassified,grid
373,0373_grid_b08_switch_multiway__c23_struct_of_array_field_burst.c,b08,switch_multiway,c23,struct_of_array_field_burst,medium_L2,65536,3000000,indirect-branch,compulsory+streaming (prefetch-friendly),grid
374,0374_grid_b08_switch_multiway__c24_banked_interleaved_access.c,b08,switch_multiway,c24,banked_interleaved_access,large_L3,1048576,5000000,indirect-branch,compulsory+streaming (prefetch-friendly),grid
375,0375_grid_b08_switch_multiway__c25_lru_recency_weighted_reuse.c,b08,switch_multiway,c25,lru_recency_weighted_reuse,xlarge_DRAM,8388608,8000000,indirect-branch,temporal reuse (capacity-sensitive),grid
376,0376_grid_b08_switch_multiway__c26_geometric_stride_growth.c,b08,switch_multiway,c26,geometric_stride_growth,small_L1,4096,1000000,indirect-branch,compulsory+streaming (prefetch-friendly),grid
377,0377_grid_b08_switch_multiway__c27_reduction_broadcast_pattern.c,b08,switch_multiway,c27,reduction_broadcast_pattern,medium_L2,65536,3000000,indirect-branch,compulsory+streaming (prefetch-friendly),grid
378,0378_grid_b08_switch_multiway__c28_morton_zorder_traversal.c,b08,switch_multiway,c28,morton_zorder_traversal,large_L3,1048576,5000000,indirect-branch,mixed spatial (traversal-order dependent),grid
379,0379_grid_b08_switch_multiway__c29_ping_pong_cache_thrash.c,b08,switch_multiway,c29,ping_pong_cache_thrash,xlarge_DRAM,8388608,8000000,indirect-branch,conflict/associativity,grid
380,0380_grid_b08_switch_multiway__c30_gather_scatter_indirect_table.c,b08,switch_multiway,c30,gather_scatter_indirect_table,small_L1,4096,1000000,indirect-branch,capacity (uniform random),grid
381,0381_grid_b08_switch_multiway__c31_fibonacci_stride.c,b08,switch_multiway,c31,fibonacci_stride,medium_L2,65536,3000000,indirect-branch,compulsory+streaming (prefetch-friendly),grid
382,0382_grid_b08_switch_multiway__c32_hilbert_curve_traversal.c,b08,switch_multiway,c32,hilbert_curve_traversal,large_L3,1048576,5000000,indirect-branch,mixed spatial (traversal-order dependent),grid
383,0383_grid_b08_switch_multiway__c33_cache_set_conflict_stress.c,b08,switch_multiway,c33,cache_set_conflict_stress,xlarge_DRAM,8388608,8000000,indirect-branch,conflict/associativity,grid
384,0384_grid_b08_switch_multiway__c34_variable_length_burst_reuse.c,b08,switch_multiway,c34,variable_length_burst_reuse,small_L1,4096,1000000,indirect-branch,capacity (uniform random),grid
385,0385_grid_b08_switch_multiway__c35_checkerboard_red_black.c,b08,switch_multiway,c35,checkerboard_red_black,medium_L2,65536,3000000,indirect-branch,mixed spatial (traversal-order dependent),grid
386,0386_grid_b08_switch_multiway__c36_im2col_overlapping_patch_gather.c,b08,switch_multiway,c36,im2col_overlapping_patch_gather,large_L3,1048576,5000000,indirect-branch,compulsory+streaming (prefetch-friendly),grid
387,0387_grid_b08_switch_multiway__c37_double_buffer_epoch_alternation.c,b08,switch_multiway,c37,double_buffer_epoch_alternation,xlarge_DRAM,8388608,8000000,indirect-branch,conflict+capacity (thrashing/alternation),grid
388,0388_grid_b08_switch_multiway__c38_cuckoo_double_hash_probe.c,b08,switch_multiway,c38,cuckoo_double_hash_probe,small_L1,4096,1000000,indirect-branch,capacity+compulsory (indirect gather/scatter),grid
389,0389_grid_b08_switch_multiway__c39_bounded_random_walk.c,b08,switch_multiway,c39,bounded_random_walk,medium_L2,65536,3000000,indirect-branch,capacity (uniform random),grid
390,0390_grid_b08_switch_multiway__c40_causal_attention_triangular.c,b08,switch_multiway,c40,causal_attention_triangular,large_L3,1048576,5000000,indirect-branch,mixed/unclassified,grid
391,0391_grid_b08_switch_multiway__c41_skip_list_multilevel_hop.c,b08,switch_multiway,c41,skip_list_multilevel_hop,xlarge_DRAM,8388608,8000000,indirect-branch,"compulsory+latency-bound (dependent loads, no prefetch)",grid
392,0392_grid_b08_switch_multiway__c42_cache_oblivious_funnel_stride.c,b08,switch_multiway,c42,cache_oblivious_funnel_stride,small_L1,4096,1000000,indirect-branch,compulsory+streaming (prefetch-friendly),grid
393,0393_grid_b08_switch_multiway__c43_whole_buffer_rotation.c,b08,switch_multiway,c43,whole_buffer_rotation,medium_L2,65536,3000000,indirect-branch,mixed/unclassified,grid
394,0394_grid_b08_switch_multiway__c44_naive_gemm_row_col_alternation.c,b08,switch_multiway,c44,naive_gemm_row_col_alternation,large_L3,1048576,5000000,indirect-branch,compulsory+streaming (prefetch-friendly),grid
395,0395_grid_b08_switch_multiway__c45_read_hot_write_cold_split.c,b08,switch_multiway,c45,read_hot_write_cold_split,xlarge_DRAM,8388608,8000000,indirect-branch,temporal reuse (skewed/hot-set),grid
396,0396_grid_b08_switch_multiway__c46_cantor_gap_sparse.c,b08,switch_multiway,c46,cantor_gap_sparse,small_L1,4096,1000000,indirect-branch,"compulsory (sparse, low reuse)",grid
397,0397_grid_b08_switch_multiway__c47_false_sharing_line_cycle.c,b08,switch_multiway,c47,false_sharing_line_cycle,medium_L2,65536,3000000,indirect-branch,conflict/associativity,grid
398,0398_grid_b08_switch_multiway__c48_exponential_backoff_probe.c,b08,switch_multiway,c48,exponential_backoff_probe,large_L3,1048576,5000000,indirect-branch,capacity (uniform random),grid
399,0399_grid_b08_switch_multiway__c49_binary_heap_parent_child.c,b08,switch_multiway,c49,binary_heap_parent_child,xlarge_DRAM,8388608,8000000,indirect-branch,capacity (uniform random),grid
400,0400_grid_b08_switch_multiway__c50_streaming_with_periodic_flush.c,b08,switch_multiway,c50,streaming_with_periodic_flush,small_L1,4096,1000000,indirect-branch,compulsory+streaming (prefetch-friendly),grid
401,0401_grid_b09_recursive_calls__c01_sequential_unit_stride.c,b09,recursive_calls,c01,sequential_unit_stride,small_L1,4096,1000000,control-flow/call-return,compulsory+streaming (prefetch-friendly),grid
402,0402_grid_b09_recursive_calls__c02_sequential_wraparound_large.c,b09,recursive_calls,c02,sequential_wraparound_large,medium_L2,65536,3000000,control-flow/call-return,compulsory+streaming (prefetch-friendly),grid
403,0403_grid_b09_recursive_calls__c03_fixed_stride_small.c,b09,recursive_calls,c03,fixed_stride_small,large_L3,1048576,5000000,control-flow/call-return,compulsory+streaming (prefetch-friendly),grid
404,0404_grid_b09_recursive_calls__c04_fixed_stride_large.c,b09,recursive_calls,c04,fixed_stride_large,xlarge_DRAM,8388608,8000000,control-flow/call-return,compulsory+streaming (prefetch-friendly),grid
405,0405_grid_b09_recursive_calls__c05_random_small_working_set.c,b09,recursive_calls,c05,random_small_working_set,small_L1,4096,1000000,control-flow/call-return,temporal reuse (capacity-sensitive),grid
406,0406_grid_b09_recursive_calls__c06_random_full_working_set.c,b09,recursive_calls,c06,random_full_working_set,medium_L2,65536,3000000,control-flow/call-return,capacity (uniform random),grid
407,0407_grid_b09_recursive_calls__c07_matrix_row_major.c,b09,recursive_calls,c07,matrix_row_major,large_L3,1048576,5000000,control-flow/call-return,mixed spatial (traversal-order dependent),grid
408,0408_grid_b09_recursive_calls__c08_matrix_col_major.c,b09,recursive_calls,c08,matrix_col_major,xlarge_DRAM,8388608,8000000,control-flow/call-return,mixed spatial (traversal-order dependent),grid
409,0409_grid_b09_recursive_calls__c09_matrix_tiled_blocked.c,b09,recursive_calls,c09,matrix_tiled_blocked,small_L1,4096,1000000,control-flow/call-return,mixed spatial (traversal-order dependent),grid
410,0410_grid_b09_recursive_calls__c10_pointer_chase_linked_list.c,b09,recursive_calls,c10,pointer_chase_linked_list,medium_L2,65536,3000000,control-flow/call-return,"compulsory+latency-bound (dependent loads, no prefetch)",grid
411,0411_grid_b09_recursive_calls__c11_sliding_window.c,b09,recursive_calls,c11,sliding_window,large_L3,1048576,5000000,control-flow/call-return,mixed/unclassified,grid
412,0412_grid_b09_recursive_calls__c12_prime_stride_anti_alias.c,b09,recursive_calls,c12,prime_stride_anti_alias,xlarge_DRAM,8388608,8000000,control-flow/call-return,compulsory+streaming (prefetch-friendly),grid
413,0413_grid_b09_recursive_calls__c13_two_stream_interleaved.c,b09,recursive_calls,c13,two_stream_interleaved,small_L1,4096,1000000,control-flow/call-return,mixed/unclassified,grid
414,0414_grid_b09_recursive_calls__c14_temporal_burst_reuse.c,b09,recursive_calls,c14,temporal_burst_reuse,medium_L2,65536,3000000,control-flow/call-return,mixed/unclassified,grid
415,0415_grid_b09_recursive_calls__c15_reverse_sequential.c,b09,recursive_calls,c15,reverse_sequential,large_L3,1048576,5000000,control-flow/call-return,compulsory+streaming (prefetch-friendly),grid
416,0416_grid_b09_recursive_calls__c16_block_sparse.c,b09,recursive_calls,c16,block_sparse,xlarge_DRAM,8388608,8000000,control-flow/call-return,mixed spatial (traversal-order dependent),grid
417,0417_grid_b09_recursive_calls__c17_zipf_like_hot_buckets.c,b09,recursive_calls,c17,zipf_like_hot_buckets,small_L1,4096,1000000,control-flow/call-return,temporal reuse (skewed/hot-set),grid
418,0418_grid_b09_recursive_calls__c18_producer_consumer_two_pointer.c,b09,recursive_calls,c18,producer_consumer_two_pointer,medium_L2,65536,3000000,control-flow/call-return,mixed/unclassified,grid
419,0419_grid_b09_recursive_calls__c19_matrix_diagonal_wavefront.c,b09,recursive_calls,c19,matrix_diagonal_wavefront,large_L3,1048576,5000000,control-flow/call-return,mixed spatial (traversal-order dependent),grid
420,0420_grid_b09_recursive_calls__c20_hot_cold_phase_alternation.c,b09,recursive_calls,c20,hot_cold_phase_alternation,xlarge_DRAM,8388608,8000000,control-flow/call-return,temporal reuse (skewed/hot-set),grid
421,0421_grid_b09_recursive_calls__c21_pyramid_multiresolution_stride.c,b09,recursive_calls,c21,pyramid_multiresolution_stride,small_L1,4096,1000000,control-flow/call-return,compulsory+streaming (prefetch-friendly),grid
422,0422_grid_b09_recursive_calls__c22_tensor_3d_slice_poor_locality.c,b09,recursive_calls,c22,tensor_3d_slice_poor_locality,medium_L2,65536,3000000,control-flow/call-return,mixed/unclassified,grid
423,0423_grid_b09_recursive_calls__c23_struct_of_array_field_burst.c,b09,recursive_calls,c23,struct_of_array_field_burst,large_L3,1048576,5000000,control-flow/call-return,compulsory+streaming (prefetch-friendly),grid
424,0424_grid_b09_recursive_calls__c24_banked_interleaved_access.c,b09,recursive_calls,c24,banked_interleaved_access,xlarge_DRAM,8388608,8000000,control-flow/call-return,compulsory+streaming (prefetch-friendly),grid
425,0425_grid_b09_recursive_calls__c25_lru_recency_weighted_reuse.c,b09,recursive_calls,c25,lru_recency_weighted_reuse,small_L1,4096,1000000,control-flow/call-return,temporal reuse (capacity-sensitive),grid
426,0426_grid_b09_recursive_calls__c26_geometric_stride_growth.c,b09,recursive_calls,c26,geometric_stride_growth,medium_L2,65536,3000000,control-flow/call-return,compulsory+streaming (prefetch-friendly),grid
427,0427_grid_b09_recursive_calls__c27_reduction_broadcast_pattern.c,b09,recursive_calls,c27,reduction_broadcast_pattern,large_L3,1048576,5000000,control-flow/call-return,compulsory+streaming (prefetch-friendly),grid
428,0428_grid_b09_recursive_calls__c28_morton_zorder_traversal.c,b09,recursive_calls,c28,morton_zorder_traversal,xlarge_DRAM,8388608,8000000,control-flow/call-return,mixed spatial (traversal-order dependent),grid
429,0429_grid_b09_recursive_calls__c29_ping_pong_cache_thrash.c,b09,recursive_calls,c29,ping_pong_cache_thrash,small_L1,4096,1000000,control-flow/call-return,conflict/associativity,grid
430,0430_grid_b09_recursive_calls__c30_gather_scatter_indirect_table.c,b09,recursive_calls,c30,gather_scatter_indirect_table,medium_L2,65536,3000000,control-flow/call-return,capacity (uniform random),grid
431,0431_grid_b09_recursive_calls__c31_fibonacci_stride.c,b09,recursive_calls,c31,fibonacci_stride,large_L3,1048576,5000000,control-flow/call-return,compulsory+streaming (prefetch-friendly),grid
432,0432_grid_b09_recursive_calls__c32_hilbert_curve_traversal.c,b09,recursive_calls,c32,hilbert_curve_traversal,xlarge_DRAM,8388608,8000000,control-flow/call-return,mixed spatial (traversal-order dependent),grid
433,0433_grid_b09_recursive_calls__c33_cache_set_conflict_stress.c,b09,recursive_calls,c33,cache_set_conflict_stress,small_L1,4096,1000000,control-flow/call-return,conflict/associativity,grid
434,0434_grid_b09_recursive_calls__c34_variable_length_burst_reuse.c,b09,recursive_calls,c34,variable_length_burst_reuse,medium_L2,65536,3000000,control-flow/call-return,capacity (uniform random),grid
435,0435_grid_b09_recursive_calls__c35_checkerboard_red_black.c,b09,recursive_calls,c35,checkerboard_red_black,large_L3,1048576,5000000,control-flow/call-return,mixed spatial (traversal-order dependent),grid
436,0436_grid_b09_recursive_calls__c36_im2col_overlapping_patch_gather.c,b09,recursive_calls,c36,im2col_overlapping_patch_gather,xlarge_DRAM,8388608,8000000,control-flow/call-return,compulsory+streaming (prefetch-friendly),grid
437,0437_grid_b09_recursive_calls__c37_double_buffer_epoch_alternation.c,b09,recursive_calls,c37,double_buffer_epoch_alternation,small_L1,4096,1000000,control-flow/call-return,conflict+capacity (thrashing/alternation),grid
438,0438_grid_b09_recursive_calls__c38_cuckoo_double_hash_probe.c,b09,recursive_calls,c38,cuckoo_double_hash_probe,medium_L2,65536,3000000,control-flow/call-return,capacity+compulsory (indirect gather/scatter),grid
439,0439_grid_b09_recursive_calls__c39_bounded_random_walk.c,b09,recursive_calls,c39,bounded_random_walk,large_L3,1048576,5000000,control-flow/call-return,capacity (uniform random),grid
440,0440_grid_b09_recursive_calls__c40_causal_attention_triangular.c,b09,recursive_calls,c40,causal_attention_triangular,xlarge_DRAM,8388608,8000000,control-flow/call-return,mixed/unclassified,grid
441,0441_grid_b09_recursive_calls__c41_skip_list_multilevel_hop.c,b09,recursive_calls,c41,skip_list_multilevel_hop,small_L1,4096,1000000,control-flow/call-return,"compulsory+latency-bound (dependent loads, no prefetch)",grid
442,0442_grid_b09_recursive_calls__c42_cache_oblivious_funnel_stride.c,b09,recursive_calls,c42,cache_oblivious_funnel_stride,medium_L2,65536,3000000,control-flow/call-return,compulsory+streaming (prefetch-friendly),grid
443,0443_grid_b09_recursive_calls__c43_whole_buffer_rotation.c,b09,recursive_calls,c43,whole_buffer_rotation,large_L3,1048576,5000000,control-flow/call-return,mixed/unclassified,grid
444,0444_grid_b09_recursive_calls__c44_naive_gemm_row_col_alternation.c,b09,recursive_calls,c44,naive_gemm_row_col_alternation,xlarge_DRAM,8388608,8000000,control-flow/call-return,compulsory+streaming (prefetch-friendly),grid
445,0445_grid_b09_recursive_calls__c45_read_hot_write_cold_split.c,b09,recursive_calls,c45,read_hot_write_cold_split,small_L1,4096,1000000,control-flow/call-return,temporal reuse (skewed/hot-set),grid
446,0446_grid_b09_recursive_calls__c46_cantor_gap_sparse.c,b09,recursive_calls,c46,cantor_gap_sparse,medium_L2,65536,3000000,control-flow/call-return,"compulsory (sparse, low reuse)",grid
447,0447_grid_b09_recursive_calls__c47_false_sharing_line_cycle.c,b09,recursive_calls,c47,false_sharing_line_cycle,large_L3,1048576,5000000,control-flow/call-return,conflict/associativity,grid
448,0448_grid_b09_recursive_calls__c48_exponential_backoff_probe.c,b09,recursive_calls,c48,exponential_backoff_probe,xlarge_DRAM,8388608,8000000,control-flow/call-return,capacity (uniform random),grid
449,0449_grid_b09_recursive_calls__c49_binary_heap_parent_child.c,b09,recursive_calls,c49,binary_heap_parent_child,small_L1,4096,1000000,control-flow/call-return,capacity (uniform random),grid
450,0450_grid_b09_recursive_calls__c50_streaming_with_periodic_flush.c,b09,recursive_calls,c50,streaming_with_periodic_flush,medium_L2,65536,3000000,control-flow/call-return,compulsory+streaming (prefetch-friendly),grid
451,0451_grid_b10_correlated_history__c01_sequential_unit_stride.c,b10,correlated_history,c01,sequential_unit_stride,medium_L2,65536,3000000,history-correlated,compulsory+streaming (prefetch-friendly),grid
452,0452_grid_b10_correlated_history__c02_sequential_wraparound_large.c,b10,correlated_history,c02,sequential_wraparound_large,large_L3,1048576,5000000,history-correlated,compulsory+streaming (prefetch-friendly),grid
453,0453_grid_b10_correlated_history__c03_fixed_stride_small.c,b10,correlated_history,c03,fixed_stride_small,xlarge_DRAM,8388608,8000000,history-correlated,compulsory+streaming (prefetch-friendly),grid
454,0454_grid_b10_correlated_history__c04_fixed_stride_large.c,b10,correlated_history,c04,fixed_stride_large,small_L1,4096,1000000,history-correlated,compulsory+streaming (prefetch-friendly),grid
455,0455_grid_b10_correlated_history__c05_random_small_working_set.c,b10,correlated_history,c05,random_small_working_set,medium_L2,65536,3000000,history-correlated,temporal reuse (capacity-sensitive),grid
456,0456_grid_b10_correlated_history__c06_random_full_working_set.c,b10,correlated_history,c06,random_full_working_set,large_L3,1048576,5000000,history-correlated,capacity (uniform random),grid
457,0457_grid_b10_correlated_history__c07_matrix_row_major.c,b10,correlated_history,c07,matrix_row_major,xlarge_DRAM,8388608,8000000,history-correlated,mixed spatial (traversal-order dependent),grid
458,0458_grid_b10_correlated_history__c08_matrix_col_major.c,b10,correlated_history,c08,matrix_col_major,small_L1,4096,1000000,history-correlated,mixed spatial (traversal-order dependent),grid
459,0459_grid_b10_correlated_history__c09_matrix_tiled_blocked.c,b10,correlated_history,c09,matrix_tiled_blocked,medium_L2,65536,3000000,history-correlated,mixed spatial (traversal-order dependent),grid
460,0460_grid_b10_correlated_history__c10_pointer_chase_linked_list.c,b10,correlated_history,c10,pointer_chase_linked_list,large_L3,1048576,5000000,history-correlated,"compulsory+latency-bound (dependent loads, no prefetch)",grid
461,0461_grid_b10_correlated_history__c11_sliding_window.c,b10,correlated_history,c11,sliding_window,xlarge_DRAM,8388608,8000000,history-correlated,mixed/unclassified,grid
462,0462_grid_b10_correlated_history__c12_prime_stride_anti_alias.c,b10,correlated_history,c12,prime_stride_anti_alias,small_L1,4096,1000000,history-correlated,compulsory+streaming (prefetch-friendly),grid
463,0463_grid_b10_correlated_history__c13_two_stream_interleaved.c,b10,correlated_history,c13,two_stream_interleaved,medium_L2,65536,3000000,history-correlated,mixed/unclassified,grid
464,0464_grid_b10_correlated_history__c14_temporal_burst_reuse.c,b10,correlated_history,c14,temporal_burst_reuse,large_L3,1048576,5000000,history-correlated,mixed/unclassified,grid
465,0465_grid_b10_correlated_history__c15_reverse_sequential.c,b10,correlated_history,c15,reverse_sequential,xlarge_DRAM,8388608,8000000,history-correlated,compulsory+streaming (prefetch-friendly),grid
466,0466_grid_b10_correlated_history__c16_block_sparse.c,b10,correlated_history,c16,block_sparse,small_L1,4096,1000000,history-correlated,mixed spatial (traversal-order dependent),grid
467,0467_grid_b10_correlated_history__c17_zipf_like_hot_buckets.c,b10,correlated_history,c17,zipf_like_hot_buckets,medium_L2,65536,3000000,history-correlated,temporal reuse (skewed/hot-set),grid
468,0468_grid_b10_correlated_history__c18_producer_consumer_two_pointer.c,b10,correlated_history,c18,producer_consumer_two_pointer,large_L3,1048576,5000000,history-correlated,mixed/unclassified,grid
469,0469_grid_b10_correlated_history__c19_matrix_diagonal_wavefront.c,b10,correlated_history,c19,matrix_diagonal_wavefront,xlarge_DRAM,8388608,8000000,history-correlated,mixed spatial (traversal-order dependent),grid
470,0470_grid_b10_correlated_history__c20_hot_cold_phase_alternation.c,b10,correlated_history,c20,hot_cold_phase_alternation,small_L1,4096,1000000,history-correlated,temporal reuse (skewed/hot-set),grid
471,0471_grid_b10_correlated_history__c21_pyramid_multiresolution_stride.c,b10,correlated_history,c21,pyramid_multiresolution_stride,medium_L2,65536,3000000,history-correlated,compulsory+streaming (prefetch-friendly),grid
472,0472_grid_b10_correlated_history__c22_tensor_3d_slice_poor_locality.c,b10,correlated_history,c22,tensor_3d_slice_poor_locality,large_L3,1048576,5000000,history-correlated,mixed/unclassified,grid
473,0473_grid_b10_correlated_history__c23_struct_of_array_field_burst.c,b10,correlated_history,c23,struct_of_array_field_burst,xlarge_DRAM,8388608,8000000,history-correlated,compulsory+streaming (prefetch-friendly),grid
474,0474_grid_b10_correlated_history__c24_banked_interleaved_access.c,b10,correlated_history,c24,banked_interleaved_access,small_L1,4096,1000000,history-correlated,compulsory+streaming (prefetch-friendly),grid
475,0475_grid_b10_correlated_history__c25_lru_recency_weighted_reuse.c,b10,correlated_history,c25,lru_recency_weighted_reuse,medium_L2,65536,3000000,history-correlated,temporal reuse (capacity-sensitive),grid
476,0476_grid_b10_correlated_history__c26_geometric_stride_growth.c,b10,correlated_history,c26,geometric_stride_growth,large_L3,1048576,5000000,history-correlated,compulsory+streaming (prefetch-friendly),grid
477,0477_grid_b10_correlated_history__c27_reduction_broadcast_pattern.c,b10,correlated_history,c27,reduction_broadcast_pattern,xlarge_DRAM,8388608,8000000,history-correlated,compulsory+streaming (prefetch-friendly),grid
478,0478_grid_b10_correlated_history__c28_morton_zorder_traversal.c,b10,correlated_history,c28,morton_zorder_traversal,small_L1,4096,1000000,history-correlated,mixed spatial (traversal-order dependent),grid
479,0479_grid_b10_correlated_history__c29_ping_pong_cache_thrash.c,b10,correlated_history,c29,ping_pong_cache_thrash,medium_L2,65536,3000000,history-correlated,conflict/associativity,grid
480,0480_grid_b10_correlated_history__c30_gather_scatter_indirect_table.c,b10,correlated_history,c30,gather_scatter_indirect_table,large_L3,1048576,5000000,history-correlated,capacity (uniform random),grid
481,0481_grid_b10_correlated_history__c31_fibonacci_stride.c,b10,correlated_history,c31,fibonacci_stride,xlarge_DRAM,8388608,8000000,history-correlated,compulsory+streaming (prefetch-friendly),grid
482,0482_grid_b10_correlated_history__c32_hilbert_curve_traversal.c,b10,correlated_history,c32,hilbert_curve_traversal,small_L1,4096,1000000,history-correlated,mixed spatial (traversal-order dependent),grid
483,0483_grid_b10_correlated_history__c33_cache_set_conflict_stress.c,b10,correlated_history,c33,cache_set_conflict_stress,medium_L2,65536,3000000,history-correlated,conflict/associativity,grid
484,0484_grid_b10_correlated_history__c34_variable_length_burst_reuse.c,b10,correlated_history,c34,variable_length_burst_reuse,large_L3,1048576,5000000,history-correlated,capacity (uniform random),grid
485,0485_grid_b10_correlated_history__c35_checkerboard_red_black.c,b10,correlated_history,c35,checkerboard_red_black,xlarge_DRAM,8388608,8000000,history-correlated,mixed spatial (traversal-order dependent),grid
486,0486_grid_b10_correlated_history__c36_im2col_overlapping_patch_gather.c,b10,correlated_history,c36,im2col_overlapping_patch_gather,small_L1,4096,1000000,history-correlated,compulsory+streaming (prefetch-friendly),grid
487,0487_grid_b10_correlated_history__c37_double_buffer_epoch_alternation.c,b10,correlated_history,c37,double_buffer_epoch_alternation,medium_L2,65536,3000000,history-correlated,conflict+capacity (thrashing/alternation),grid
488,0488_grid_b10_correlated_history__c38_cuckoo_double_hash_probe.c,b10,correlated_history,c38,cuckoo_double_hash_probe,large_L3,1048576,5000000,history-correlated,capacity+compulsory (indirect gather/scatter),grid
489,0489_grid_b10_correlated_history__c39_bounded_random_walk.c,b10,correlated_history,c39,bounded_random_walk,xlarge_DRAM,8388608,8000000,history-correlated,capacity (uniform random),grid
490,0490_grid_b10_correlated_history__c40_causal_attention_triangular.c,b10,correlated_history,c40,causal_attention_triangular,small_L1,4096,1000000,history-correlated,mixed/unclassified,grid
491,0491_grid_b10_correlated_history__c41_skip_list_multilevel_hop.c,b10,correlated_history,c41,skip_list_multilevel_hop,medium_L2,65536,3000000,history-correlated,"compulsory+latency-bound (dependent loads, no prefetch)",grid
492,0492_grid_b10_correlated_history__c42_cache_oblivious_funnel_stride.c,b10,correlated_history,c42,cache_oblivious_funnel_stride,large_L3,1048576,5000000,history-correlated,compulsory+streaming (prefetch-friendly),grid
493,0493_grid_b10_correlated_history__c43_whole_buffer_rotation.c,b10,correlated_history,c43,whole_buffer_rotation,xlarge_DRAM,8388608,8000000,history-correlated,mixed/unclassified,grid
494,0494_grid_b10_correlated_history__c44_naive_gemm_row_col_alternation.c,b10,correlated_history,c44,naive_gemm_row_col_alternation,small_L1,4096,1000000,history-correlated,compulsory+streaming (prefetch-friendly),grid
495,0495_grid_b10_correlated_history__c45_read_hot_write_cold_split.c,b10,correlated_history,c45,read_hot_write_cold_split,medium_L2,65536,3000000,history-correlated,temporal reuse (skewed/hot-set),grid
496,0496_grid_b10_correlated_history__c46_cantor_gap_sparse.c,b10,correlated_history,c46,cantor_gap_sparse,large_L3,1048576,5000000,history-correlated,"compulsory (sparse, low reuse)",grid
497,0497_grid_b10_correlated_history__c47_false_sharing_line_cycle.c,b10,correlated_history,c47,false_sharing_line_cycle,xlarge_DRAM,8388608,8000000,history-correlated,conflict/associativity,grid
498,0498_grid_b10_correlated_history__c48_exponential_backoff_probe.c,b10,correlated_history,c48,exponential_backoff_probe,small_L1,4096,1000000,history-correlated,capacity (uniform random),grid
499,0499_grid_b10_correlated_history__c49_binary_heap_parent_child.c,b10,correlated_history,c49,binary_heap_parent_child,medium_L2,65536,3000000,history-correlated,capacity (uniform random),grid
500,0500_grid_b10_correlated_history__c50_streaming_with_periodic_flush.c,b10,correlated_history,c50,streaming_with_periodic_flush,large_L3,1048576,5000000,history-correlated,compulsory+streaming (prefetch-friendly),grid
501,0501_grid_b11_value_dependent_threshold__c01_sequential_unit_stride.c,b11,value_dependent_threshold,c01,sequential_unit_stride,large_L3,1048576,5000000,value-dependent,compulsory+streaming (prefetch-friendly),grid
502,0502_grid_b11_value_dependent_threshold__c02_sequential_wraparound_large.c,b11,value_dependent_threshold,c02,sequential_wraparound_large,xlarge_DRAM,8388608,8000000,value-dependent,compulsory+streaming (prefetch-friendly),grid
503,0503_grid_b11_value_dependent_threshold__c03_fixed_stride_small.c,b11,value_dependent_threshold,c03,fixed_stride_small,small_L1,4096,1000000,value-dependent,compulsory+streaming (prefetch-friendly),grid
504,0504_grid_b11_value_dependent_threshold__c04_fixed_stride_large.c,b11,value_dependent_threshold,c04,fixed_stride_large,medium_L2,65536,3000000,value-dependent,compulsory+streaming (prefetch-friendly),grid
505,0505_grid_b11_value_dependent_threshold__c05_random_small_working_set.c,b11,value_dependent_threshold,c05,random_small_working_set,large_L3,1048576,5000000,value-dependent,temporal reuse (capacity-sensitive),grid
506,0506_grid_b11_value_dependent_threshold__c06_random_full_working_set.c,b11,value_dependent_threshold,c06,random_full_working_set,xlarge_DRAM,8388608,8000000,value-dependent,capacity (uniform random),grid
507,0507_grid_b11_value_dependent_threshold__c07_matrix_row_major.c,b11,value_dependent_threshold,c07,matrix_row_major,small_L1,4096,1000000,value-dependent,mixed spatial (traversal-order dependent),grid
508,0508_grid_b11_value_dependent_threshold__c08_matrix_col_major.c,b11,value_dependent_threshold,c08,matrix_col_major,medium_L2,65536,3000000,value-dependent,mixed spatial (traversal-order dependent),grid
509,0509_grid_b11_value_dependent_threshold__c09_matrix_tiled_blocked.c,b11,value_dependent_threshold,c09,matrix_tiled_blocked,large_L3,1048576,5000000,value-dependent,mixed spatial (traversal-order dependent),grid
510,0510_grid_b11_value_dependent_threshold__c10_pointer_chase_linked_list.c,b11,value_dependent_threshold,c10,pointer_chase_linked_list,xlarge_DRAM,8388608,8000000,value-dependent,"compulsory+latency-bound (dependent loads, no prefetch)",grid
511,0511_grid_b11_value_dependent_threshold__c11_sliding_window.c,b11,value_dependent_threshold,c11,sliding_window,small_L1,4096,1000000,value-dependent,mixed/unclassified,grid
512,0512_grid_b11_value_dependent_threshold__c12_prime_stride_anti_alias.c,b11,value_dependent_threshold,c12,prime_stride_anti_alias,medium_L2,65536,3000000,value-dependent,compulsory+streaming (prefetch-friendly),grid
513,0513_grid_b11_value_dependent_threshold__c13_two_stream_interleaved.c,b11,value_dependent_threshold,c13,two_stream_interleaved,large_L3,1048576,5000000,value-dependent,mixed/unclassified,grid
514,0514_grid_b11_value_dependent_threshold__c14_temporal_burst_reuse.c,b11,value_dependent_threshold,c14,temporal_burst_reuse,xlarge_DRAM,8388608,8000000,value-dependent,mixed/unclassified,grid
515,0515_grid_b11_value_dependent_threshold__c15_reverse_sequential.c,b11,value_dependent_threshold,c15,reverse_sequential,small_L1,4096,1000000,value-dependent,compulsory+streaming (prefetch-friendly),grid
516,0516_grid_b11_value_dependent_threshold__c16_block_sparse.c,b11,value_dependent_threshold,c16,block_sparse,medium_L2,65536,3000000,value-dependent,mixed spatial (traversal-order dependent),grid
517,0517_grid_b11_value_dependent_threshold__c17_zipf_like_hot_buckets.c,b11,value_dependent_threshold,c17,zipf_like_hot_buckets,large_L3,1048576,5000000,value-dependent,temporal reuse (skewed/hot-set),grid
518,0518_grid_b11_value_dependent_threshold__c18_producer_consumer_two_pointer.c,b11,value_dependent_threshold,c18,producer_consumer_two_pointer,xlarge_DRAM,8388608,8000000,value-dependent,mixed/unclassified,grid
519,0519_grid_b11_value_dependent_threshold__c19_matrix_diagonal_wavefront.c,b11,value_dependent_threshold,c19,matrix_diagonal_wavefront,small_L1,4096,1000000,value-dependent,mixed spatial (traversal-order dependent),grid
520,0520_grid_b11_value_dependent_threshold__c20_hot_cold_phase_alternation.c,b11,value_dependent_threshold,c20,hot_cold_phase_alternation,medium_L2,65536,3000000,value-dependent,temporal reuse (skewed/hot-set),grid
521,0521_grid_b11_value_dependent_threshold__c21_pyramid_multiresolution_stride.c,b11,value_dependent_threshold,c21,pyramid_multiresolution_stride,large_L3,1048576,5000000,value-dependent,compulsory+streaming (prefetch-friendly),grid
522,0522_grid_b11_value_dependent_threshold__c22_tensor_3d_slice_poor_locality.c,b11,value_dependent_threshold,c22,tensor_3d_slice_poor_locality,xlarge_DRAM,8388608,8000000,value-dependent,mixed/unclassified,grid
523,0523_grid_b11_value_dependent_threshold__c23_struct_of_array_field_burst.c,b11,value_dependent_threshold,c23,struct_of_array_field_burst,small_L1,4096,1000000,value-dependent,compulsory+streaming (prefetch-friendly),grid
524,0524_grid_b11_value_dependent_threshold__c24_banked_interleaved_access.c,b11,value_dependent_threshold,c24,banked_interleaved_access,medium_L2,65536,3000000,value-dependent,compulsory+streaming (prefetch-friendly),grid
525,0525_grid_b11_value_dependent_threshold__c25_lru_recency_weighted_reuse.c,b11,value_dependent_threshold,c25,lru_recency_weighted_reuse,large_L3,1048576,5000000,value-dependent,temporal reuse (capacity-sensitive),grid
526,0526_grid_b11_value_dependent_threshold__c26_geometric_stride_growth.c,b11,value_dependent_threshold,c26,geometric_stride_growth,xlarge_DRAM,8388608,8000000,value-dependent,compulsory+streaming (prefetch-friendly),grid
527,0527_grid_b11_value_dependent_threshold__c27_reduction_broadcast_pattern.c,b11,value_dependent_threshold,c27,reduction_broadcast_pattern,small_L1,4096,1000000,value-dependent,compulsory+streaming (prefetch-friendly),grid
528,0528_grid_b11_value_dependent_threshold__c28_morton_zorder_traversal.c,b11,value_dependent_threshold,c28,morton_zorder_traversal,medium_L2,65536,3000000,value-dependent,mixed spatial (traversal-order dependent),grid
529,0529_grid_b11_value_dependent_threshold__c29_ping_pong_cache_thrash.c,b11,value_dependent_threshold,c29,ping_pong_cache_thrash,large_L3,1048576,5000000,value-dependent,conflict/associativity,grid
530,0530_grid_b11_value_dependent_threshold__c30_gather_scatter_indirect_table.c,b11,value_dependent_threshold,c30,gather_scatter_indirect_table,xlarge_DRAM,8388608,8000000,value-dependent,capacity (uniform random),grid
531,0531_grid_b11_value_dependent_threshold__c31_fibonacci_stride.c,b11,value_dependent_threshold,c31,fibonacci_stride,small_L1,4096,1000000,value-dependent,compulsory+streaming (prefetch-friendly),grid
532,0532_grid_b11_value_dependent_threshold__c32_hilbert_curve_traversal.c,b11,value_dependent_threshold,c32,hilbert_curve_traversal,medium_L2,65536,3000000,value-dependent,mixed spatial (traversal-order dependent),grid
533,0533_grid_b11_value_dependent_threshold__c33_cache_set_conflict_stress.c,b11,value_dependent_threshold,c33,cache_set_conflict_stress,large_L3,1048576,5000000,value-dependent,conflict/associativity,grid
534,0534_grid_b11_value_dependent_threshold__c34_variable_length_burst_reuse.c,b11,value_dependent_threshold,c34,variable_length_burst_reuse,xlarge_DRAM,8388608,8000000,value-dependent,capacity (uniform random),grid
535,0535_grid_b11_value_dependent_threshold__c35_checkerboard_red_black.c,b11,value_dependent_threshold,c35,checkerboard_red_black,small_L1,4096,1000000,value-dependent,mixed spatial (traversal-order dependent),grid
536,0536_grid_b11_value_dependent_threshold__c36_im2col_overlapping_patch_gather.c,b11,value_dependent_threshold,c36,im2col_overlapping_patch_gather,medium_L2,65536,3000000,value-dependent,compulsory+streaming (prefetch-friendly),grid
537,0537_grid_b11_value_dependent_threshold__c37_double_buffer_epoch_alternation.c,b11,value_dependent_threshold,c37,double_buffer_epoch_alternation,large_L3,1048576,5000000,value-dependent,conflict+capacity (thrashing/alternation),grid
538,0538_grid_b11_value_dependent_threshold__c38_cuckoo_double_hash_probe.c,b11,value_dependent_threshold,c38,cuckoo_double_hash_probe,xlarge_DRAM,8388608,8000000,value-dependent,capacity+compulsory (indirect gather/scatter),grid
539,0539_grid_b11_value_dependent_threshold__c39_bounded_random_walk.c,b11,value_dependent_threshold,c39,bounded_random_walk,small_L1,4096,1000000,value-dependent,capacity (uniform random),grid
540,0540_grid_b11_value_dependent_threshold__c40_causal_attention_triangular.c,b11,value_dependent_threshold,c40,causal_attention_triangular,medium_L2,65536,3000000,value-dependent,mixed/unclassified,grid
541,0541_grid_b11_value_dependent_threshold__c41_skip_list_multilevel_hop.c,b11,value_dependent_threshold,c41,skip_list_multilevel_hop,large_L3,1048576,5000000,value-dependent,"compulsory+latency-bound (dependent loads, no prefetch)",grid
542,0542_grid_b11_value_dependent_threshold__c42_cache_oblivious_funnel_stride.c,b11,value_dependent_threshold,c42,cache_oblivious_funnel_stride,xlarge_DRAM,8388608,8000000,value-dependent,compulsory+streaming (prefetch-friendly),grid
543,0543_grid_b11_value_dependent_threshold__c43_whole_buffer_rotation.c,b11,value_dependent_threshold,c43,whole_buffer_rotation,small_L1,4096,1000000,value-dependent,mixed/unclassified,grid
544,0544_grid_b11_value_dependent_threshold__c44_naive_gemm_row_col_alternation.c,b11,value_dependent_threshold,c44,naive_gemm_row_col_alternation,medium_L2,65536,3000000,value-dependent,compulsory+streaming (prefetch-friendly),grid
545,0545_grid_b11_value_dependent_threshold__c45_read_hot_write_cold_split.c,b11,value_dependent_threshold,c45,read_hot_write_cold_split,large_L3,1048576,5000000,value-dependent,temporal reuse (skewed/hot-set),grid
546,0546_grid_b11_value_dependent_threshold__c46_cantor_gap_sparse.c,b11,value_dependent_threshold,c46,cantor_gap_sparse,xlarge_DRAM,8388608,8000000,value-dependent,"compulsory (sparse, low reuse)",grid
547,0547_grid_b11_value_dependent_threshold__c47_false_sharing_line_cycle.c,b11,value_dependent_threshold,c47,false_sharing_line_cycle,small_L1,4096,1000000,value-dependent,conflict/associativity,grid
548,0548_grid_b11_value_dependent_threshold__c48_exponential_backoff_probe.c,b11,value_dependent_threshold,c48,exponential_backoff_probe,medium_L2,65536,3000000,value-dependent,capacity (uniform random),grid
549,0549_grid_b11_value_dependent_threshold__c49_binary_heap_parent_child.c,b11,value_dependent_threshold,c49,binary_heap_parent_child,large_L3,1048576,5000000,value-dependent,capacity (uniform random),grid
550,0550_grid_b11_value_dependent_threshold__c50_streaming_with_periodic_flush.c,b11,value_dependent_threshold,c50,streaming_with_periodic_flush,xlarge_DRAM,8388608,8000000,value-dependent,compulsory+streaming (prefetch-friendly),grid
551,0551_grid_b12_doubling_run_lengths__c01_sequential_unit_stride.c,b12,doubling_run_lengths,c01,sequential_unit_stride,xlarge_DRAM,8388608,8000000,phase-changing/non-stationary,compulsory+streaming (prefetch-friendly),grid
552,0552_grid_b12_doubling_run_lengths__c02_sequential_wraparound_large.c,b12,doubling_run_lengths,c02,sequential_wraparound_large,small_L1,4096,1000000,phase-changing/non-stationary,compulsory+streaming (prefetch-friendly),grid
553,0553_grid_b12_doubling_run_lengths__c03_fixed_stride_small.c,b12,doubling_run_lengths,c03,fixed_stride_small,medium_L2,65536,3000000,phase-changing/non-stationary,compulsory+streaming (prefetch-friendly),grid
554,0554_grid_b12_doubling_run_lengths__c04_fixed_stride_large.c,b12,doubling_run_lengths,c04,fixed_stride_large,large_L3,1048576,5000000,phase-changing/non-stationary,compulsory+streaming (prefetch-friendly),grid
555,0555_grid_b12_doubling_run_lengths__c05_random_small_working_set.c,b12,doubling_run_lengths,c05,random_small_working_set,xlarge_DRAM,8388608,8000000,phase-changing/non-stationary,temporal reuse (capacity-sensitive),grid
556,0556_grid_b12_doubling_run_lengths__c06_random_full_working_set.c,b12,doubling_run_lengths,c06,random_full_working_set,small_L1,4096,1000000,phase-changing/non-stationary,capacity (uniform random),grid
557,0557_grid_b12_doubling_run_lengths__c07_matrix_row_major.c,b12,doubling_run_lengths,c07,matrix_row_major,medium_L2,65536,3000000,phase-changing/non-stationary,mixed spatial (traversal-order dependent),grid
558,0558_grid_b12_doubling_run_lengths__c08_matrix_col_major.c,b12,doubling_run_lengths,c08,matrix_col_major,large_L3,1048576,5000000,phase-changing/non-stationary,mixed spatial (traversal-order dependent),grid
559,0559_grid_b12_doubling_run_lengths__c09_matrix_tiled_blocked.c,b12,doubling_run_lengths,c09,matrix_tiled_blocked,xlarge_DRAM,8388608,8000000,phase-changing/non-stationary,mixed spatial (traversal-order dependent),grid
560,0560_grid_b12_doubling_run_lengths__c10_pointer_chase_linked_list.c,b12,doubling_run_lengths,c10,pointer_chase_linked_list,small_L1,4096,1000000,phase-changing/non-stationary,"compulsory+latency-bound (dependent loads, no prefetch)",grid
561,0561_grid_b12_doubling_run_lengths__c11_sliding_window.c,b12,doubling_run_lengths,c11,sliding_window,medium_L2,65536,3000000,phase-changing/non-stationary,mixed/unclassified,grid
562,0562_grid_b12_doubling_run_lengths__c12_prime_stride_anti_alias.c,b12,doubling_run_lengths,c12,prime_stride_anti_alias,large_L3,1048576,5000000,phase-changing/non-stationary,compulsory+streaming (prefetch-friendly),grid
563,0563_grid_b12_doubling_run_lengths__c13_two_stream_interleaved.c,b12,doubling_run_lengths,c13,two_stream_interleaved,xlarge_DRAM,8388608,8000000,phase-changing/non-stationary,mixed/unclassified,grid
564,0564_grid_b12_doubling_run_lengths__c14_temporal_burst_reuse.c,b12,doubling_run_lengths,c14,temporal_burst_reuse,small_L1,4096,1000000,phase-changing/non-stationary,mixed/unclassified,grid
565,0565_grid_b12_doubling_run_lengths__c15_reverse_sequential.c,b12,doubling_run_lengths,c15,reverse_sequential,medium_L2,65536,3000000,phase-changing/non-stationary,compulsory+streaming (prefetch-friendly),grid
566,0566_grid_b12_doubling_run_lengths__c16_block_sparse.c,b12,doubling_run_lengths,c16,block_sparse,large_L3,1048576,5000000,phase-changing/non-stationary,mixed spatial (traversal-order dependent),grid
567,0567_grid_b12_doubling_run_lengths__c17_zipf_like_hot_buckets.c,b12,doubling_run_lengths,c17,zipf_like_hot_buckets,xlarge_DRAM,8388608,8000000,phase-changing/non-stationary,temporal reuse (skewed/hot-set),grid
568,0568_grid_b12_doubling_run_lengths__c18_producer_consumer_two_pointer.c,b12,doubling_run_lengths,c18,producer_consumer_two_pointer,small_L1,4096,1000000,phase-changing/non-stationary,mixed/unclassified,grid
569,0569_grid_b12_doubling_run_lengths__c19_matrix_diagonal_wavefront.c,b12,doubling_run_lengths,c19,matrix_diagonal_wavefront,medium_L2,65536,3000000,phase-changing/non-stationary,mixed spatial (traversal-order dependent),grid
570,0570_grid_b12_doubling_run_lengths__c20_hot_cold_phase_alternation.c,b12,doubling_run_lengths,c20,hot_cold_phase_alternation,large_L3,1048576,5000000,phase-changing/non-stationary,temporal reuse (skewed/hot-set),grid
571,0571_grid_b12_doubling_run_lengths__c21_pyramid_multiresolution_stride.c,b12,doubling_run_lengths,c21,pyramid_multiresolution_stride,xlarge_DRAM,8388608,8000000,phase-changing/non-stationary,compulsory+streaming (prefetch-friendly),grid
572,0572_grid_b12_doubling_run_lengths__c22_tensor_3d_slice_poor_locality.c,b12,doubling_run_lengths,c22,tensor_3d_slice_poor_locality,small_L1,4096,1000000,phase-changing/non-stationary,mixed/unclassified,grid
573,0573_grid_b12_doubling_run_lengths__c23_struct_of_array_field_burst.c,b12,doubling_run_lengths,c23,struct_of_array_field_burst,medium_L2,65536,3000000,phase-changing/non-stationary,compulsory+streaming (prefetch-friendly),grid
574,0574_grid_b12_doubling_run_lengths__c24_banked_interleaved_access.c,b12,doubling_run_lengths,c24,banked_interleaved_access,large_L3,1048576,5000000,phase-changing/non-stationary,compulsory+streaming (prefetch-friendly),grid
575,0575_grid_b12_doubling_run_lengths__c25_lru_recency_weighted_reuse.c,b12,doubling_run_lengths,c25,lru_recency_weighted_reuse,xlarge_DRAM,8388608,8000000,phase-changing/non-stationary,temporal reuse (capacity-sensitive),grid
576,0576_grid_b12_doubling_run_lengths__c26_geometric_stride_growth.c,b12,doubling_run_lengths,c26,geometric_stride_growth,small_L1,4096,1000000,phase-changing/non-stationary,compulsory+streaming (prefetch-friendly),grid
577,0577_grid_b12_doubling_run_lengths__c27_reduction_broadcast_pattern.c,b12,doubling_run_lengths,c27,reduction_broadcast_pattern,medium_L2,65536,3000000,phase-changing/non-stationary,compulsory+streaming (prefetch-friendly),grid
578,0578_grid_b12_doubling_run_lengths__c28_morton_zorder_traversal.c,b12,doubling_run_lengths,c28,morton_zorder_traversal,large_L3,1048576,5000000,phase-changing/non-stationary,mixed spatial (traversal-order dependent),grid
579,0579_grid_b12_doubling_run_lengths__c29_ping_pong_cache_thrash.c,b12,doubling_run_lengths,c29,ping_pong_cache_thrash,xlarge_DRAM,8388608,8000000,phase-changing/non-stationary,conflict/associativity,grid
580,0580_grid_b12_doubling_run_lengths__c30_gather_scatter_indirect_table.c,b12,doubling_run_lengths,c30,gather_scatter_indirect_table,small_L1,4096,1000000,phase-changing/non-stationary,capacity (uniform random),grid
581,0581_grid_b12_doubling_run_lengths__c31_fibonacci_stride.c,b12,doubling_run_lengths,c31,fibonacci_stride,medium_L2,65536,3000000,phase-changing/non-stationary,compulsory+streaming (prefetch-friendly),grid
582,0582_grid_b12_doubling_run_lengths__c32_hilbert_curve_traversal.c,b12,doubling_run_lengths,c32,hilbert_curve_traversal,large_L3,1048576,5000000,phase-changing/non-stationary,mixed spatial (traversal-order dependent),grid
583,0583_grid_b12_doubling_run_lengths__c33_cache_set_conflict_stress.c,b12,doubling_run_lengths,c33,cache_set_conflict_stress,xlarge_DRAM,8388608,8000000,phase-changing/non-stationary,conflict/associativity,grid
584,0584_grid_b12_doubling_run_lengths__c34_variable_length_burst_reuse.c,b12,doubling_run_lengths,c34,variable_length_burst_reuse,small_L1,4096,1000000,phase-changing/non-stationary,capacity (uniform random),grid
585,0585_grid_b12_doubling_run_lengths__c35_checkerboard_red_black.c,b12,doubling_run_lengths,c35,checkerboard_red_black,medium_L2,65536,3000000,phase-changing/non-stationary,mixed spatial (traversal-order dependent),grid
586,0586_grid_b12_doubling_run_lengths__c36_im2col_overlapping_patch_gather.c,b12,doubling_run_lengths,c36,im2col_overlapping_patch_gather,large_L3,1048576,5000000,phase-changing/non-stationary,compulsory+streaming (prefetch-friendly),grid
587,0587_grid_b12_doubling_run_lengths__c37_double_buffer_epoch_alternation.c,b12,doubling_run_lengths,c37,double_buffer_epoch_alternation,xlarge_DRAM,8388608,8000000,phase-changing/non-stationary,conflict+capacity (thrashing/alternation),grid
588,0588_grid_b12_doubling_run_lengths__c38_cuckoo_double_hash_probe.c,b12,doubling_run_lengths,c38,cuckoo_double_hash_probe,small_L1,4096,1000000,phase-changing/non-stationary,capacity+compulsory (indirect gather/scatter),grid
589,0589_grid_b12_doubling_run_lengths__c39_bounded_random_walk.c,b12,doubling_run_lengths,c39,bounded_random_walk,medium_L2,65536,3000000,phase-changing/non-stationary,capacity (uniform random),grid
590,0590_grid_b12_doubling_run_lengths__c40_causal_attention_triangular.c,b12,doubling_run_lengths,c40,causal_attention_triangular,large_L3,1048576,5000000,phase-changing/non-stationary,mixed/unclassified,grid
591,0591_grid_b12_doubling_run_lengths__c41_skip_list_multilevel_hop.c,b12,doubling_run_lengths,c41,skip_list_multilevel_hop,xlarge_DRAM,8388608,8000000,phase-changing/non-stationary,"compulsory+latency-bound (dependent loads, no prefetch)",grid
592,0592_grid_b12_doubling_run_lengths__c42_cache_oblivious_funnel_stride.c,b12,doubling_run_lengths,c42,cache_oblivious_funnel_stride,small_L1,4096,1000000,phase-changing/non-stationary,compulsory+streaming (prefetch-friendly),grid
593,0593_grid_b12_doubling_run_lengths__c43_whole_buffer_rotation.c,b12,doubling_run_lengths,c43,whole_buffer_rotation,medium_L2,65536,3000000,phase-changing/non-stationary,mixed/unclassified,grid
594,0594_grid_b12_doubling_run_lengths__c44_naive_gemm_row_col_alternation.c,b12,doubling_run_lengths,c44,naive_gemm_row_col_alternation,large_L3,1048576,5000000,phase-changing/non-stationary,compulsory+streaming (prefetch-friendly),grid
595,0595_grid_b12_doubling_run_lengths__c45_read_hot_write_cold_split.c,b12,doubling_run_lengths,c45,read_hot_write_cold_split,xlarge_DRAM,8388608,8000000,phase-changing/non-stationary,temporal reuse (skewed/hot-set),grid
596,0596_grid_b12_doubling_run_lengths__c46_cantor_gap_sparse.c,b12,doubling_run_lengths,c46,cantor_gap_sparse,small_L1,4096,1000000,phase-changing/non-stationary,"compulsory (sparse, low reuse)",grid
597,0597_grid_b12_doubling_run_lengths__c47_false_sharing_line_cycle.c,b12,doubling_run_lengths,c47,false_sharing_line_cycle,medium_L2,65536,3000000,phase-changing/non-stationary,conflict/associativity,grid
598,0598_grid_b12_doubling_run_lengths__c48_exponential_backoff_probe.c,b12,doubling_run_lengths,c48,exponential_backoff_probe,large_L3,1048576,5000000,phase-changing/non-stationary,capacity (uniform random),grid
599,0599_grid_b12_doubling_run_lengths__c49_binary_heap_parent_child.c,b12,doubling_run_lengths,c49,binary_heap_parent_child,xlarge_DRAM,8388608,8000000,phase-changing/non-stationary,capacity (uniform random),grid
600,0600_grid_b12_doubling_run_lengths__c50_streaming_with_periodic_flush.c,b12,doubling_run_lengths,c50,streaming_with_periodic_flush,small_L1,4096,1000000,phase-changing/non-stationary,compulsory+streaming (prefetch-friendly),grid
601,0601_grid_b13_single_phase_change__c01_sequential_unit_stride.c,b13,single_phase_change,c01,sequential_unit_stride,small_L1,4096,1000000,static/trivial,compulsory+streaming (prefetch-friendly),grid
602,0602_grid_b13_single_phase_change__c02_sequential_wraparound_large.c,b13,single_phase_change,c02,sequential_wraparound_large,medium_L2,65536,3000000,static/trivial,compulsory+streaming (prefetch-friendly),grid
603,0603_grid_b13_single_phase_change__c03_fixed_stride_small.c,b13,single_phase_change,c03,fixed_stride_small,large_L3,1048576,5000000,static/trivial,compulsory+streaming (prefetch-friendly),grid
604,0604_grid_b13_single_phase_change__c04_fixed_stride_large.c,b13,single_phase_change,c04,fixed_stride_large,xlarge_DRAM,8388608,8000000,static/trivial,compulsory+streaming (prefetch-friendly),grid
605,0605_grid_b13_single_phase_change__c05_random_small_working_set.c,b13,single_phase_change,c05,random_small_working_set,small_L1,4096,1000000,static/trivial,temporal reuse (capacity-sensitive),grid
606,0606_grid_b13_single_phase_change__c06_random_full_working_set.c,b13,single_phase_change,c06,random_full_working_set,medium_L2,65536,3000000,static/trivial,capacity (uniform random),grid
607,0607_grid_b13_single_phase_change__c07_matrix_row_major.c,b13,single_phase_change,c07,matrix_row_major,large_L3,1048576,5000000,static/trivial,mixed spatial (traversal-order dependent),grid
608,0608_grid_b13_single_phase_change__c08_matrix_col_major.c,b13,single_phase_change,c08,matrix_col_major,xlarge_DRAM,8388608,8000000,static/trivial,mixed spatial (traversal-order dependent),grid
609,0609_grid_b13_single_phase_change__c09_matrix_tiled_blocked.c,b13,single_phase_change,c09,matrix_tiled_blocked,small_L1,4096,1000000,static/trivial,mixed spatial (traversal-order dependent),grid
610,0610_grid_b13_single_phase_change__c10_pointer_chase_linked_list.c,b13,single_phase_change,c10,pointer_chase_linked_list,medium_L2,65536,3000000,static/trivial,"compulsory+latency-bound (dependent loads, no prefetch)",grid
611,0611_grid_b13_single_phase_change__c11_sliding_window.c,b13,single_phase_change,c11,sliding_window,large_L3,1048576,5000000,static/trivial,mixed/unclassified,grid
612,0612_grid_b13_single_phase_change__c12_prime_stride_anti_alias.c,b13,single_phase_change,c12,prime_stride_anti_alias,xlarge_DRAM,8388608,8000000,static/trivial,compulsory+streaming (prefetch-friendly),grid
613,0613_grid_b13_single_phase_change__c13_two_stream_interleaved.c,b13,single_phase_change,c13,two_stream_interleaved,small_L1,4096,1000000,static/trivial,mixed/unclassified,grid
614,0614_grid_b13_single_phase_change__c14_temporal_burst_reuse.c,b13,single_phase_change,c14,temporal_burst_reuse,medium_L2,65536,3000000,static/trivial,mixed/unclassified,grid
615,0615_grid_b13_single_phase_change__c15_reverse_sequential.c,b13,single_phase_change,c15,reverse_sequential,large_L3,1048576,5000000,static/trivial,compulsory+streaming (prefetch-friendly),grid
616,0616_grid_b13_single_phase_change__c16_block_sparse.c,b13,single_phase_change,c16,block_sparse,xlarge_DRAM,8388608,8000000,static/trivial,mixed spatial (traversal-order dependent),grid
617,0617_grid_b13_single_phase_change__c17_zipf_like_hot_buckets.c,b13,single_phase_change,c17,zipf_like_hot_buckets,small_L1,4096,1000000,static/trivial,temporal reuse (skewed/hot-set),grid
618,0618_grid_b13_single_phase_change__c18_producer_consumer_two_pointer.c,b13,single_phase_change,c18,producer_consumer_two_pointer,medium_L2,65536,3000000,static/trivial,mixed/unclassified,grid
619,0619_grid_b13_single_phase_change__c19_matrix_diagonal_wavefront.c,b13,single_phase_change,c19,matrix_diagonal_wavefront,large_L3,1048576,5000000,static/trivial,mixed spatial (traversal-order dependent),grid
620,0620_grid_b13_single_phase_change__c20_hot_cold_phase_alternation.c,b13,single_phase_change,c20,hot_cold_phase_alternation,xlarge_DRAM,8388608,8000000,static/trivial,temporal reuse (skewed/hot-set),grid
621,0621_grid_b13_single_phase_change__c21_pyramid_multiresolution_stride.c,b13,single_phase_change,c21,pyramid_multiresolution_stride,small_L1,4096,1000000,static/trivial,compulsory+streaming (prefetch-friendly),grid
622,0622_grid_b13_single_phase_change__c22_tensor_3d_slice_poor_locality.c,b13,single_phase_change,c22,tensor_3d_slice_poor_locality,medium_L2,65536,3000000,static/trivial,mixed/unclassified,grid
623,0623_grid_b13_single_phase_change__c23_struct_of_array_field_burst.c,b13,single_phase_change,c23,struct_of_array_field_burst,large_L3,1048576,5000000,static/trivial,compulsory+streaming (prefetch-friendly),grid
624,0624_grid_b13_single_phase_change__c24_banked_interleaved_access.c,b13,single_phase_change,c24,banked_interleaved_access,xlarge_DRAM,8388608,8000000,static/trivial,compulsory+streaming (prefetch-friendly),grid
625,0625_grid_b13_single_phase_change__c25_lru_recency_weighted_reuse.c,b13,single_phase_change,c25,lru_recency_weighted_reuse,small_L1,4096,1000000,static/trivial,temporal reuse (capacity-sensitive),grid
626,0626_grid_b13_single_phase_change__c26_geometric_stride_growth.c,b13,single_phase_change,c26,geometric_stride_growth,medium_L2,65536,3000000,static/trivial,compulsory+streaming (prefetch-friendly),grid
627,0627_grid_b13_single_phase_change__c27_reduction_broadcast_pattern.c,b13,single_phase_change,c27,reduction_broadcast_pattern,large_L3,1048576,5000000,static/trivial,compulsory+streaming (prefetch-friendly),grid
628,0628_grid_b13_single_phase_change__c28_morton_zorder_traversal.c,b13,single_phase_change,c28,morton_zorder_traversal,xlarge_DRAM,8388608,8000000,static/trivial,mixed spatial (traversal-order dependent),grid
629,0629_grid_b13_single_phase_change__c29_ping_pong_cache_thrash.c,b13,single_phase_change,c29,ping_pong_cache_thrash,small_L1,4096,1000000,static/trivial,conflict/associativity,grid
630,0630_grid_b13_single_phase_change__c30_gather_scatter_indirect_table.c,b13,single_phase_change,c30,gather_scatter_indirect_table,medium_L2,65536,3000000,static/trivial,capacity (uniform random),grid
631,0631_grid_b13_single_phase_change__c31_fibonacci_stride.c,b13,single_phase_change,c31,fibonacci_stride,large_L3,1048576,5000000,static/trivial,compulsory+streaming (prefetch-friendly),grid
632,0632_grid_b13_single_phase_change__c32_hilbert_curve_traversal.c,b13,single_phase_change,c32,hilbert_curve_traversal,xlarge_DRAM,8388608,8000000,static/trivial,mixed spatial (traversal-order dependent),grid
633,0633_grid_b13_single_phase_change__c33_cache_set_conflict_stress.c,b13,single_phase_change,c33,cache_set_conflict_stress,small_L1,4096,1000000,static/trivial,conflict/associativity,grid
634,0634_grid_b13_single_phase_change__c34_variable_length_burst_reuse.c,b13,single_phase_change,c34,variable_length_burst_reuse,medium_L2,65536,3000000,static/trivial,capacity (uniform random),grid
635,0635_grid_b13_single_phase_change__c35_checkerboard_red_black.c,b13,single_phase_change,c35,checkerboard_red_black,large_L3,1048576,5000000,static/trivial,mixed spatial (traversal-order dependent),grid
636,0636_grid_b13_single_phase_change__c36_im2col_overlapping_patch_gather.c,b13,single_phase_change,c36,im2col_overlapping_patch_gather,xlarge_DRAM,8388608,8000000,static/trivial,compulsory+streaming (prefetch-friendly),grid
637,0637_grid_b13_single_phase_change__c37_double_buffer_epoch_alternation.c,b13,single_phase_change,c37,double_buffer_epoch_alternation,small_L1,4096,1000000,static/trivial,conflict+capacity (thrashing/alternation),grid
638,0638_grid_b13_single_phase_change__c38_cuckoo_double_hash_probe.c,b13,single_phase_change,c38,cuckoo_double_hash_probe,medium_L2,65536,3000000,static/trivial,capacity+compulsory (indirect gather/scatter),grid
639,0639_grid_b13_single_phase_change__c39_bounded_random_walk.c,b13,single_phase_change,c39,bounded_random_walk,large_L3,1048576,5000000,static/trivial,capacity (uniform random),grid
640,0640_grid_b13_single_phase_change__c40_causal_attention_triangular.c,b13,single_phase_change,c40,causal_attention_triangular,xlarge_DRAM,8388608,8000000,static/trivial,mixed/unclassified,grid
641,0641_grid_b13_single_phase_change__c41_skip_list_multilevel_hop.c,b13,single_phase_change,c41,skip_list_multilevel_hop,small_L1,4096,1000000,static/trivial,"compulsory+latency-bound (dependent loads, no prefetch)",grid
642,0642_grid_b13_single_phase_change__c42_cache_oblivious_funnel_stride.c,b13,single_phase_change,c42,cache_oblivious_funnel_stride,medium_L2,65536,3000000,static/trivial,compulsory+streaming (prefetch-friendly),grid
643,0643_grid_b13_single_phase_change__c43_whole_buffer_rotation.c,b13,single_phase_change,c43,whole_buffer_rotation,large_L3,1048576,5000000,static/trivial,mixed/unclassified,grid
644,0644_grid_b13_single_phase_change__c44_naive_gemm_row_col_alternation.c,b13,single_phase_change,c44,naive_gemm_row_col_alternation,xlarge_DRAM,8388608,8000000,static/trivial,compulsory+streaming (prefetch-friendly),grid
645,0645_grid_b13_single_phase_change__c45_read_hot_write_cold_split.c,b13,single_phase_change,c45,read_hot_write_cold_split,small_L1,4096,1000000,static/trivial,temporal reuse (skewed/hot-set),grid
646,0646_grid_b13_single_phase_change__c46_cantor_gap_sparse.c,b13,single_phase_change,c46,cantor_gap_sparse,medium_L2,65536,3000000,static/trivial,"compulsory (sparse, low reuse)",grid
647,0647_grid_b13_single_phase_change__c47_false_sharing_line_cycle.c,b13,single_phase_change,c47,false_sharing_line_cycle,large_L3,1048576,5000000,static/trivial,conflict/associativity,grid
648,0648_grid_b13_single_phase_change__c48_exponential_backoff_probe.c,b13,single_phase_change,c48,exponential_backoff_probe,xlarge_DRAM,8388608,8000000,static/trivial,capacity (uniform random),grid
649,0649_grid_b13_single_phase_change__c49_binary_heap_parent_child.c,b13,single_phase_change,c49,binary_heap_parent_child,small_L1,4096,1000000,static/trivial,capacity (uniform random),grid
650,0650_grid_b13_single_phase_change__c50_streaming_with_periodic_flush.c,b13,single_phase_change,c50,streaming_with_periodic_flush,medium_L2,65536,3000000,static/trivial,compulsory+streaming (prefetch-friendly),grid
651,0651_grid_b14_four_way_skewed__c01_sequential_unit_stride.c,b14,four_way_skewed,c01,sequential_unit_stride,medium_L2,65536,3000000,value-dependent,compulsory+streaming (prefetch-friendly),grid
652,0652_grid_b14_four_way_skewed__c02_sequential_wraparound_large.c,b14,four_way_skewed,c02,sequential_wraparound_large,large_L3,1048576,5000000,value-dependent,compulsory+streaming (prefetch-friendly),grid
653,0653_grid_b14_four_way_skewed__c03_fixed_stride_small.c,b14,four_way_skewed,c03,fixed_stride_small,xlarge_DRAM,8388608,8000000,value-dependent,compulsory+streaming (prefetch-friendly),grid
654,0654_grid_b14_four_way_skewed__c04_fixed_stride_large.c,b14,four_way_skewed,c04,fixed_stride_large,small_L1,4096,1000000,value-dependent,compulsory+streaming (prefetch-friendly),grid
655,0655_grid_b14_four_way_skewed__c05_random_small_working_set.c,b14,four_way_skewed,c05,random_small_working_set,medium_L2,65536,3000000,value-dependent,temporal reuse (capacity-sensitive),grid
656,0656_grid_b14_four_way_skewed__c06_random_full_working_set.c,b14,four_way_skewed,c06,random_full_working_set,large_L3,1048576,5000000,value-dependent,capacity (uniform random),grid
657,0657_grid_b14_four_way_skewed__c07_matrix_row_major.c,b14,four_way_skewed,c07,matrix_row_major,xlarge_DRAM,8388608,8000000,value-dependent,mixed spatial (traversal-order dependent),grid
658,0658_grid_b14_four_way_skewed__c08_matrix_col_major.c,b14,four_way_skewed,c08,matrix_col_major,small_L1,4096,1000000,value-dependent,mixed spatial (traversal-order dependent),grid
659,0659_grid_b14_four_way_skewed__c09_matrix_tiled_blocked.c,b14,four_way_skewed,c09,matrix_tiled_blocked,medium_L2,65536,3000000,value-dependent,mixed spatial (traversal-order dependent),grid
660,0660_grid_b14_four_way_skewed__c10_pointer_chase_linked_list.c,b14,four_way_skewed,c10,pointer_chase_linked_list,large_L3,1048576,5000000,value-dependent,"compulsory+latency-bound (dependent loads, no prefetch)",grid
661,0661_grid_b14_four_way_skewed__c11_sliding_window.c,b14,four_way_skewed,c11,sliding_window,xlarge_DRAM,8388608,8000000,value-dependent,mixed/unclassified,grid
662,0662_grid_b14_four_way_skewed__c12_prime_stride_anti_alias.c,b14,four_way_skewed,c12,prime_stride_anti_alias,small_L1,4096,1000000,value-dependent,compulsory+streaming (prefetch-friendly),grid
663,0663_grid_b14_four_way_skewed__c13_two_stream_interleaved.c,b14,four_way_skewed,c13,two_stream_interleaved,medium_L2,65536,3000000,value-dependent,mixed/unclassified,grid
664,0664_grid_b14_four_way_skewed__c14_temporal_burst_reuse.c,b14,four_way_skewed,c14,temporal_burst_reuse,large_L3,1048576,5000000,value-dependent,mixed/unclassified,grid
665,0665_grid_b14_four_way_skewed__c15_reverse_sequential.c,b14,four_way_skewed,c15,reverse_sequential,xlarge_DRAM,8388608,8000000,value-dependent,compulsory+streaming (prefetch-friendly),grid
666,0666_grid_b14_four_way_skewed__c16_block_sparse.c,b14,four_way_skewed,c16,block_sparse,small_L1,4096,1000000,value-dependent,mixed spatial (traversal-order dependent),grid
667,0667_grid_b14_four_way_skewed__c17_zipf_like_hot_buckets.c,b14,four_way_skewed,c17,zipf_like_hot_buckets,medium_L2,65536,3000000,value-dependent,temporal reuse (skewed/hot-set),grid
668,0668_grid_b14_four_way_skewed__c18_producer_consumer_two_pointer.c,b14,four_way_skewed,c18,producer_consumer_two_pointer,large_L3,1048576,5000000,value-dependent,mixed/unclassified,grid
669,0669_grid_b14_four_way_skewed__c19_matrix_diagonal_wavefront.c,b14,four_way_skewed,c19,matrix_diagonal_wavefront,xlarge_DRAM,8388608,8000000,value-dependent,mixed spatial (traversal-order dependent),grid
670,0670_grid_b14_four_way_skewed__c20_hot_cold_phase_alternation.c,b14,four_way_skewed,c20,hot_cold_phase_alternation,small_L1,4096,1000000,value-dependent,temporal reuse (skewed/hot-set),grid
671,0671_grid_b14_four_way_skewed__c21_pyramid_multiresolution_stride.c,b14,four_way_skewed,c21,pyramid_multiresolution_stride,medium_L2,65536,3000000,value-dependent,compulsory+streaming (prefetch-friendly),grid
672,0672_grid_b14_four_way_skewed__c22_tensor_3d_slice_poor_locality.c,b14,four_way_skewed,c22,tensor_3d_slice_poor_locality,large_L3,1048576,5000000,value-dependent,mixed/unclassified,grid
673,0673_grid_b14_four_way_skewed__c23_struct_of_array_field_burst.c,b14,four_way_skewed,c23,struct_of_array_field_burst,xlarge_DRAM,8388608,8000000,value-dependent,compulsory+streaming (prefetch-friendly),grid
674,0674_grid_b14_four_way_skewed__c24_banked_interleaved_access.c,b14,four_way_skewed,c24,banked_interleaved_access,small_L1,4096,1000000,value-dependent,compulsory+streaming (prefetch-friendly),grid
675,0675_grid_b14_four_way_skewed__c25_lru_recency_weighted_reuse.c,b14,four_way_skewed,c25,lru_recency_weighted_reuse,medium_L2,65536,3000000,value-dependent,temporal reuse (capacity-sensitive),grid
676,0676_grid_b14_four_way_skewed__c26_geometric_stride_growth.c,b14,four_way_skewed,c26,geometric_stride_growth,large_L3,1048576,5000000,value-dependent,compulsory+streaming (prefetch-friendly),grid
677,0677_grid_b14_four_way_skewed__c27_reduction_broadcast_pattern.c,b14,four_way_skewed,c27,reduction_broadcast_pattern,xlarge_DRAM,8388608,8000000,value-dependent,compulsory+streaming (prefetch-friendly),grid
678,0678_grid_b14_four_way_skewed__c28_morton_zorder_traversal.c,b14,four_way_skewed,c28,morton_zorder_traversal,small_L1,4096,1000000,value-dependent,mixed spatial (traversal-order dependent),grid
679,0679_grid_b14_four_way_skewed__c29_ping_pong_cache_thrash.c,b14,four_way_skewed,c29,ping_pong_cache_thrash,medium_L2,65536,3000000,value-dependent,conflict/associativity,grid
680,0680_grid_b14_four_way_skewed__c30_gather_scatter_indirect_table.c,b14,four_way_skewed,c30,gather_scatter_indirect_table,large_L3,1048576,5000000,value-dependent,capacity (uniform random),grid
681,0681_grid_b14_four_way_skewed__c31_fibonacci_stride.c,b14,four_way_skewed,c31,fibonacci_stride,xlarge_DRAM,8388608,8000000,value-dependent,compulsory+streaming (prefetch-friendly),grid
682,0682_grid_b14_four_way_skewed__c32_hilbert_curve_traversal.c,b14,four_way_skewed,c32,hilbert_curve_traversal,small_L1,4096,1000000,value-dependent,mixed spatial (traversal-order dependent),grid
683,0683_grid_b14_four_way_skewed__c33_cache_set_conflict_stress.c,b14,four_way_skewed,c33,cache_set_conflict_stress,medium_L2,65536,3000000,value-dependent,conflict/associativity,grid
684,0684_grid_b14_four_way_skewed__c34_variable_length_burst_reuse.c,b14,four_way_skewed,c34,variable_length_burst_reuse,large_L3,1048576,5000000,value-dependent,capacity (uniform random),grid
685,0685_grid_b14_four_way_skewed__c35_checkerboard_red_black.c,b14,four_way_skewed,c35,checkerboard_red_black,xlarge_DRAM,8388608,8000000,value-dependent,mixed spatial (traversal-order dependent),grid
686,0686_grid_b14_four_way_skewed__c36_im2col_overlapping_patch_gather.c,b14,four_way_skewed,c36,im2col_overlapping_patch_gather,small_L1,4096,1000000,value-dependent,compulsory+streaming (prefetch-friendly),grid
687,0687_grid_b14_four_way_skewed__c37_double_buffer_epoch_alternation.c,b14,four_way_skewed,c37,double_buffer_epoch_alternation,medium_L2,65536,3000000,value-dependent,conflict+capacity (thrashing/alternation),grid
688,0688_grid_b14_four_way_skewed__c38_cuckoo_double_hash_probe.c,b14,four_way_skewed,c38,cuckoo_double_hash_probe,large_L3,1048576,5000000,value-dependent,capacity+compulsory (indirect gather/scatter),grid
689,0689_grid_b14_four_way_skewed__c39_bounded_random_walk.c,b14,four_way_skewed,c39,bounded_random_walk,xlarge_DRAM,8388608,8000000,value-dependent,capacity (uniform random),grid
690,0690_grid_b14_four_way_skewed__c40_causal_attention_triangular.c,b14,four_way_skewed,c40,causal_attention_triangular,small_L1,4096,1000000,value-dependent,mixed/unclassified,grid
691,0691_grid_b14_four_way_skewed__c41_skip_list_multilevel_hop.c,b14,four_way_skewed,c41,skip_list_multilevel_hop,medium_L2,65536,3000000,value-dependent,"compulsory+latency-bound (dependent loads, no prefetch)",grid
692,0692_grid_b14_four_way_skewed__c42_cache_oblivious_funnel_stride.c,b14,four_way_skewed,c42,cache_oblivious_funnel_stride,large_L3,1048576,5000000,value-dependent,compulsory+streaming (prefetch-friendly),grid
693,0693_grid_b14_four_way_skewed__c43_whole_buffer_rotation.c,b14,four_way_skewed,c43,whole_buffer_rotation,xlarge_DRAM,8388608,8000000,value-dependent,mixed/unclassified,grid
694,0694_grid_b14_four_way_skewed__c44_naive_gemm_row_col_alternation.c,b14,four_way_skewed,c44,naive_gemm_row_col_alternation,small_L1,4096,1000000,value-dependent,compulsory+streaming (prefetch-friendly),grid
695,0695_grid_b14_four_way_skewed__c45_read_hot_write_cold_split.c,b14,four_way_skewed,c45,read_hot_write_cold_split,medium_L2,65536,3000000,value-dependent,temporal reuse (skewed/hot-set),grid
696,0696_grid_b14_four_way_skewed__c46_cantor_gap_sparse.c,b14,four_way_skewed,c46,cantor_gap_sparse,large_L3,1048576,5000000,value-dependent,"compulsory (sparse, low reuse)",grid
697,0697_grid_b14_four_way_skewed__c47_false_sharing_line_cycle.c,b14,four_way_skewed,c47,false_sharing_line_cycle,xlarge_DRAM,8388608,8000000,value-dependent,conflict/associativity,grid
698,0698_grid_b14_four_way_skewed__c48_exponential_backoff_probe.c,b14,four_way_skewed,c48,exponential_backoff_probe,small_L1,4096,1000000,value-dependent,capacity (uniform random),grid
699,0699_grid_b14_four_way_skewed__c49_binary_heap_parent_child.c,b14,four_way_skewed,c49,binary_heap_parent_child,medium_L2,65536,3000000,value-dependent,capacity (uniform random),grid
700,0700_grid_b14_four_way_skewed__c50_streaming_with_periodic_flush.c,b14,four_way_skewed,c50,streaming_with_periodic_flush,large_L3,1048576,5000000,value-dependent,compulsory+streaming (prefetch-friendly),grid
701,0701_grid_b15_manual_unroll4_sparse__c01_sequential_unit_stride.c,b15,manual_unroll4_sparse,c01,sequential_unit_stride,large_L3,1048576,5000000,mixed/other,compulsory+streaming (prefetch-friendly),grid
702,0702_grid_b15_manual_unroll4_sparse__c02_sequential_wraparound_large.c,b15,manual_unroll4_sparse,c02,sequential_wraparound_large,xlarge_DRAM,8388608,8000000,mixed/other,compulsory+streaming (prefetch-friendly),grid
703,0703_grid_b15_manual_unroll4_sparse__c03_fixed_stride_small.c,b15,manual_unroll4_sparse,c03,fixed_stride_small,small_L1,4096,1000000,mixed/other,compulsory+streaming (prefetch-friendly),grid
704,0704_grid_b15_manual_unroll4_sparse__c04_fixed_stride_large.c,b15,manual_unroll4_sparse,c04,fixed_stride_large,medium_L2,65536,3000000,mixed/other,compulsory+streaming (prefetch-friendly),grid
705,0705_grid_b15_manual_unroll4_sparse__c05_random_small_working_set.c,b15,manual_unroll4_sparse,c05,random_small_working_set,large_L3,1048576,5000000,mixed/other,temporal reuse (capacity-sensitive),grid
706,0706_grid_b15_manual_unroll4_sparse__c06_random_full_working_set.c,b15,manual_unroll4_sparse,c06,random_full_working_set,xlarge_DRAM,8388608,8000000,mixed/other,capacity (uniform random),grid
707,0707_grid_b15_manual_unroll4_sparse__c07_matrix_row_major.c,b15,manual_unroll4_sparse,c07,matrix_row_major,small_L1,4096,1000000,mixed/other,mixed spatial (traversal-order dependent),grid
708,0708_grid_b15_manual_unroll4_sparse__c08_matrix_col_major.c,b15,manual_unroll4_sparse,c08,matrix_col_major,medium_L2,65536,3000000,mixed/other,mixed spatial (traversal-order dependent),grid
709,0709_grid_b15_manual_unroll4_sparse__c09_matrix_tiled_blocked.c,b15,manual_unroll4_sparse,c09,matrix_tiled_blocked,large_L3,1048576,5000000,mixed/other,mixed spatial (traversal-order dependent),grid
710,0710_grid_b15_manual_unroll4_sparse__c10_pointer_chase_linked_list.c,b15,manual_unroll4_sparse,c10,pointer_chase_linked_list,xlarge_DRAM,8388608,8000000,mixed/other,"compulsory+latency-bound (dependent loads, no prefetch)",grid
711,0711_grid_b15_manual_unroll4_sparse__c11_sliding_window.c,b15,manual_unroll4_sparse,c11,sliding_window,small_L1,4096,1000000,mixed/other,mixed/unclassified,grid
712,0712_grid_b15_manual_unroll4_sparse__c12_prime_stride_anti_alias.c,b15,manual_unroll4_sparse,c12,prime_stride_anti_alias,medium_L2,65536,3000000,mixed/other,compulsory+streaming (prefetch-friendly),grid
713,0713_grid_b15_manual_unroll4_sparse__c13_two_stream_interleaved.c,b15,manual_unroll4_sparse,c13,two_stream_interleaved,large_L3,1048576,5000000,mixed/other,mixed/unclassified,grid
714,0714_grid_b15_manual_unroll4_sparse__c14_temporal_burst_reuse.c,b15,manual_unroll4_sparse,c14,temporal_burst_reuse,xlarge_DRAM,8388608,8000000,mixed/other,mixed/unclassified,grid
715,0715_grid_b15_manual_unroll4_sparse__c15_reverse_sequential.c,b15,manual_unroll4_sparse,c15,reverse_sequential,small_L1,4096,1000000,mixed/other,compulsory+streaming (prefetch-friendly),grid
716,0716_grid_b15_manual_unroll4_sparse__c16_block_sparse.c,b15,manual_unroll4_sparse,c16,block_sparse,medium_L2,65536,3000000,mixed/other,mixed spatial (traversal-order dependent),grid
717,0717_grid_b15_manual_unroll4_sparse__c17_zipf_like_hot_buckets.c,b15,manual_unroll4_sparse,c17,zipf_like_hot_buckets,large_L3,1048576,5000000,mixed/other,temporal reuse (skewed/hot-set),grid
718,0718_grid_b15_manual_unroll4_sparse__c18_producer_consumer_two_pointer.c,b15,manual_unroll4_sparse,c18,producer_consumer_two_pointer,xlarge_DRAM,8388608,8000000,mixed/other,mixed/unclassified,grid
719,0719_grid_b15_manual_unroll4_sparse__c19_matrix_diagonal_wavefront.c,b15,manual_unroll4_sparse,c19,matrix_diagonal_wavefront,small_L1,4096,1000000,mixed/other,mixed spatial (traversal-order dependent),grid
720,0720_grid_b15_manual_unroll4_sparse__c20_hot_cold_phase_alternation.c,b15,manual_unroll4_sparse,c20,hot_cold_phase_alternation,medium_L2,65536,3000000,mixed/other,temporal reuse (skewed/hot-set),grid
721,0721_grid_b15_manual_unroll4_sparse__c21_pyramid_multiresolution_stride.c,b15,manual_unroll4_sparse,c21,pyramid_multiresolution_stride,large_L3,1048576,5000000,mixed/other,compulsory+streaming (prefetch-friendly),grid
722,0722_grid_b15_manual_unroll4_sparse__c22_tensor_3d_slice_poor_locality.c,b15,manual_unroll4_sparse,c22,tensor_3d_slice_poor_locality,xlarge_DRAM,8388608,8000000,mixed/other,mixed/unclassified,grid
723,0723_grid_b15_manual_unroll4_sparse__c23_struct_of_array_field_burst.c,b15,manual_unroll4_sparse,c23,struct_of_array_field_burst,small_L1,4096,1000000,mixed/other,compulsory+streaming (prefetch-friendly),grid
724,0724_grid_b15_manual_unroll4_sparse__c24_banked_interleaved_access.c,b15,manual_unroll4_sparse,c24,banked_interleaved_access,medium_L2,65536,3000000,mixed/other,compulsory+streaming (prefetch-friendly),grid
725,0725_grid_b15_manual_unroll4_sparse__c25_lru_recency_weighted_reuse.c,b15,manual_unroll4_sparse,c25,lru_recency_weighted_reuse,large_L3,1048576,5000000,mixed/other,temporal reuse (capacity-sensitive),grid
726,0726_grid_b15_manual_unroll4_sparse__c26_geometric_stride_growth.c,b15,manual_unroll4_sparse,c26,geometric_stride_growth,xlarge_DRAM,8388608,8000000,mixed/other,compulsory+streaming (prefetch-friendly),grid
727,0727_grid_b15_manual_unroll4_sparse__c27_reduction_broadcast_pattern.c,b15,manual_unroll4_sparse,c27,reduction_broadcast_pattern,small_L1,4096,1000000,mixed/other,compulsory+streaming (prefetch-friendly),grid
728,0728_grid_b15_manual_unroll4_sparse__c28_morton_zorder_traversal.c,b15,manual_unroll4_sparse,c28,morton_zorder_traversal,medium_L2,65536,3000000,mixed/other,mixed spatial (traversal-order dependent),grid
729,0729_grid_b15_manual_unroll4_sparse__c29_ping_pong_cache_thrash.c,b15,manual_unroll4_sparse,c29,ping_pong_cache_thrash,large_L3,1048576,5000000,mixed/other,conflict/associativity,grid
730,0730_grid_b15_manual_unroll4_sparse__c30_gather_scatter_indirect_table.c,b15,manual_unroll4_sparse,c30,gather_scatter_indirect_table,xlarge_DRAM,8388608,8000000,mixed/other,capacity (uniform random),grid
731,0731_grid_b15_manual_unroll4_sparse__c31_fibonacci_stride.c,b15,manual_unroll4_sparse,c31,fibonacci_stride,small_L1,4096,1000000,mixed/other,compulsory+streaming (prefetch-friendly),grid
732,0732_grid_b15_manual_unroll4_sparse__c32_hilbert_curve_traversal.c,b15,manual_unroll4_sparse,c32,hilbert_curve_traversal,medium_L2,65536,3000000,mixed/other,mixed spatial (traversal-order dependent),grid
733,0733_grid_b15_manual_unroll4_sparse__c33_cache_set_conflict_stress.c,b15,manual_unroll4_sparse,c33,cache_set_conflict_stress,large_L3,1048576,5000000,mixed/other,conflict/associativity,grid
734,0734_grid_b15_manual_unroll4_sparse__c34_variable_length_burst_reuse.c,b15,manual_unroll4_sparse,c34,variable_length_burst_reuse,xlarge_DRAM,8388608,8000000,mixed/other,capacity (uniform random),grid
735,0735_grid_b15_manual_unroll4_sparse__c35_checkerboard_red_black.c,b15,manual_unroll4_sparse,c35,checkerboard_red_black,small_L1,4096,1000000,mixed/other,mixed spatial (traversal-order dependent),grid
736,0736_grid_b15_manual_unroll4_sparse__c36_im2col_overlapping_patch_gather.c,b15,manual_unroll4_sparse,c36,im2col_overlapping_patch_gather,medium_L2,65536,3000000,mixed/other,compulsory+streaming (prefetch-friendly),grid
737,0737_grid_b15_manual_unroll4_sparse__c37_double_buffer_epoch_alternation.c,b15,manual_unroll4_sparse,c37,double_buffer_epoch_alternation,large_L3,1048576,5000000,mixed/other,conflict+capacity (thrashing/alternation),grid
738,0738_grid_b15_manual_unroll4_sparse__c38_cuckoo_double_hash_probe.c,b15,manual_unroll4_sparse,c38,cuckoo_double_hash_probe,xlarge_DRAM,8388608,8000000,mixed/other,capacity+compulsory (indirect gather/scatter),grid
739,0739_grid_b15_manual_unroll4_sparse__c39_bounded_random_walk.c,b15,manual_unroll4_sparse,c39,bounded_random_walk,small_L1,4096,1000000,mixed/other,capacity (uniform random),grid
740,0740_grid_b15_manual_unroll4_sparse__c40_causal_attention_triangular.c,b15,manual_unroll4_sparse,c40,causal_attention_triangular,medium_L2,65536,3000000,mixed/other,mixed/unclassified,grid
741,0741_grid_b15_manual_unroll4_sparse__c41_skip_list_multilevel_hop.c,b15,manual_unroll4_sparse,c41,skip_list_multilevel_hop,large_L3,1048576,5000000,mixed/other,"compulsory+latency-bound (dependent loads, no prefetch)",grid
742,0742_grid_b15_manual_unroll4_sparse__c42_cache_oblivious_funnel_stride.c,b15,manual_unroll4_sparse,c42,cache_oblivious_funnel_stride,xlarge_DRAM,8388608,8000000,mixed/other,compulsory+streaming (prefetch-friendly),grid
743,0743_grid_b15_manual_unroll4_sparse__c43_whole_buffer_rotation.c,b15,manual_unroll4_sparse,c43,whole_buffer_rotation,small_L1,4096,1000000,mixed/other,mixed/unclassified,grid
744,0744_grid_b15_manual_unroll4_sparse__c44_naive_gemm_row_col_alternation.c,b15,manual_unroll4_sparse,c44,naive_gemm_row_col_alternation,medium_L2,65536,3000000,mixed/other,compulsory+streaming (prefetch-friendly),grid
745,0745_grid_b15_manual_unroll4_sparse__c45_read_hot_write_cold_split.c,b15,manual_unroll4_sparse,c45,read_hot_write_cold_split,large_L3,1048576,5000000,mixed/other,temporal reuse (skewed/hot-set),grid
746,0746_grid_b15_manual_unroll4_sparse__c46_cantor_gap_sparse.c,b15,manual_unroll4_sparse,c46,cantor_gap_sparse,xlarge_DRAM,8388608,8000000,mixed/other,"compulsory (sparse, low reuse)",grid
747,0747_grid_b15_manual_unroll4_sparse__c47_false_sharing_line_cycle.c,b15,manual_unroll4_sparse,c47,false_sharing_line_cycle,small_L1,4096,1000000,mixed/other,conflict/associativity,grid
748,0748_grid_b15_manual_unroll4_sparse__c48_exponential_backoff_probe.c,b15,manual_unroll4_sparse,c48,exponential_backoff_probe,medium_L2,65536,3000000,mixed/other,capacity (uniform random),grid
749,0749_grid_b15_manual_unroll4_sparse__c49_binary_heap_parent_child.c,b15,manual_unroll4_sparse,c49,binary_heap_parent_child,large_L3,1048576,5000000,mixed/other,capacity (uniform random),grid
750,0750_grid_b15_manual_unroll4_sparse__c50_streaming_with_periodic_flush.c,b15,manual_unroll4_sparse,c50,streaming_with_periodic_flush,xlarge_DRAM,8388608,8000000,mixed/other,compulsory+streaming (prefetch-friendly),grid
751,0751_grid_b16_sentinel_search_loop__c01_sequential_unit_stride.c,b16,sentinel_search_loop,c01,sequential_unit_stride,xlarge_DRAM,8388608,8000000,value-dependent,compulsory+streaming (prefetch-friendly),grid
752,0752_grid_b16_sentinel_search_loop__c02_sequential_wraparound_large.c,b16,sentinel_search_loop,c02,sequential_wraparound_large,small_L1,4096,1000000,value-dependent,compulsory+streaming (prefetch-friendly),grid
753,0753_grid_b16_sentinel_search_loop__c03_fixed_stride_small.c,b16,sentinel_search_loop,c03,fixed_stride_small,medium_L2,65536,3000000,value-dependent,compulsory+streaming (prefetch-friendly),grid
754,0754_grid_b16_sentinel_search_loop__c04_fixed_stride_large.c,b16,sentinel_search_loop,c04,fixed_stride_large,large_L3,1048576,5000000,value-dependent,compulsory+streaming (prefetch-friendly),grid
755,0755_grid_b16_sentinel_search_loop__c05_random_small_working_set.c,b16,sentinel_search_loop,c05,random_small_working_set,xlarge_DRAM,8388608,8000000,value-dependent,temporal reuse (capacity-sensitive),grid
756,0756_grid_b16_sentinel_search_loop__c06_random_full_working_set.c,b16,sentinel_search_loop,c06,random_full_working_set,small_L1,4096,1000000,value-dependent,capacity (uniform random),grid
757,0757_grid_b16_sentinel_search_loop__c07_matrix_row_major.c,b16,sentinel_search_loop,c07,matrix_row_major,medium_L2,65536,3000000,value-dependent,mixed spatial (traversal-order dependent),grid
758,0758_grid_b16_sentinel_search_loop__c08_matrix_col_major.c,b16,sentinel_search_loop,c08,matrix_col_major,large_L3,1048576,5000000,value-dependent,mixed spatial (traversal-order dependent),grid
759,0759_grid_b16_sentinel_search_loop__c09_matrix_tiled_blocked.c,b16,sentinel_search_loop,c09,matrix_tiled_blocked,xlarge_DRAM,8388608,8000000,value-dependent,mixed spatial (traversal-order dependent),grid
760,0760_grid_b16_sentinel_search_loop__c10_pointer_chase_linked_list.c,b16,sentinel_search_loop,c10,pointer_chase_linked_list,small_L1,4096,1000000,value-dependent,"compulsory+latency-bound (dependent loads, no prefetch)",grid
761,0761_grid_b16_sentinel_search_loop__c11_sliding_window.c,b16,sentinel_search_loop,c11,sliding_window,medium_L2,65536,3000000,value-dependent,mixed/unclassified,grid
762,0762_grid_b16_sentinel_search_loop__c12_prime_stride_anti_alias.c,b16,sentinel_search_loop,c12,prime_stride_anti_alias,large_L3,1048576,5000000,value-dependent,compulsory+streaming (prefetch-friendly),grid
763,0763_grid_b16_sentinel_search_loop__c13_two_stream_interleaved.c,b16,sentinel_search_loop,c13,two_stream_interleaved,xlarge_DRAM,8388608,8000000,value-dependent,mixed/unclassified,grid
764,0764_grid_b16_sentinel_search_loop__c14_temporal_burst_reuse.c,b16,sentinel_search_loop,c14,temporal_burst_reuse,small_L1,4096,1000000,value-dependent,mixed/unclassified,grid
765,0765_grid_b16_sentinel_search_loop__c15_reverse_sequential.c,b16,sentinel_search_loop,c15,reverse_sequential,medium_L2,65536,3000000,value-dependent,compulsory+streaming (prefetch-friendly),grid
766,0766_grid_b16_sentinel_search_loop__c16_block_sparse.c,b16,sentinel_search_loop,c16,block_sparse,large_L3,1048576,5000000,value-dependent,mixed spatial (traversal-order dependent),grid
767,0767_grid_b16_sentinel_search_loop__c17_zipf_like_hot_buckets.c,b16,sentinel_search_loop,c17,zipf_like_hot_buckets,xlarge_DRAM,8388608,8000000,value-dependent,temporal reuse (skewed/hot-set),grid
768,0768_grid_b16_sentinel_search_loop__c18_producer_consumer_two_pointer.c,b16,sentinel_search_loop,c18,producer_consumer_two_pointer,small_L1,4096,1000000,value-dependent,mixed/unclassified,grid
769,0769_grid_b16_sentinel_search_loop__c19_matrix_diagonal_wavefront.c,b16,sentinel_search_loop,c19,matrix_diagonal_wavefront,medium_L2,65536,3000000,value-dependent,mixed spatial (traversal-order dependent),grid
770,0770_grid_b16_sentinel_search_loop__c20_hot_cold_phase_alternation.c,b16,sentinel_search_loop,c20,hot_cold_phase_alternation,large_L3,1048576,5000000,value-dependent,temporal reuse (skewed/hot-set),grid
771,0771_grid_b16_sentinel_search_loop__c21_pyramid_multiresolution_stride.c,b16,sentinel_search_loop,c21,pyramid_multiresolution_stride,xlarge_DRAM,8388608,8000000,value-dependent,compulsory+streaming (prefetch-friendly),grid
772,0772_grid_b16_sentinel_search_loop__c22_tensor_3d_slice_poor_locality.c,b16,sentinel_search_loop,c22,tensor_3d_slice_poor_locality,small_L1,4096,1000000,value-dependent,mixed/unclassified,grid
773,0773_grid_b16_sentinel_search_loop__c23_struct_of_array_field_burst.c,b16,sentinel_search_loop,c23,struct_of_array_field_burst,medium_L2,65536,3000000,value-dependent,compulsory+streaming (prefetch-friendly),grid
774,0774_grid_b16_sentinel_search_loop__c24_banked_interleaved_access.c,b16,sentinel_search_loop,c24,banked_interleaved_access,large_L3,1048576,5000000,value-dependent,compulsory+streaming (prefetch-friendly),grid
775,0775_grid_b16_sentinel_search_loop__c25_lru_recency_weighted_reuse.c,b16,sentinel_search_loop,c25,lru_recency_weighted_reuse,xlarge_DRAM,8388608,8000000,value-dependent,temporal reuse (capacity-sensitive),grid
776,0776_grid_b16_sentinel_search_loop__c26_geometric_stride_growth.c,b16,sentinel_search_loop,c26,geometric_stride_growth,small_L1,4096,1000000,value-dependent,compulsory+streaming (prefetch-friendly),grid
777,0777_grid_b16_sentinel_search_loop__c27_reduction_broadcast_pattern.c,b16,sentinel_search_loop,c27,reduction_broadcast_pattern,medium_L2,65536,3000000,value-dependent,compulsory+streaming (prefetch-friendly),grid
778,0778_grid_b16_sentinel_search_loop__c28_morton_zorder_traversal.c,b16,sentinel_search_loop,c28,morton_zorder_traversal,large_L3,1048576,5000000,value-dependent,mixed spatial (traversal-order dependent),grid
779,0779_grid_b16_sentinel_search_loop__c29_ping_pong_cache_thrash.c,b16,sentinel_search_loop,c29,ping_pong_cache_thrash,xlarge_DRAM,8388608,8000000,value-dependent,conflict/associativity,grid
780,0780_grid_b16_sentinel_search_loop__c30_gather_scatter_indirect_table.c,b16,sentinel_search_loop,c30,gather_scatter_indirect_table,small_L1,4096,1000000,value-dependent,capacity (uniform random),grid
781,0781_grid_b16_sentinel_search_loop__c31_fibonacci_stride.c,b16,sentinel_search_loop,c31,fibonacci_stride,medium_L2,65536,3000000,value-dependent,compulsory+streaming (prefetch-friendly),grid
782,0782_grid_b16_sentinel_search_loop__c32_hilbert_curve_traversal.c,b16,sentinel_search_loop,c32,hilbert_curve_traversal,large_L3,1048576,5000000,value-dependent,mixed spatial (traversal-order dependent),grid
783,0783_grid_b16_sentinel_search_loop__c33_cache_set_conflict_stress.c,b16,sentinel_search_loop,c33,cache_set_conflict_stress,xlarge_DRAM,8388608,8000000,value-dependent,conflict/associativity,grid
784,0784_grid_b16_sentinel_search_loop__c34_variable_length_burst_reuse.c,b16,sentinel_search_loop,c34,variable_length_burst_reuse,small_L1,4096,1000000,value-dependent,capacity (uniform random),grid
785,0785_grid_b16_sentinel_search_loop__c35_checkerboard_red_black.c,b16,sentinel_search_loop,c35,checkerboard_red_black,medium_L2,65536,3000000,value-dependent,mixed spatial (traversal-order dependent),grid
786,0786_grid_b16_sentinel_search_loop__c36_im2col_overlapping_patch_gather.c,b16,sentinel_search_loop,c36,im2col_overlapping_patch_gather,large_L3,1048576,5000000,value-dependent,compulsory+streaming (prefetch-friendly),grid
787,0787_grid_b16_sentinel_search_loop__c37_double_buffer_epoch_alternation.c,b16,sentinel_search_loop,c37,double_buffer_epoch_alternation,xlarge_DRAM,8388608,8000000,value-dependent,conflict+capacity (thrashing/alternation),grid
788,0788_grid_b16_sentinel_search_loop__c38_cuckoo_double_hash_probe.c,b16,sentinel_search_loop,c38,cuckoo_double_hash_probe,small_L1,4096,1000000,value-dependent,capacity+compulsory (indirect gather/scatter),grid
789,0789_grid_b16_sentinel_search_loop__c39_bounded_random_walk.c,b16,sentinel_search_loop,c39,bounded_random_walk,medium_L2,65536,3000000,value-dependent,capacity (uniform random),grid
790,0790_grid_b16_sentinel_search_loop__c40_causal_attention_triangular.c,b16,sentinel_search_loop,c40,causal_attention_triangular,large_L3,1048576,5000000,value-dependent,mixed/unclassified,grid
791,0791_grid_b16_sentinel_search_loop__c41_skip_list_multilevel_hop.c,b16,sentinel_search_loop,c41,skip_list_multilevel_hop,xlarge_DRAM,8388608,8000000,value-dependent,"compulsory+latency-bound (dependent loads, no prefetch)",grid
792,0792_grid_b16_sentinel_search_loop__c42_cache_oblivious_funnel_stride.c,b16,sentinel_search_loop,c42,cache_oblivious_funnel_stride,small_L1,4096,1000000,value-dependent,compulsory+streaming (prefetch-friendly),grid
793,0793_grid_b16_sentinel_search_loop__c43_whole_buffer_rotation.c,b16,sentinel_search_loop,c43,whole_buffer_rotation,medium_L2,65536,3000000,value-dependent,mixed/unclassified,grid
794,0794_grid_b16_sentinel_search_loop__c44_naive_gemm_row_col_alternation.c,b16,sentinel_search_loop,c44,naive_gemm_row_col_alternation,large_L3,1048576,5000000,value-dependent,compulsory+streaming (prefetch-friendly),grid
795,0795_grid_b16_sentinel_search_loop__c45_read_hot_write_cold_split.c,b16,sentinel_search_loop,c45,read_hot_write_cold_split,xlarge_DRAM,8388608,8000000,value-dependent,temporal reuse (skewed/hot-set),grid
796,0796_grid_b16_sentinel_search_loop__c46_cantor_gap_sparse.c,b16,sentinel_search_loop,c46,cantor_gap_sparse,small_L1,4096,1000000,value-dependent,"compulsory (sparse, low reuse)",grid
797,0797_grid_b16_sentinel_search_loop__c47_false_sharing_line_cycle.c,b16,sentinel_search_loop,c47,false_sharing_line_cycle,medium_L2,65536,3000000,value-dependent,conflict/associativity,grid
798,0798_grid_b16_sentinel_search_loop__c48_exponential_backoff_probe.c,b16,sentinel_search_loop,c48,exponential_backoff_probe,large_L3,1048576,5000000,value-dependent,capacity (uniform random),grid
799,0799_grid_b16_sentinel_search_loop__c49_binary_heap_parent_child.c,b16,sentinel_search_loop,c49,binary_heap_parent_child,xlarge_DRAM,8388608,8000000,value-dependent,capacity (uniform random),grid
800,0800_grid_b16_sentinel_search_loop__c50_streaming_with_periodic_flush.c,b16,sentinel_search_loop,c50,streaming_with_periodic_flush,small_L1,4096,1000000,value-dependent,compulsory+streaming (prefetch-friendly),grid
801,0801_grid_b17_correlated_two_branch_xor__c01_sequential_unit_stride.c,b17,correlated_two_branch_xor,c01,sequential_unit_stride,small_L1,4096,1000000,history-correlated,compulsory+streaming (prefetch-friendly),grid
802,0802_grid_b17_correlated_two_branch_xor__c02_sequential_wraparound_large.c,b17,correlated_two_branch_xor,c02,sequential_wraparound_large,medium_L2,65536,3000000,history-correlated,compulsory+streaming (prefetch-friendly),grid
803,0803_grid_b17_correlated_two_branch_xor__c03_fixed_stride_small.c,b17,correlated_two_branch_xor,c03,fixed_stride_small,large_L3,1048576,5000000,history-correlated,compulsory+streaming (prefetch-friendly),grid
804,0804_grid_b17_correlated_two_branch_xor__c04_fixed_stride_large.c,b17,correlated_two_branch_xor,c04,fixed_stride_large,xlarge_DRAM,8388608,8000000,history-correlated,compulsory+streaming (prefetch-friendly),grid
805,0805_grid_b17_correlated_two_branch_xor__c05_random_small_working_set.c,b17,correlated_two_branch_xor,c05,random_small_working_set,small_L1,4096,1000000,history-correlated,temporal reuse (capacity-sensitive),grid
806,0806_grid_b17_correlated_two_branch_xor__c06_random_full_working_set.c,b17,correlated_two_branch_xor,c06,random_full_working_set,medium_L2,65536,3000000,history-correlated,capacity (uniform random),grid
807,0807_grid_b17_correlated_two_branch_xor__c07_matrix_row_major.c,b17,correlated_two_branch_xor,c07,matrix_row_major,large_L3,1048576,5000000,history-correlated,mixed spatial (traversal-order dependent),grid
808,0808_grid_b17_correlated_two_branch_xor__c08_matrix_col_major.c,b17,correlated_two_branch_xor,c08,matrix_col_major,xlarge_DRAM,8388608,8000000,history-correlated,mixed spatial (traversal-order dependent),grid
809,0809_grid_b17_correlated_two_branch_xor__c09_matrix_tiled_blocked.c,b17,correlated_two_branch_xor,c09,matrix_tiled_blocked,small_L1,4096,1000000,history-correlated,mixed spatial (traversal-order dependent),grid
810,0810_grid_b17_correlated_two_branch_xor__c10_pointer_chase_linked_list.c,b17,correlated_two_branch_xor,c10,pointer_chase_linked_list,medium_L2,65536,3000000,history-correlated,"compulsory+latency-bound (dependent loads, no prefetch)",grid
811,0811_grid_b17_correlated_two_branch_xor__c11_sliding_window.c,b17,correlated_two_branch_xor,c11,sliding_window,large_L3,1048576,5000000,history-correlated,mixed/unclassified,grid
812,0812_grid_b17_correlated_two_branch_xor__c12_prime_stride_anti_alias.c,b17,correlated_two_branch_xor,c12,prime_stride_anti_alias,xlarge_DRAM,8388608,8000000,history-correlated,compulsory+streaming (prefetch-friendly),grid
813,0813_grid_b17_correlated_two_branch_xor__c13_two_stream_interleaved.c,b17,correlated_two_branch_xor,c13,two_stream_interleaved,small_L1,4096,1000000,history-correlated,mixed/unclassified,grid
814,0814_grid_b17_correlated_two_branch_xor__c14_temporal_burst_reuse.c,b17,correlated_two_branch_xor,c14,temporal_burst_reuse,medium_L2,65536,3000000,history-correlated,mixed/unclassified,grid
815,0815_grid_b17_correlated_two_branch_xor__c15_reverse_sequential.c,b17,correlated_two_branch_xor,c15,reverse_sequential,large_L3,1048576,5000000,history-correlated,compulsory+streaming (prefetch-friendly),grid
816,0816_grid_b17_correlated_two_branch_xor__c16_block_sparse.c,b17,correlated_two_branch_xor,c16,block_sparse,xlarge_DRAM,8388608,8000000,history-correlated,mixed spatial (traversal-order dependent),grid
817,0817_grid_b17_correlated_two_branch_xor__c17_zipf_like_hot_buckets.c,b17,correlated_two_branch_xor,c17,zipf_like_hot_buckets,small_L1,4096,1000000,history-correlated,temporal reuse (skewed/hot-set),grid
818,0818_grid_b17_correlated_two_branch_xor__c18_producer_consumer_two_pointer.c,b17,correlated_two_branch_xor,c18,producer_consumer_two_pointer,medium_L2,65536,3000000,history-correlated,mixed/unclassified,grid
819,0819_grid_b17_correlated_two_branch_xor__c19_matrix_diagonal_wavefront.c,b17,correlated_two_branch_xor,c19,matrix_diagonal_wavefront,large_L3,1048576,5000000,history-correlated,mixed spatial (traversal-order dependent),grid
820,0820_grid_b17_correlated_two_branch_xor__c20_hot_cold_phase_alternation.c,b17,correlated_two_branch_xor,c20,hot_cold_phase_alternation,xlarge_DRAM,8388608,8000000,history-correlated,temporal reuse (skewed/hot-set),grid
821,0821_grid_b17_correlated_two_branch_xor__c21_pyramid_multiresolution_stride.c,b17,correlated_two_branch_xor,c21,pyramid_multiresolution_stride,small_L1,4096,1000000,history-correlated,compulsory+streaming (prefetch-friendly),grid
822,0822_grid_b17_correlated_two_branch_xor__c22_tensor_3d_slice_poor_locality.c,b17,correlated_two_branch_xor,c22,tensor_3d_slice_poor_locality,medium_L2,65536,3000000,history-correlated,mixed/unclassified,grid
823,0823_grid_b17_correlated_two_branch_xor__c23_struct_of_array_field_burst.c,b17,correlated_two_branch_xor,c23,struct_of_array_field_burst,large_L3,1048576,5000000,history-correlated,compulsory+streaming (prefetch-friendly),grid
824,0824_grid_b17_correlated_two_branch_xor__c24_banked_interleaved_access.c,b17,correlated_two_branch_xor,c24,banked_interleaved_access,xlarge_DRAM,8388608,8000000,history-correlated,compulsory+streaming (prefetch-friendly),grid
825,0825_grid_b17_correlated_two_branch_xor__c25_lru_recency_weighted_reuse.c,b17,correlated_two_branch_xor,c25,lru_recency_weighted_reuse,small_L1,4096,1000000,history-correlated,temporal reuse (capacity-sensitive),grid
826,0826_grid_b17_correlated_two_branch_xor__c26_geometric_stride_growth.c,b17,correlated_two_branch_xor,c26,geometric_stride_growth,medium_L2,65536,3000000,history-correlated,compulsory+streaming (prefetch-friendly),grid
827,0827_grid_b17_correlated_two_branch_xor__c27_reduction_broadcast_pattern.c,b17,correlated_two_branch_xor,c27,reduction_broadcast_pattern,large_L3,1048576,5000000,history-correlated,compulsory+streaming (prefetch-friendly),grid
828,0828_grid_b17_correlated_two_branch_xor__c28_morton_zorder_traversal.c,b17,correlated_two_branch_xor,c28,morton_zorder_traversal,xlarge_DRAM,8388608,8000000,history-correlated,mixed spatial (traversal-order dependent),grid
829,0829_grid_b17_correlated_two_branch_xor__c29_ping_pong_cache_thrash.c,b17,correlated_two_branch_xor,c29,ping_pong_cache_thrash,small_L1,4096,1000000,history-correlated,conflict/associativity,grid
830,0830_grid_b17_correlated_two_branch_xor__c30_gather_scatter_indirect_table.c,b17,correlated_two_branch_xor,c30,gather_scatter_indirect_table,medium_L2,65536,3000000,history-correlated,capacity (uniform random),grid
831,0831_grid_b17_correlated_two_branch_xor__c31_fibonacci_stride.c,b17,correlated_two_branch_xor,c31,fibonacci_stride,large_L3,1048576,5000000,history-correlated,compulsory+streaming (prefetch-friendly),grid
832,0832_grid_b17_correlated_two_branch_xor__c32_hilbert_curve_traversal.c,b17,correlated_two_branch_xor,c32,hilbert_curve_traversal,xlarge_DRAM,8388608,8000000,history-correlated,mixed spatial (traversal-order dependent),grid
833,0833_grid_b17_correlated_two_branch_xor__c33_cache_set_conflict_stress.c,b17,correlated_two_branch_xor,c33,cache_set_conflict_stress,small_L1,4096,1000000,history-correlated,conflict/associativity,grid
834,0834_grid_b17_correlated_two_branch_xor__c34_variable_length_burst_reuse.c,b17,correlated_two_branch_xor,c34,variable_length_burst_reuse,medium_L2,65536,3000000,history-correlated,capacity (uniform random),grid
835,0835_grid_b17_correlated_two_branch_xor__c35_checkerboard_red_black.c,b17,correlated_two_branch_xor,c35,checkerboard_red_black,large_L3,1048576,5000000,history-correlated,mixed spatial (traversal-order dependent),grid
836,0836_grid_b17_correlated_two_branch_xor__c36_im2col_overlapping_patch_gather.c,b17,correlated_two_branch_xor,c36,im2col_overlapping_patch_gather,xlarge_DRAM,8388608,8000000,history-correlated,compulsory+streaming (prefetch-friendly),grid
837,0837_grid_b17_correlated_two_branch_xor__c37_double_buffer_epoch_alternation.c,b17,correlated_two_branch_xor,c37,double_buffer_epoch_alternation,small_L1,4096,1000000,history-correlated,conflict+capacity (thrashing/alternation),grid
838,0838_grid_b17_correlated_two_branch_xor__c38_cuckoo_double_hash_probe.c,b17,correlated_two_branch_xor,c38,cuckoo_double_hash_probe,medium_L2,65536,3000000,history-correlated,capacity+compulsory (indirect gather/scatter),grid
839,0839_grid_b17_correlated_two_branch_xor__c39_bounded_random_walk.c,b17,correlated_two_branch_xor,c39,bounded_random_walk,large_L3,1048576,5000000,history-correlated,capacity (uniform random),grid
840,0840_grid_b17_correlated_two_branch_xor__c40_causal_attention_triangular.c,b17,correlated_two_branch_xor,c40,causal_attention_triangular,xlarge_DRAM,8388608,8000000,history-correlated,mixed/unclassified,grid
841,0841_grid_b17_correlated_two_branch_xor__c41_skip_list_multilevel_hop.c,b17,correlated_two_branch_xor,c41,skip_list_multilevel_hop,small_L1,4096,1000000,history-correlated,"compulsory+latency-bound (dependent loads, no prefetch)",grid
842,0842_grid_b17_correlated_two_branch_xor__c42_cache_oblivious_funnel_stride.c,b17,correlated_two_branch_xor,c42,cache_oblivious_funnel_stride,medium_L2,65536,3000000,history-correlated,compulsory+streaming (prefetch-friendly),grid
843,0843_grid_b17_correlated_two_branch_xor__c43_whole_buffer_rotation.c,b17,correlated_two_branch_xor,c43,whole_buffer_rotation,large_L3,1048576,5000000,history-correlated,mixed/unclassified,grid
844,0844_grid_b17_correlated_two_branch_xor__c44_naive_gemm_row_col_alternation.c,b17,correlated_two_branch_xor,c44,naive_gemm_row_col_alternation,xlarge_DRAM,8388608,8000000,history-correlated,compulsory+streaming (prefetch-friendly),grid
845,0845_grid_b17_correlated_two_branch_xor__c45_read_hot_write_cold_split.c,b17,correlated_two_branch_xor,c45,read_hot_write_cold_split,small_L1,4096,1000000,history-correlated,temporal reuse (skewed/hot-set),grid
846,0846_grid_b17_correlated_two_branch_xor__c46_cantor_gap_sparse.c,b17,correlated_two_branch_xor,c46,cantor_gap_sparse,medium_L2,65536,3000000,history-correlated,"compulsory (sparse, low reuse)",grid
847,0847_grid_b17_correlated_two_branch_xor__c47_false_sharing_line_cycle.c,b17,correlated_two_branch_xor,c47,false_sharing_line_cycle,large_L3,1048576,5000000,history-correlated,conflict/associativity,grid
848,0848_grid_b17_correlated_two_branch_xor__c48_exponential_backoff_probe.c,b17,correlated_two_branch_xor,c48,exponential_backoff_probe,xlarge_DRAM,8388608,8000000,history-correlated,capacity (uniform random),grid
849,0849_grid_b17_correlated_two_branch_xor__c49_binary_heap_parent_child.c,b17,correlated_two_branch_xor,c49,binary_heap_parent_child,small_L1,4096,1000000,history-correlated,capacity (uniform random),grid
850,0850_grid_b17_correlated_two_branch_xor__c50_streaming_with_periodic_flush.c,b17,correlated_two_branch_xor,c50,streaming_with_periodic_flush,medium_L2,65536,3000000,history-correlated,compulsory+streaming (prefetch-friendly),grid
851,0851_grid_b18_indirect_fn_dispatch__c01_sequential_unit_stride.c,b18,indirect_fn_dispatch,c01,sequential_unit_stride,medium_L2,65536,3000000,control-flow/call-return,compulsory+streaming (prefetch-friendly),grid
852,0852_grid_b18_indirect_fn_dispatch__c02_sequential_wraparound_large.c,b18,indirect_fn_dispatch,c02,sequential_wraparound_large,large_L3,1048576,5000000,control-flow/call-return,compulsory+streaming (prefetch-friendly),grid
853,0853_grid_b18_indirect_fn_dispatch__c03_fixed_stride_small.c,b18,indirect_fn_dispatch,c03,fixed_stride_small,xlarge_DRAM,8388608,8000000,control-flow/call-return,compulsory+streaming (prefetch-friendly),grid
854,0854_grid_b18_indirect_fn_dispatch__c04_fixed_stride_large.c,b18,indirect_fn_dispatch,c04,fixed_stride_large,small_L1,4096,1000000,control-flow/call-return,compulsory+streaming (prefetch-friendly),grid
855,0855_grid_b18_indirect_fn_dispatch__c05_random_small_working_set.c,b18,indirect_fn_dispatch,c05,random_small_working_set,medium_L2,65536,3000000,control-flow/call-return,temporal reuse (capacity-sensitive),grid
856,0856_grid_b18_indirect_fn_dispatch__c06_random_full_working_set.c,b18,indirect_fn_dispatch,c06,random_full_working_set,large_L3,1048576,5000000,control-flow/call-return,capacity (uniform random),grid
857,0857_grid_b18_indirect_fn_dispatch__c07_matrix_row_major.c,b18,indirect_fn_dispatch,c07,matrix_row_major,xlarge_DRAM,8388608,8000000,control-flow/call-return,mixed spatial (traversal-order dependent),grid
858,0858_grid_b18_indirect_fn_dispatch__c08_matrix_col_major.c,b18,indirect_fn_dispatch,c08,matrix_col_major,small_L1,4096,1000000,control-flow/call-return,mixed spatial (traversal-order dependent),grid
859,0859_grid_b18_indirect_fn_dispatch__c09_matrix_tiled_blocked.c,b18,indirect_fn_dispatch,c09,matrix_tiled_blocked,medium_L2,65536,3000000,control-flow/call-return,mixed spatial (traversal-order dependent),grid
860,0860_grid_b18_indirect_fn_dispatch__c10_pointer_chase_linked_list.c,b18,indirect_fn_dispatch,c10,pointer_chase_linked_list,large_L3,1048576,5000000,control-flow/call-return,"compulsory+latency-bound (dependent loads, no prefetch)",grid
861,0861_grid_b18_indirect_fn_dispatch__c11_sliding_window.c,b18,indirect_fn_dispatch,c11,sliding_window,xlarge_DRAM,8388608,8000000,control-flow/call-return,mixed/unclassified,grid
862,0862_grid_b18_indirect_fn_dispatch__c12_prime_stride_anti_alias.c,b18,indirect_fn_dispatch,c12,prime_stride_anti_alias,small_L1,4096,1000000,control-flow/call-return,compulsory+streaming (prefetch-friendly),grid
863,0863_grid_b18_indirect_fn_dispatch__c13_two_stream_interleaved.c,b18,indirect_fn_dispatch,c13,two_stream_interleaved,medium_L2,65536,3000000,control-flow/call-return,mixed/unclassified,grid
864,0864_grid_b18_indirect_fn_dispatch__c14_temporal_burst_reuse.c,b18,indirect_fn_dispatch,c14,temporal_burst_reuse,large_L3,1048576,5000000,control-flow/call-return,mixed/unclassified,grid
865,0865_grid_b18_indirect_fn_dispatch__c15_reverse_sequential.c,b18,indirect_fn_dispatch,c15,reverse_sequential,xlarge_DRAM,8388608,8000000,control-flow/call-return,compulsory+streaming (prefetch-friendly),grid
866,0866_grid_b18_indirect_fn_dispatch__c16_block_sparse.c,b18,indirect_fn_dispatch,c16,block_sparse,small_L1,4096,1000000,control-flow/call-return,mixed spatial (traversal-order dependent),grid
867,0867_grid_b18_indirect_fn_dispatch__c17_zipf_like_hot_buckets.c,b18,indirect_fn_dispatch,c17,zipf_like_hot_buckets,medium_L2,65536,3000000,control-flow/call-return,temporal reuse (skewed/hot-set),grid
868,0868_grid_b18_indirect_fn_dispatch__c18_producer_consumer_two_pointer.c,b18,indirect_fn_dispatch,c18,producer_consumer_two_pointer,large_L3,1048576,5000000,control-flow/call-return,mixed/unclassified,grid
869,0869_grid_b18_indirect_fn_dispatch__c19_matrix_diagonal_wavefront.c,b18,indirect_fn_dispatch,c19,matrix_diagonal_wavefront,xlarge_DRAM,8388608,8000000,control-flow/call-return,mixed spatial (traversal-order dependent),grid
870,0870_grid_b18_indirect_fn_dispatch__c20_hot_cold_phase_alternation.c,b18,indirect_fn_dispatch,c20,hot_cold_phase_alternation,small_L1,4096,1000000,control-flow/call-return,temporal reuse (skewed/hot-set),grid
871,0871_grid_b18_indirect_fn_dispatch__c21_pyramid_multiresolution_stride.c,b18,indirect_fn_dispatch,c21,pyramid_multiresolution_stride,medium_L2,65536,3000000,control-flow/call-return,compulsory+streaming (prefetch-friendly),grid
872,0872_grid_b18_indirect_fn_dispatch__c22_tensor_3d_slice_poor_locality.c,b18,indirect_fn_dispatch,c22,tensor_3d_slice_poor_locality,large_L3,1048576,5000000,control-flow/call-return,mixed/unclassified,grid
873,0873_grid_b18_indirect_fn_dispatch__c23_struct_of_array_field_burst.c,b18,indirect_fn_dispatch,c23,struct_of_array_field_burst,xlarge_DRAM,8388608,8000000,control-flow/call-return,compulsory+streaming (prefetch-friendly),grid
874,0874_grid_b18_indirect_fn_dispatch__c24_banked_interleaved_access.c,b18,indirect_fn_dispatch,c24,banked_interleaved_access,small_L1,4096,1000000,control-flow/call-return,compulsory+streaming (prefetch-friendly),grid
875,0875_grid_b18_indirect_fn_dispatch__c25_lru_recency_weighted_reuse.c,b18,indirect_fn_dispatch,c25,lru_recency_weighted_reuse,medium_L2,65536,3000000,control-flow/call-return,temporal reuse (capacity-sensitive),grid
876,0876_grid_b18_indirect_fn_dispatch__c26_geometric_stride_growth.c,b18,indirect_fn_dispatch,c26,geometric_stride_growth,large_L3,1048576,5000000,control-flow/call-return,compulsory+streaming (prefetch-friendly),grid
877,0877_grid_b18_indirect_fn_dispatch__c27_reduction_broadcast_pattern.c,b18,indirect_fn_dispatch,c27,reduction_broadcast_pattern,xlarge_DRAM,8388608,8000000,control-flow/call-return,compulsory+streaming (prefetch-friendly),grid
878,0878_grid_b18_indirect_fn_dispatch__c28_morton_zorder_traversal.c,b18,indirect_fn_dispatch,c28,morton_zorder_traversal,small_L1,4096,1000000,control-flow/call-return,mixed spatial (traversal-order dependent),grid
879,0879_grid_b18_indirect_fn_dispatch__c29_ping_pong_cache_thrash.c,b18,indirect_fn_dispatch,c29,ping_pong_cache_thrash,medium_L2,65536,3000000,control-flow/call-return,conflict/associativity,grid
880,0880_grid_b18_indirect_fn_dispatch__c30_gather_scatter_indirect_table.c,b18,indirect_fn_dispatch,c30,gather_scatter_indirect_table,large_L3,1048576,5000000,control-flow/call-return,capacity (uniform random),grid
881,0881_grid_b18_indirect_fn_dispatch__c31_fibonacci_stride.c,b18,indirect_fn_dispatch,c31,fibonacci_stride,xlarge_DRAM,8388608,8000000,control-flow/call-return,compulsory+streaming (prefetch-friendly),grid
882,0882_grid_b18_indirect_fn_dispatch__c32_hilbert_curve_traversal.c,b18,indirect_fn_dispatch,c32,hilbert_curve_traversal,small_L1,4096,1000000,control-flow/call-return,mixed spatial (traversal-order dependent),grid
883,0883_grid_b18_indirect_fn_dispatch__c33_cache_set_conflict_stress.c,b18,indirect_fn_dispatch,c33,cache_set_conflict_stress,medium_L2,65536,3000000,control-flow/call-return,conflict/associativity,grid
884,0884_grid_b18_indirect_fn_dispatch__c34_variable_length_burst_reuse.c,b18,indirect_fn_dispatch,c34,variable_length_burst_reuse,large_L3,1048576,5000000,control-flow/call-return,capacity (uniform random),grid
885,0885_grid_b18_indirect_fn_dispatch__c35_checkerboard_red_black.c,b18,indirect_fn_dispatch,c35,checkerboard_red_black,xlarge_DRAM,8388608,8000000,control-flow/call-return,mixed spatial (traversal-order dependent),grid
886,0886_grid_b18_indirect_fn_dispatch__c36_im2col_overlapping_patch_gather.c,b18,indirect_fn_dispatch,c36,im2col_overlapping_patch_gather,small_L1,4096,1000000,control-flow/call-return,compulsory+streaming (prefetch-friendly),grid
887,0887_grid_b18_indirect_fn_dispatch__c37_double_buffer_epoch_alternation.c,b18,indirect_fn_dispatch,c37,double_buffer_epoch_alternation,medium_L2,65536,3000000,control-flow/call-return,conflict+capacity (thrashing/alternation),grid
888,0888_grid_b18_indirect_fn_dispatch__c38_cuckoo_double_hash_probe.c,b18,indirect_fn_dispatch,c38,cuckoo_double_hash_probe,large_L3,1048576,5000000,control-flow/call-return,capacity+compulsory (indirect gather/scatter),grid
889,0889_grid_b18_indirect_fn_dispatch__c39_bounded_random_walk.c,b18,indirect_fn_dispatch,c39,bounded_random_walk,xlarge_DRAM,8388608,8000000,control-flow/call-return,capacity (uniform random),grid
890,0890_grid_b18_indirect_fn_dispatch__c40_causal_attention_triangular.c,b18,indirect_fn_dispatch,c40,causal_attention_triangular,small_L1,4096,1000000,control-flow/call-return,mixed/unclassified,grid
891,0891_grid_b18_indirect_fn_dispatch__c41_skip_list_multilevel_hop.c,b18,indirect_fn_dispatch,c41,skip_list_multilevel_hop,medium_L2,65536,3000000,control-flow/call-return,"compulsory+latency-bound (dependent loads, no prefetch)",grid
892,0892_grid_b18_indirect_fn_dispatch__c42_cache_oblivious_funnel_stride.c,b18,indirect_fn_dispatch,c42,cache_oblivious_funnel_stride,large_L3,1048576,5000000,control-flow/call-return,compulsory+streaming (prefetch-friendly),grid
893,0893_grid_b18_indirect_fn_dispatch__c43_whole_buffer_rotation.c,b18,indirect_fn_dispatch,c43,whole_buffer_rotation,xlarge_DRAM,8388608,8000000,control-flow/call-return,mixed/unclassified,grid
894,0894_grid_b18_indirect_fn_dispatch__c44_naive_gemm_row_col_alternation.c,b18,indirect_fn_dispatch,c44,naive_gemm_row_col_alternation,small_L1,4096,1000000,control-flow/call-return,compulsory+streaming (prefetch-friendly),grid
895,0895_grid_b18_indirect_fn_dispatch__c45_read_hot_write_cold_split.c,b18,indirect_fn_dispatch,c45,read_hot_write_cold_split,medium_L2,65536,3000000,control-flow/call-return,temporal reuse (skewed/hot-set),grid
896,0896_grid_b18_indirect_fn_dispatch__c46_cantor_gap_sparse.c,b18,indirect_fn_dispatch,c46,cantor_gap_sparse,large_L3,1048576,5000000,control-flow/call-return,"compulsory (sparse, low reuse)",grid
897,0897_grid_b18_indirect_fn_dispatch__c47_false_sharing_line_cycle.c,b18,indirect_fn_dispatch,c47,false_sharing_line_cycle,xlarge_DRAM,8388608,8000000,control-flow/call-return,conflict/associativity,grid
898,0898_grid_b18_indirect_fn_dispatch__c48_exponential_backoff_probe.c,b18,indirect_fn_dispatch,c48,exponential_backoff_probe,small_L1,4096,1000000,control-flow/call-return,capacity (uniform random),grid
899,0899_grid_b18_indirect_fn_dispatch__c49_binary_heap_parent_child.c,b18,indirect_fn_dispatch,c49,binary_heap_parent_child,medium_L2,65536,3000000,control-flow/call-return,capacity (uniform random),grid
900,0900_grid_b18_indirect_fn_dispatch__c50_streaming_with_periodic_flush.c,b18,indirect_fn_dispatch,c50,streaming_with_periodic_flush,large_L3,1048576,5000000,control-flow/call-return,compulsory+streaming (prefetch-friendly),grid
901,0901_grid_b19_data_dependent_break_trip__c01_sequential_unit_stride.c,b19,data_dependent_break_trip,c01,sequential_unit_stride,large_L3,1048576,5000000,mixed/other,compulsory+streaming (prefetch-friendly),grid
902,0902_grid_b19_data_dependent_break_trip__c02_sequential_wraparound_large.c,b19,data_dependent_break_trip,c02,sequential_wraparound_large,xlarge_DRAM,8388608,8000000,mixed/other,compulsory+streaming (prefetch-friendly),grid
903,0903_grid_b19_data_dependent_break_trip__c03_fixed_stride_small.c,b19,data_dependent_break_trip,c03,fixed_stride_small,small_L1,4096,1000000,mixed/other,compulsory+streaming (prefetch-friendly),grid
904,0904_grid_b19_data_dependent_break_trip__c04_fixed_stride_large.c,b19,data_dependent_break_trip,c04,fixed_stride_large,medium_L2,65536,3000000,mixed/other,compulsory+streaming (prefetch-friendly),grid
905,0905_grid_b19_data_dependent_break_trip__c05_random_small_working_set.c,b19,data_dependent_break_trip,c05,random_small_working_set,large_L3,1048576,5000000,mixed/other,temporal reuse (capacity-sensitive),grid
906,0906_grid_b19_data_dependent_break_trip__c06_random_full_working_set.c,b19,data_dependent_break_trip,c06,random_full_working_set,xlarge_DRAM,8388608,8000000,mixed/other,capacity (uniform random),grid
907,0907_grid_b19_data_dependent_break_trip__c07_matrix_row_major.c,b19,data_dependent_break_trip,c07,matrix_row_major,small_L1,4096,1000000,mixed/other,mixed spatial (traversal-order dependent),grid
908,0908_grid_b19_data_dependent_break_trip__c08_matrix_col_major.c,b19,data_dependent_break_trip,c08,matrix_col_major,medium_L2,65536,3000000,mixed/other,mixed spatial (traversal-order dependent),grid
909,0909_grid_b19_data_dependent_break_trip__c09_matrix_tiled_blocked.c,b19,data_dependent_break_trip,c09,matrix_tiled_blocked,large_L3,1048576,5000000,mixed/other,mixed spatial (traversal-order dependent),grid
910,0910_grid_b19_data_dependent_break_trip__c10_pointer_chase_linked_list.c,b19,data_dependent_break_trip,c10,pointer_chase_linked_list,xlarge_DRAM,8388608,8000000,mixed/other,"compulsory+latency-bound (dependent loads, no prefetch)",grid
911,0911_grid_b19_data_dependent_break_trip__c11_sliding_window.c,b19,data_dependent_break_trip,c11,sliding_window,small_L1,4096,1000000,mixed/other,mixed/unclassified,grid
912,0912_grid_b19_data_dependent_break_trip__c12_prime_stride_anti_alias.c,b19,data_dependent_break_trip,c12,prime_stride_anti_alias,medium_L2,65536,3000000,mixed/other,compulsory+streaming (prefetch-friendly),grid
913,0913_grid_b19_data_dependent_break_trip__c13_two_stream_interleaved.c,b19,data_dependent_break_trip,c13,two_stream_interleaved,large_L3,1048576,5000000,mixed/other,mixed/unclassified,grid
914,0914_grid_b19_data_dependent_break_trip__c14_temporal_burst_reuse.c,b19,data_dependent_break_trip,c14,temporal_burst_reuse,xlarge_DRAM,8388608,8000000,mixed/other,mixed/unclassified,grid
915,0915_grid_b19_data_dependent_break_trip__c15_reverse_sequential.c,b19,data_dependent_break_trip,c15,reverse_sequential,small_L1,4096,1000000,mixed/other,compulsory+streaming (prefetch-friendly),grid
916,0916_grid_b19_data_dependent_break_trip__c16_block_sparse.c,b19,data_dependent_break_trip,c16,block_sparse,medium_L2,65536,3000000,mixed/other,mixed spatial (traversal-order dependent),grid
917,0917_grid_b19_data_dependent_break_trip__c17_zipf_like_hot_buckets.c,b19,data_dependent_break_trip,c17,zipf_like_hot_buckets,large_L3,1048576,5000000,mixed/other,temporal reuse (skewed/hot-set),grid
918,0918_grid_b19_data_dependent_break_trip__c18_producer_consumer_two_pointer.c,b19,data_dependent_break_trip,c18,producer_consumer_two_pointer,xlarge_DRAM,8388608,8000000,mixed/other,mixed/unclassified,grid
919,0919_grid_b19_data_dependent_break_trip__c19_matrix_diagonal_wavefront.c,b19,data_dependent_break_trip,c19,matrix_diagonal_wavefront,small_L1,4096,1000000,mixed/other,mixed spatial (traversal-order dependent),grid
920,0920_grid_b19_data_dependent_break_trip__c20_hot_cold_phase_alternation.c,b19,data_dependent_break_trip,c20,hot_cold_phase_alternation,medium_L2,65536,3000000,mixed/other,temporal reuse (skewed/hot-set),grid
921,0921_grid_b19_data_dependent_break_trip__c21_pyramid_multiresolution_stride.c,b19,data_dependent_break_trip,c21,pyramid_multiresolution_stride,large_L3,1048576,5000000,mixed/other,compulsory+streaming (prefetch-friendly),grid
922,0922_grid_b19_data_dependent_break_trip__c22_tensor_3d_slice_poor_locality.c,b19,data_dependent_break_trip,c22,tensor_3d_slice_poor_locality,xlarge_DRAM,8388608,8000000,mixed/other,mixed/unclassified,grid
923,0923_grid_b19_data_dependent_break_trip__c23_struct_of_array_field_burst.c,b19,data_dependent_break_trip,c23,struct_of_array_field_burst,small_L1,4096,1000000,mixed/other,compulsory+streaming (prefetch-friendly),grid
924,0924_grid_b19_data_dependent_break_trip__c24_banked_interleaved_access.c,b19,data_dependent_break_trip,c24,banked_interleaved_access,medium_L2,65536,3000000,mixed/other,compulsory+streaming (prefetch-friendly),grid
925,0925_grid_b19_data_dependent_break_trip__c25_lru_recency_weighted_reuse.c,b19,data_dependent_break_trip,c25,lru_recency_weighted_reuse,large_L3,1048576,5000000,mixed/other,temporal reuse (capacity-sensitive),grid
926,0926_grid_b19_data_dependent_break_trip__c26_geometric_stride_growth.c,b19,data_dependent_break_trip,c26,geometric_stride_growth,xlarge_DRAM,8388608,8000000,mixed/other,compulsory+streaming (prefetch-friendly),grid
927,0927_grid_b19_data_dependent_break_trip__c27_reduction_broadcast_pattern.c,b19,data_dependent_break_trip,c27,reduction_broadcast_pattern,small_L1,4096,1000000,mixed/other,compulsory+streaming (prefetch-friendly),grid
928,0928_grid_b19_data_dependent_break_trip__c28_morton_zorder_traversal.c,b19,data_dependent_break_trip,c28,morton_zorder_traversal,medium_L2,65536,3000000,mixed/other,mixed spatial (traversal-order dependent),grid
929,0929_grid_b19_data_dependent_break_trip__c29_ping_pong_cache_thrash.c,b19,data_dependent_break_trip,c29,ping_pong_cache_thrash,large_L3,1048576,5000000,mixed/other,conflict/associativity,grid
930,0930_grid_b19_data_dependent_break_trip__c30_gather_scatter_indirect_table.c,b19,data_dependent_break_trip,c30,gather_scatter_indirect_table,xlarge_DRAM,8388608,8000000,mixed/other,capacity (uniform random),grid
931,0931_grid_b19_data_dependent_break_trip__c31_fibonacci_stride.c,b19,data_dependent_break_trip,c31,fibonacci_stride,small_L1,4096,1000000,mixed/other,compulsory+streaming (prefetch-friendly),grid
932,0932_grid_b19_data_dependent_break_trip__c32_hilbert_curve_traversal.c,b19,data_dependent_break_trip,c32,hilbert_curve_traversal,medium_L2,65536,3000000,mixed/other,mixed spatial (traversal-order dependent),grid
933,0933_grid_b19_data_dependent_break_trip__c33_cache_set_conflict_stress.c,b19,data_dependent_break_trip,c33,cache_set_conflict_stress,large_L3,1048576,5000000,mixed/other,conflict/associativity,grid
934,0934_grid_b19_data_dependent_break_trip__c34_variable_length_burst_reuse.c,b19,data_dependent_break_trip,c34,variable_length_burst_reuse,xlarge_DRAM,8388608,8000000,mixed/other,capacity (uniform random),grid
935,0935_grid_b19_data_dependent_break_trip__c35_checkerboard_red_black.c,b19,data_dependent_break_trip,c35,checkerboard_red_black,small_L1,4096,1000000,mixed/other,mixed spatial (traversal-order dependent),grid
936,0936_grid_b19_data_dependent_break_trip__c36_im2col_overlapping_patch_gather.c,b19,data_dependent_break_trip,c36,im2col_overlapping_patch_gather,medium_L2,65536,3000000,mixed/other,compulsory+streaming (prefetch-friendly),grid
937,0937_grid_b19_data_dependent_break_trip__c37_double_buffer_epoch_alternation.c,b19,data_dependent_break_trip,c37,double_buffer_epoch_alternation,large_L3,1048576,5000000,mixed/other,conflict+capacity (thrashing/alternation),grid
938,0938_grid_b19_data_dependent_break_trip__c38_cuckoo_double_hash_probe.c,b19,data_dependent_break_trip,c38,cuckoo_double_hash_probe,xlarge_DRAM,8388608,8000000,mixed/other,capacity+compulsory (indirect gather/scatter),grid
939,0939_grid_b19_data_dependent_break_trip__c39_bounded_random_walk.c,b19,data_dependent_break_trip,c39,bounded_random_walk,small_L1,4096,1000000,mixed/other,capacity (uniform random),grid
940,0940_grid_b19_data_dependent_break_trip__c40_causal_attention_triangular.c,b19,data_dependent_break_trip,c40,causal_attention_triangular,medium_L2,65536,3000000,mixed/other,mixed/unclassified,grid
941,0941_grid_b19_data_dependent_break_trip__c41_skip_list_multilevel_hop.c,b19,data_dependent_break_trip,c41,skip_list_multilevel_hop,large_L3,1048576,5000000,mixed/other,"compulsory+latency-bound (dependent loads, no prefetch)",grid
942,0942_grid_b19_data_dependent_break_trip__c42_cache_oblivious_funnel_stride.c,b19,data_dependent_break_trip,c42,cache_oblivious_funnel_stride,xlarge_DRAM,8388608,8000000,mixed/other,compulsory+streaming (prefetch-friendly),grid
943,0943_grid_b19_data_dependent_break_trip__c43_whole_buffer_rotation.c,b19,data_dependent_break_trip,c43,whole_buffer_rotation,small_L1,4096,1000000,mixed/other,mixed/unclassified,grid
944,0944_grid_b19_data_dependent_break_trip__c44_naive_gemm_row_col_alternation.c,b19,data_dependent_break_trip,c44,naive_gemm_row_col_alternation,medium_L2,65536,3000000,mixed/other,compulsory+streaming (prefetch-friendly),grid
945,0945_grid_b19_data_dependent_break_trip__c45_read_hot_write_cold_split.c,b19,data_dependent_break_trip,c45,read_hot_write_cold_split,large_L3,1048576,5000000,mixed/other,temporal reuse (skewed/hot-set),grid
946,0946_grid_b19_data_dependent_break_trip__c46_cantor_gap_sparse.c,b19,data_dependent_break_trip,c46,cantor_gap_sparse,xlarge_DRAM,8388608,8000000,mixed/other,"compulsory (sparse, low reuse)",grid
947,0947_grid_b19_data_dependent_break_trip__c47_false_sharing_line_cycle.c,b19,data_dependent_break_trip,c47,false_sharing_line_cycle,small_L1,4096,1000000,mixed/other,conflict/associativity,grid
948,0948_grid_b19_data_dependent_break_trip__c48_exponential_backoff_probe.c,b19,data_dependent_break_trip,c48,exponential_backoff_probe,medium_L2,65536,3000000,mixed/other,capacity (uniform random),grid
949,0949_grid_b19_data_dependent_break_trip__c49_binary_heap_parent_child.c,b19,data_dependent_break_trip,c49,binary_heap_parent_child,large_L3,1048576,5000000,mixed/other,capacity (uniform random),grid
950,0950_grid_b19_data_dependent_break_trip__c50_streaming_with_periodic_flush.c,b19,data_dependent_break_trip,c50,streaming_with_periodic_flush,xlarge_DRAM,8388608,8000000,mixed/other,compulsory+streaming (prefetch-friendly),grid
951,0951_grid_b20_random_threshold_walk__c01_sequential_unit_stride.c,b20,random_threshold_walk,c01,sequential_unit_stride,xlarge_DRAM,8388608,8000000,stochastic,compulsory+streaming (prefetch-friendly),grid
952,0952_grid_b20_random_threshold_walk__c02_sequential_wraparound_large.c,b20,random_threshold_walk,c02,sequential_wraparound_large,small_L1,4096,1000000,stochastic,compulsory+streaming (prefetch-friendly),grid
953,0953_grid_b20_random_threshold_walk__c03_fixed_stride_small.c,b20,random_threshold_walk,c03,fixed_stride_small,medium_L2,65536,3000000,stochastic,compulsory+streaming (prefetch-friendly),grid
954,0954_grid_b20_random_threshold_walk__c04_fixed_stride_large.c,b20,random_threshold_walk,c04,fixed_stride_large,large_L3,1048576,5000000,stochastic,compulsory+streaming (prefetch-friendly),grid
955,0955_grid_b20_random_threshold_walk__c05_random_small_working_set.c,b20,random_threshold_walk,c05,random_small_working_set,xlarge_DRAM,8388608,8000000,stochastic,temporal reuse (capacity-sensitive),grid
956,0956_grid_b20_random_threshold_walk__c06_random_full_working_set.c,b20,random_threshold_walk,c06,random_full_working_set,small_L1,4096,1000000,stochastic,capacity (uniform random),grid
957,0957_grid_b20_random_threshold_walk__c07_matrix_row_major.c,b20,random_threshold_walk,c07,matrix_row_major,medium_L2,65536,3000000,stochastic,mixed spatial (traversal-order dependent),grid
958,0958_grid_b20_random_threshold_walk__c08_matrix_col_major.c,b20,random_threshold_walk,c08,matrix_col_major,large_L3,1048576,5000000,stochastic,mixed spatial (traversal-order dependent),grid
959,0959_grid_b20_random_threshold_walk__c09_matrix_tiled_blocked.c,b20,random_threshold_walk,c09,matrix_tiled_blocked,xlarge_DRAM,8388608,8000000,stochastic,mixed spatial (traversal-order dependent),grid
960,0960_grid_b20_random_threshold_walk__c10_pointer_chase_linked_list.c,b20,random_threshold_walk,c10,pointer_chase_linked_list,small_L1,4096,1000000,stochastic,"compulsory+latency-bound (dependent loads, no prefetch)",grid
961,0961_grid_b20_random_threshold_walk__c11_sliding_window.c,b20,random_threshold_walk,c11,sliding_window,medium_L2,65536,3000000,stochastic,mixed/unclassified,grid
962,0962_grid_b20_random_threshold_walk__c12_prime_stride_anti_alias.c,b20,random_threshold_walk,c12,prime_stride_anti_alias,large_L3,1048576,5000000,stochastic,compulsory+streaming (prefetch-friendly),grid
963,0963_grid_b20_random_threshold_walk__c13_two_stream_interleaved.c,b20,random_threshold_walk,c13,two_stream_interleaved,xlarge_DRAM,8388608,8000000,stochastic,mixed/unclassified,grid
964,0964_grid_b20_random_threshold_walk__c14_temporal_burst_reuse.c,b20,random_threshold_walk,c14,temporal_burst_reuse,small_L1,4096,1000000,stochastic,mixed/unclassified,grid
965,0965_grid_b20_random_threshold_walk__c15_reverse_sequential.c,b20,random_threshold_walk,c15,reverse_sequential,medium_L2,65536,3000000,stochastic,compulsory+streaming (prefetch-friendly),grid
966,0966_grid_b20_random_threshold_walk__c16_block_sparse.c,b20,random_threshold_walk,c16,block_sparse,large_L3,1048576,5000000,stochastic,mixed spatial (traversal-order dependent),grid
967,0967_grid_b20_random_threshold_walk__c17_zipf_like_hot_buckets.c,b20,random_threshold_walk,c17,zipf_like_hot_buckets,xlarge_DRAM,8388608,8000000,stochastic,temporal reuse (skewed/hot-set),grid
968,0968_grid_b20_random_threshold_walk__c18_producer_consumer_two_pointer.c,b20,random_threshold_walk,c18,producer_consumer_two_pointer,small_L1,4096,1000000,stochastic,mixed/unclassified,grid
969,0969_grid_b20_random_threshold_walk__c19_matrix_diagonal_wavefront.c,b20,random_threshold_walk,c19,matrix_diagonal_wavefront,medium_L2,65536,3000000,stochastic,mixed spatial (traversal-order dependent),grid
970,0970_grid_b20_random_threshold_walk__c20_hot_cold_phase_alternation.c,b20,random_threshold_walk,c20,hot_cold_phase_alternation,large_L3,1048576,5000000,stochastic,temporal reuse (skewed/hot-set),grid
971,0971_grid_b20_random_threshold_walk__c21_pyramid_multiresolution_stride.c,b20,random_threshold_walk,c21,pyramid_multiresolution_stride,xlarge_DRAM,8388608,8000000,stochastic,compulsory+streaming (prefetch-friendly),grid
972,0972_grid_b20_random_threshold_walk__c22_tensor_3d_slice_poor_locality.c,b20,random_threshold_walk,c22,tensor_3d_slice_poor_locality,small_L1,4096,1000000,stochastic,mixed/unclassified,grid
973,0973_grid_b20_random_threshold_walk__c23_struct_of_array_field_burst.c,b20,random_threshold_walk,c23,struct_of_array_field_burst,medium_L2,65536,3000000,stochastic,compulsory+streaming (prefetch-friendly),grid
974,0974_grid_b20_random_threshold_walk__c24_banked_interleaved_access.c,b20,random_threshold_walk,c24,banked_interleaved_access,large_L3,1048576,5000000,stochastic,compulsory+streaming (prefetch-friendly),grid
975,0975_grid_b20_random_threshold_walk__c25_lru_recency_weighted_reuse.c,b20,random_threshold_walk,c25,lru_recency_weighted_reuse,xlarge_DRAM,8388608,8000000,stochastic,temporal reuse (capacity-sensitive),grid
976,0976_grid_b20_random_threshold_walk__c26_geometric_stride_growth.c,b20,random_threshold_walk,c26,geometric_stride_growth,small_L1,4096,1000000,stochastic,compulsory+streaming (prefetch-friendly),grid
977,0977_grid_b20_random_threshold_walk__c27_reduction_broadcast_pattern.c,b20,random_threshold_walk,c27,reduction_broadcast_pattern,medium_L2,65536,3000000,stochastic,compulsory+streaming (prefetch-friendly),grid
978,0978_grid_b20_random_threshold_walk__c28_morton_zorder_traversal.c,b20,random_threshold_walk,c28,morton_zorder_traversal,large_L3,1048576,5000000,stochastic,mixed spatial (traversal-order dependent),grid
979,0979_grid_b20_random_threshold_walk__c29_ping_pong_cache_thrash.c,b20,random_threshold_walk,c29,ping_pong_cache_thrash,xlarge_DRAM,8388608,8000000,stochastic,conflict/associativity,grid
980,0980_grid_b20_random_threshold_walk__c30_gather_scatter_indirect_table.c,b20,random_threshold_walk,c30,gather_scatter_indirect_table,small_L1,4096,1000000,stochastic,capacity (uniform random),grid
981,0981_grid_b20_random_threshold_walk__c31_fibonacci_stride.c,b20,random_threshold_walk,c31,fibonacci_stride,medium_L2,65536,3000000,stochastic,compulsory+streaming (prefetch-friendly),grid
982,0982_grid_b20_random_threshold_walk__c32_hilbert_curve_traversal.c,b20,random_threshold_walk,c32,hilbert_curve_traversal,large_L3,1048576,5000000,stochastic,mixed spatial (traversal-order dependent),grid
983,0983_grid_b20_random_threshold_walk__c33_cache_set_conflict_stress.c,b20,random_threshold_walk,c33,cache_set_conflict_stress,xlarge_DRAM,8388608,8000000,stochastic,conflict/associativity,grid
984,0984_grid_b20_random_threshold_walk__c34_variable_length_burst_reuse.c,b20,random_threshold_walk,c34,variable_length_burst_reuse,small_L1,4096,1000000,stochastic,capacity (uniform random),grid
985,0985_grid_b20_random_threshold_walk__c35_checkerboard_red_black.c,b20,random_threshold_walk,c35,checkerboard_red_black,medium_L2,65536,3000000,stochastic,mixed spatial (traversal-order dependent),grid
986,0986_grid_b20_random_threshold_walk__c36_im2col_overlapping_patch_gather.c,b20,random_threshold_walk,c36,im2col_overlapping_patch_gather,large_L3,1048576,5000000,stochastic,compulsory+streaming (prefetch-friendly),grid
987,0987_grid_b20_random_threshold_walk__c37_double_buffer_epoch_alternation.c,b20,random_threshold_walk,c37,double_buffer_epoch_alternation,xlarge_DRAM,8388608,8000000,stochastic,conflict+capacity (thrashing/alternation),grid
988,0988_grid_b20_random_threshold_walk__c38_cuckoo_double_hash_probe.c,b20,random_threshold_walk,c38,cuckoo_double_hash_probe,small_L1,4096,1000000,stochastic,capacity+compulsory (indirect gather/scatter),grid
989,0989_grid_b20_random_threshold_walk__c39_bounded_random_walk.c,b20,random_threshold_walk,c39,bounded_random_walk,medium_L2,65536,3000000,stochastic,capacity (uniform random),grid
990,0990_grid_b20_random_threshold_walk__c40_causal_attention_triangular.c,b20,random_threshold_walk,c40,causal_attention_triangular,large_L3,1048576,5000000,stochastic,mixed/unclassified,grid
991,0991_grid_b20_random_threshold_walk__c41_skip_list_multilevel_hop.c,b20,random_threshold_walk,c41,skip_list_multilevel_hop,xlarge_DRAM,8388608,8000000,stochastic,"compulsory+latency-bound (dependent loads, no prefetch)",grid
992,0992_grid_b20_random_threshold_walk__c42_cache_oblivious_funnel_stride.c,b20,random_threshold_walk,c42,cache_oblivious_funnel_stride,small_L1,4096,1000000,stochastic,compulsory+streaming (prefetch-friendly),grid
993,0993_grid_b20_random_threshold_walk__c43_whole_buffer_rotation.c,b20,random_threshold_walk,c43,whole_buffer_rotation,medium_L2,65536,3000000,stochastic,mixed/unclassified,grid
994,0994_grid_b20_random_threshold_walk__c44_naive_gemm_row_col_alternation.c,b20,random_threshold_walk,c44,naive_gemm_row_col_alternation,large_L3,1048576,5000000,stochastic,compulsory+streaming (prefetch-friendly),grid
995,0995_grid_b20_random_threshold_walk__c45_read_hot_write_cold_split.c,b20,random_threshold_walk,c45,read_hot_write_cold_split,xlarge_DRAM,8388608,8000000,stochastic,temporal reuse (skewed/hot-set),grid
996,0996_grid_b20_random_threshold_walk__c46_cantor_gap_sparse.c,b20,random_threshold_walk,c46,cantor_gap_sparse,small_L1,4096,1000000,stochastic,"compulsory (sparse, low reuse)",grid
997,0997_grid_b20_random_threshold_walk__c47_false_sharing_line_cycle.c,b20,random_threshold_walk,c47,false_sharing_line_cycle,medium_L2,65536,3000000,stochastic,conflict/associativity,grid
998,0998_grid_b20_random_threshold_walk__c48_exponential_backoff_probe.c,b20,random_threshold_walk,c48,exponential_backoff_probe,large_L3,1048576,5000000,stochastic,capacity (uniform random),grid
999,0999_grid_b20_random_threshold_walk__c49_binary_heap_parent_child.c,b20,random_threshold_walk,c49,binary_heap_parent_child,xlarge_DRAM,8388608,8000000,stochastic,capacity (uniform random),grid
1000,1000_grid_b20_random_threshold_walk__c50_streaming_with_periodic_flush.c,b20,random_threshold_walk,c50,streaming_with_periodic_flush,small_L1,4096,1000000,stochastic,compulsory+streaming (prefetch-friendly),grid
1001,1001_grid_b21_loop_carried_running_state__c01_sequential_unit_stride.c,b21,loop_carried_running_state,c01,sequential_unit_stride,small_L1,4096,1000000,value-dependent,compulsory+streaming (prefetch-friendly),grid
1002,1002_grid_b21_loop_carried_running_state__c02_sequential_wraparound_large.c,b21,loop_carried_running_state,c02,sequential_wraparound_large,medium_L2,65536,3000000,value-dependent,compulsory+streaming (prefetch-friendly),grid
1003,1003_grid_b21_loop_carried_running_state__c03_fixed_stride_small.c,b21,loop_carried_running_state,c03,fixed_stride_small,large_L3,1048576,5000000,value-dependent,compulsory+streaming (prefetch-friendly),grid
1004,1004_grid_b21_loop_carried_running_state__c04_fixed_stride_large.c,b21,loop_carried_running_state,c04,fixed_stride_large,xlarge_DRAM,8388608,8000000,value-dependent,compulsory+streaming (prefetch-friendly),grid
1005,1005_grid_b21_loop_carried_running_state__c05_random_small_working_set.c,b21,loop_carried_running_state,c05,random_small_working_set,small_L1,4096,1000000,value-dependent,temporal reuse (capacity-sensitive),grid
1006,1006_grid_b21_loop_carried_running_state__c06_random_full_working_set.c,b21,loop_carried_running_state,c06,random_full_working_set,medium_L2,65536,3000000,value-dependent,capacity (uniform random),grid
1007,1007_grid_b21_loop_carried_running_state__c07_matrix_row_major.c,b21,loop_carried_running_state,c07,matrix_row_major,large_L3,1048576,5000000,value-dependent,mixed spatial (traversal-order dependent),grid
1008,1008_grid_b21_loop_carried_running_state__c08_matrix_col_major.c,b21,loop_carried_running_state,c08,matrix_col_major,xlarge_DRAM,8388608,8000000,value-dependent,mixed spatial (traversal-order dependent),grid
1009,1009_grid_b21_loop_carried_running_state__c09_matrix_tiled_blocked.c,b21,loop_carried_running_state,c09,matrix_tiled_blocked,small_L1,4096,1000000,value-dependent,mixed spatial (traversal-order dependent),grid
1010,1010_grid_b21_loop_carried_running_state__c10_pointer_chase_linked_list.c,b21,loop_carried_running_state,c10,pointer_chase_linked_list,medium_L2,65536,3000000,value-dependent,"compulsory+latency-bound (dependent loads, no prefetch)",grid
1011,1011_grid_b21_loop_carried_running_state__c11_sliding_window.c,b21,loop_carried_running_state,c11,sliding_window,large_L3,1048576,5000000,value-dependent,mixed/unclassified,grid
1012,1012_grid_b21_loop_carried_running_state__c12_prime_stride_anti_alias.c,b21,loop_carried_running_state,c12,prime_stride_anti_alias,xlarge_DRAM,8388608,8000000,value-dependent,compulsory+streaming (prefetch-friendly),grid
1013,1013_grid_b21_loop_carried_running_state__c13_two_stream_interleaved.c,b21,loop_carried_running_state,c13,two_stream_interleaved,small_L1,4096,1000000,value-dependent,mixed/unclassified,grid
1014,1014_grid_b21_loop_carried_running_state__c14_temporal_burst_reuse.c,b21,loop_carried_running_state,c14,temporal_burst_reuse,medium_L2,65536,3000000,value-dependent,mixed/unclassified,grid
1015,1015_grid_b21_loop_carried_running_state__c15_reverse_sequential.c,b21,loop_carried_running_state,c15,reverse_sequential,large_L3,1048576,5000000,value-dependent,compulsory+streaming (prefetch-friendly),grid
1016,1016_grid_b21_loop_carried_running_state__c16_block_sparse.c,b21,loop_carried_running_state,c16,block_sparse,xlarge_DRAM,8388608,8000000,value-dependent,mixed spatial (traversal-order dependent),grid
1017,1017_grid_b21_loop_carried_running_state__c17_zipf_like_hot_buckets.c,b21,loop_carried_running_state,c17,zipf_like_hot_buckets,small_L1,4096,1000000,value-dependent,temporal reuse (skewed/hot-set),grid
1018,1018_grid_b21_loop_carried_running_state__c18_producer_consumer_two_pointer.c,b21,loop_carried_running_state,c18,producer_consumer_two_pointer,medium_L2,65536,3000000,value-dependent,mixed/unclassified,grid
1019,1019_grid_b21_loop_carried_running_state__c19_matrix_diagonal_wavefront.c,b21,loop_carried_running_state,c19,matrix_diagonal_wavefront,large_L3,1048576,5000000,value-dependent,mixed spatial (traversal-order dependent),grid
1020,1020_grid_b21_loop_carried_running_state__c20_hot_cold_phase_alternation.c,b21,loop_carried_running_state,c20,hot_cold_phase_alternation,xlarge_DRAM,8388608,8000000,value-dependent,temporal reuse (skewed/hot-set),grid
1021,1021_grid_b21_loop_carried_running_state__c21_pyramid_multiresolution_stride.c,b21,loop_carried_running_state,c21,pyramid_multiresolution_stride,small_L1,4096,1000000,value-dependent,compulsory+streaming (prefetch-friendly),grid
1022,1022_grid_b21_loop_carried_running_state__c22_tensor_3d_slice_poor_locality.c,b21,loop_carried_running_state,c22,tensor_3d_slice_poor_locality,medium_L2,65536,3000000,value-dependent,mixed/unclassified,grid
1023,1023_grid_b21_loop_carried_running_state__c23_struct_of_array_field_burst.c,b21,loop_carried_running_state,c23,struct_of_array_field_burst,large_L3,1048576,5000000,value-dependent,compulsory+streaming (prefetch-friendly),grid
1024,1024_grid_b21_loop_carried_running_state__c24_banked_interleaved_access.c,b21,loop_carried_running_state,c24,banked_interleaved_access,xlarge_DRAM,8388608,8000000,value-dependent,compulsory+streaming (prefetch-friendly),grid
1025,1025_grid_b21_loop_carried_running_state__c25_lru_recency_weighted_reuse.c,b21,loop_carried_running_state,c25,lru_recency_weighted_reuse,small_L1,4096,1000000,value-dependent,temporal reuse (capacity-sensitive),grid
1026,1026_grid_b21_loop_carried_running_state__c26_geometric_stride_growth.c,b21,loop_carried_running_state,c26,geometric_stride_growth,medium_L2,65536,3000000,value-dependent,compulsory+streaming (prefetch-friendly),grid
1027,1027_grid_b21_loop_carried_running_state__c27_reduction_broadcast_pattern.c,b21,loop_carried_running_state,c27,reduction_broadcast_pattern,large_L3,1048576,5000000,value-dependent,compulsory+streaming (prefetch-friendly),grid
1028,1028_grid_b21_loop_carried_running_state__c28_morton_zorder_traversal.c,b21,loop_carried_running_state,c28,morton_zorder_traversal,xlarge_DRAM,8388608,8000000,value-dependent,mixed spatial (traversal-order dependent),grid
1029,1029_grid_b21_loop_carried_running_state__c29_ping_pong_cache_thrash.c,b21,loop_carried_running_state,c29,ping_pong_cache_thrash,small_L1,4096,1000000,value-dependent,conflict/associativity,grid
1030,1030_grid_b21_loop_carried_running_state__c30_gather_scatter_indirect_table.c,b21,loop_carried_running_state,c30,gather_scatter_indirect_table,medium_L2,65536,3000000,value-dependent,capacity (uniform random),grid
1031,1031_grid_b21_loop_carried_running_state__c31_fibonacci_stride.c,b21,loop_carried_running_state,c31,fibonacci_stride,large_L3,1048576,5000000,value-dependent,compulsory+streaming (prefetch-friendly),grid
1032,1032_grid_b21_loop_carried_running_state__c32_hilbert_curve_traversal.c,b21,loop_carried_running_state,c32,hilbert_curve_traversal,xlarge_DRAM,8388608,8000000,value-dependent,mixed spatial (traversal-order dependent),grid
1033,1033_grid_b21_loop_carried_running_state__c33_cache_set_conflict_stress.c,b21,loop_carried_running_state,c33,cache_set_conflict_stress,small_L1,4096,1000000,value-dependent,conflict/associativity,grid
1034,1034_grid_b21_loop_carried_running_state__c34_variable_length_burst_reuse.c,b21,loop_carried_running_state,c34,variable_length_burst_reuse,medium_L2,65536,3000000,value-dependent,capacity (uniform random),grid
1035,1035_grid_b21_loop_carried_running_state__c35_checkerboard_red_black.c,b21,loop_carried_running_state,c35,checkerboard_red_black,large_L3,1048576,5000000,value-dependent,mixed spatial (traversal-order dependent),grid
1036,1036_grid_b21_loop_carried_running_state__c36_im2col_overlapping_patch_gather.c,b21,loop_carried_running_state,c36,im2col_overlapping_patch_gather,xlarge_DRAM,8388608,8000000,value-dependent,compulsory+streaming (prefetch-friendly),grid
1037,1037_grid_b21_loop_carried_running_state__c37_double_buffer_epoch_alternation.c,b21,loop_carried_running_state,c37,double_buffer_epoch_alternation,small_L1,4096,1000000,value-dependent,conflict+capacity (thrashing/alternation),grid
1038,1038_grid_b21_loop_carried_running_state__c38_cuckoo_double_hash_probe.c,b21,loop_carried_running_state,c38,cuckoo_double_hash_probe,medium_L2,65536,3000000,value-dependent,capacity+compulsory (indirect gather/scatter),grid
1039,1039_grid_b21_loop_carried_running_state__c39_bounded_random_walk.c,b21,loop_carried_running_state,c39,bounded_random_walk,large_L3,1048576,5000000,value-dependent,capacity (uniform random),grid
1040,1040_grid_b21_loop_carried_running_state__c40_causal_attention_triangular.c,b21,loop_carried_running_state,c40,causal_attention_triangular,xlarge_DRAM,8388608,8000000,value-dependent,mixed/unclassified,grid
1041,1041_grid_b21_loop_carried_running_state__c41_skip_list_multilevel_hop.c,b21,loop_carried_running_state,c41,skip_list_multilevel_hop,small_L1,4096,1000000,value-dependent,"compulsory+latency-bound (dependent loads, no prefetch)",grid
1042,1042_grid_b21_loop_carried_running_state__c42_cache_oblivious_funnel_stride.c,b21,loop_carried_running_state,c42,cache_oblivious_funnel_stride,medium_L2,65536,3000000,value-dependent,compulsory+streaming (prefetch-friendly),grid
1043,1043_grid_b21_loop_carried_running_state__c43_whole_buffer_rotation.c,b21,loop_carried_running_state,c43,whole_buffer_rotation,large_L3,1048576,5000000,value-dependent,mixed/unclassified,grid
1044,1044_grid_b21_loop_carried_running_state__c44_naive_gemm_row_col_alternation.c,b21,loop_carried_running_state,c44,naive_gemm_row_col_alternation,xlarge_DRAM,8388608,8000000,value-dependent,compulsory+streaming (prefetch-friendly),grid
1045,1045_grid_b21_loop_carried_running_state__c45_read_hot_write_cold_split.c,b21,loop_carried_running_state,c45,read_hot_write_cold_split,small_L1,4096,1000000,value-dependent,temporal reuse (skewed/hot-set),grid
1046,1046_grid_b21_loop_carried_running_state__c46_cantor_gap_sparse.c,b21,loop_carried_running_state,c46,cantor_gap_sparse,medium_L2,65536,3000000,value-dependent,"compulsory (sparse, low reuse)",grid
1047,1047_grid_b21_loop_carried_running_state__c47_false_sharing_line_cycle.c,b21,loop_carried_running_state,c47,false_sharing_line_cycle,large_L3,1048576,5000000,value-dependent,conflict/associativity,grid
1048,1048_grid_b21_loop_carried_running_state__c48_exponential_backoff_probe.c,b21,loop_carried_running_state,c48,exponential_backoff_probe,xlarge_DRAM,8388608,8000000,value-dependent,capacity (uniform random),grid
1049,1049_grid_b21_loop_carried_running_state__c49_binary_heap_parent_child.c,b21,loop_carried_running_state,c49,binary_heap_parent_child,small_L1,4096,1000000,value-dependent,capacity (uniform random),grid
1050,1050_grid_b21_loop_carried_running_state__c50_streaming_with_periodic_flush.c,b21,loop_carried_running_state,c50,streaming_with_periodic_flush,medium_L2,65536,3000000,value-dependent,compulsory+streaming (prefetch-friendly),grid
1051,1051_grid_b22_drifting_threshold_periodic_reset__c01_sequential_unit_stride.c,b22,drifting_threshold_periodic_reset,c01,sequential_unit_stride,medium_L2,65536,3000000,stochastic,compulsory+streaming (prefetch-friendly),grid
1052,1052_grid_b22_drifting_threshold_periodic_reset__c02_sequential_wraparound_large.c,b22,drifting_threshold_periodic_reset,c02,sequential_wraparound_large,large_L3,1048576,5000000,stochastic,compulsory+streaming (prefetch-friendly),grid
1053,1053_grid_b22_drifting_threshold_periodic_reset__c03_fixed_stride_small.c,b22,drifting_threshold_periodic_reset,c03,fixed_stride_small,xlarge_DRAM,8388608,8000000,stochastic,compulsory+streaming (prefetch-friendly),grid
1054,1054_grid_b22_drifting_threshold_periodic_reset__c04_fixed_stride_large.c,b22,drifting_threshold_periodic_reset,c04,fixed_stride_large,small_L1,4096,1000000,stochastic,compulsory+streaming (prefetch-friendly),grid
1055,1055_grid_b22_drifting_threshold_periodic_reset__c05_random_small_working_set.c,b22,drifting_threshold_periodic_reset,c05,random_small_working_set,medium_L2,65536,3000000,stochastic,temporal reuse (capacity-sensitive),grid
1056,1056_grid_b22_drifting_threshold_periodic_reset__c06_random_full_working_set.c,b22,drifting_threshold_periodic_reset,c06,random_full_working_set,large_L3,1048576,5000000,stochastic,capacity (uniform random),grid
1057,1057_grid_b22_drifting_threshold_periodic_reset__c07_matrix_row_major.c,b22,drifting_threshold_periodic_reset,c07,matrix_row_major,xlarge_DRAM,8388608,8000000,stochastic,mixed spatial (traversal-order dependent),grid
1058,1058_grid_b22_drifting_threshold_periodic_reset__c08_matrix_col_major.c,b22,drifting_threshold_periodic_reset,c08,matrix_col_major,small_L1,4096,1000000,stochastic,mixed spatial (traversal-order dependent),grid
1059,1059_grid_b22_drifting_threshold_periodic_reset__c09_matrix_tiled_blocked.c,b22,drifting_threshold_periodic_reset,c09,matrix_tiled_blocked,medium_L2,65536,3000000,stochastic,mixed spatial (traversal-order dependent),grid
1060,1060_grid_b22_drifting_threshold_periodic_reset__c10_pointer_chase_linked_list.c,b22,drifting_threshold_periodic_reset,c10,pointer_chase_linked_list,large_L3,1048576,5000000,stochastic,"compulsory+latency-bound (dependent loads, no prefetch)",grid
1061,1061_grid_b22_drifting_threshold_periodic_reset__c11_sliding_window.c,b22,drifting_threshold_periodic_reset,c11,sliding_window,xlarge_DRAM,8388608,8000000,stochastic,mixed/unclassified,grid
1062,1062_grid_b22_drifting_threshold_periodic_reset__c12_prime_stride_anti_alias.c,b22,drifting_threshold_periodic_reset,c12,prime_stride_anti_alias,small_L1,4096,1000000,stochastic,compulsory+streaming (prefetch-friendly),grid
1063,1063_grid_b22_drifting_threshold_periodic_reset__c13_two_stream_interleaved.c,b22,drifting_threshold_periodic_reset,c13,two_stream_interleaved,medium_L2,65536,3000000,stochastic,mixed/unclassified,grid
1064,1064_grid_b22_drifting_threshold_periodic_reset__c14_temporal_burst_reuse.c,b22,drifting_threshold_periodic_reset,c14,temporal_burst_reuse,large_L3,1048576,5000000,stochastic,mixed/unclassified,grid
1065,1065_grid_b22_drifting_threshold_periodic_reset__c15_reverse_sequential.c,b22,drifting_threshold_periodic_reset,c15,reverse_sequential,xlarge_DRAM,8388608,8000000,stochastic,compulsory+streaming (prefetch-friendly),grid
1066,1066_grid_b22_drifting_threshold_periodic_reset__c16_block_sparse.c,b22,drifting_threshold_periodic_reset,c16,block_sparse,small_L1,4096,1000000,stochastic,mixed spatial (traversal-order dependent),grid
1067,1067_grid_b22_drifting_threshold_periodic_reset__c17_zipf_like_hot_buckets.c,b22,drifting_threshold_periodic_reset,c17,zipf_like_hot_buckets,medium_L2,65536,3000000,stochastic,temporal reuse (skewed/hot-set),grid
1068,1068_grid_b22_drifting_threshold_periodic_reset__c18_producer_consumer_two_pointer.c,b22,drifting_threshold_periodic_reset,c18,producer_consumer_two_pointer,large_L3,1048576,5000000,stochastic,mixed/unclassified,grid
1069,1069_grid_b22_drifting_threshold_periodic_reset__c19_matrix_diagonal_wavefront.c,b22,drifting_threshold_periodic_reset,c19,matrix_diagonal_wavefront,xlarge_DRAM,8388608,8000000,stochastic,mixed spatial (traversal-order dependent),grid
1070,1070_grid_b22_drifting_threshold_periodic_reset__c20_hot_cold_phase_alternation.c,b22,drifting_threshold_periodic_reset,c20,hot_cold_phase_alternation,small_L1,4096,1000000,stochastic,temporal reuse (skewed/hot-set),grid
1071,1071_grid_b22_drifting_threshold_periodic_reset__c21_pyramid_multiresolution_stride.c,b22,drifting_threshold_periodic_reset,c21,pyramid_multiresolution_stride,medium_L2,65536,3000000,stochastic,compulsory+streaming (prefetch-friendly),grid
1072,1072_grid_b22_drifting_threshold_periodic_reset__c22_tensor_3d_slice_poor_locality.c,b22,drifting_threshold_periodic_reset,c22,tensor_3d_slice_poor_locality,large_L3,1048576,5000000,stochastic,mixed/unclassified,grid
1073,1073_grid_b22_drifting_threshold_periodic_reset__c23_struct_of_array_field_burst.c,b22,drifting_threshold_periodic_reset,c23,struct_of_array_field_burst,xlarge_DRAM,8388608,8000000,stochastic,compulsory+streaming (prefetch-friendly),grid
1074,1074_grid_b22_drifting_threshold_periodic_reset__c24_banked_interleaved_access.c,b22,drifting_threshold_periodic_reset,c24,banked_interleaved_access,small_L1,4096,1000000,stochastic,compulsory+streaming (prefetch-friendly),grid
1075,1075_grid_b22_drifting_threshold_periodic_reset__c25_lru_recency_weighted_reuse.c,b22,drifting_threshold_periodic_reset,c25,lru_recency_weighted_reuse,medium_L2,65536,3000000,stochastic,temporal reuse (capacity-sensitive),grid
1076,1076_grid_b22_drifting_threshold_periodic_reset__c26_geometric_stride_growth.c,b22,drifting_threshold_periodic_reset,c26,geometric_stride_growth,large_L3,1048576,5000000,stochastic,compulsory+streaming (prefetch-friendly),grid
1077,1077_grid_b22_drifting_threshold_periodic_reset__c27_reduction_broadcast_pattern.c,b22,drifting_threshold_periodic_reset,c27,reduction_broadcast_pattern,xlarge_DRAM,8388608,8000000,stochastic,compulsory+streaming (prefetch-friendly),grid
1078,1078_grid_b22_drifting_threshold_periodic_reset__c28_morton_zorder_traversal.c,b22,drifting_threshold_periodic_reset,c28,morton_zorder_traversal,small_L1,4096,1000000,stochastic,mixed spatial (traversal-order dependent),grid
1079,1079_grid_b22_drifting_threshold_periodic_reset__c29_ping_pong_cache_thrash.c,b22,drifting_threshold_periodic_reset,c29,ping_pong_cache_thrash,medium_L2,65536,3000000,stochastic,conflict/associativity,grid
1080,1080_grid_b22_drifting_threshold_periodic_reset__c30_gather_scatter_indirect_table.c,b22,drifting_threshold_periodic_reset,c30,gather_scatter_indirect_table,large_L3,1048576,5000000,stochastic,capacity (uniform random),grid
1081,1081_grid_b22_drifting_threshold_periodic_reset__c31_fibonacci_stride.c,b22,drifting_threshold_periodic_reset,c31,fibonacci_stride,xlarge_DRAM,8388608,8000000,stochastic,compulsory+streaming (prefetch-friendly),grid
1082,1082_grid_b22_drifting_threshold_periodic_reset__c32_hilbert_curve_traversal.c,b22,drifting_threshold_periodic_reset,c32,hilbert_curve_traversal,small_L1,4096,1000000,stochastic,mixed spatial (traversal-order dependent),grid
1083,1083_grid_b22_drifting_threshold_periodic_reset__c33_cache_set_conflict_stress.c,b22,drifting_threshold_periodic_reset,c33,cache_set_conflict_stress,medium_L2,65536,3000000,stochastic,conflict/associativity,grid
1084,1084_grid_b22_drifting_threshold_periodic_reset__c34_variable_length_burst_reuse.c,b22,drifting_threshold_periodic_reset,c34,variable_length_burst_reuse,large_L3,1048576,5000000,stochastic,capacity (uniform random),grid
1085,1085_grid_b22_drifting_threshold_periodic_reset__c35_checkerboard_red_black.c,b22,drifting_threshold_periodic_reset,c35,checkerboard_red_black,xlarge_DRAM,8388608,8000000,stochastic,mixed spatial (traversal-order dependent),grid
1086,1086_grid_b22_drifting_threshold_periodic_reset__c36_im2col_overlapping_patch_gather.c,b22,drifting_threshold_periodic_reset,c36,im2col_overlapping_patch_gather,small_L1,4096,1000000,stochastic,compulsory+streaming (prefetch-friendly),grid
1087,1087_grid_b22_drifting_threshold_periodic_reset__c37_double_buffer_epoch_alternation.c,b22,drifting_threshold_periodic_reset,c37,double_buffer_epoch_alternation,medium_L2,65536,3000000,stochastic,conflict+capacity (thrashing/alternation),grid
1088,1088_grid_b22_drifting_threshold_periodic_reset__c38_cuckoo_double_hash_probe.c,b22,drifting_threshold_periodic_reset,c38,cuckoo_double_hash_probe,large_L3,1048576,5000000,stochastic,capacity+compulsory (indirect gather/scatter),grid
1089,1089_grid_b22_drifting_threshold_periodic_reset__c39_bounded_random_walk.c,b22,drifting_threshold_periodic_reset,c39,bounded_random_walk,xlarge_DRAM,8388608,8000000,stochastic,capacity (uniform random),grid
1090,1090_grid_b22_drifting_threshold_periodic_reset__c40_causal_attention_triangular.c,b22,drifting_threshold_periodic_reset,c40,causal_attention_triangular,small_L1,4096,1000000,stochastic,mixed/unclassified,grid
1091,1091_grid_b22_drifting_threshold_periodic_reset__c41_skip_list_multilevel_hop.c,b22,drifting_threshold_periodic_reset,c41,skip_list_multilevel_hop,medium_L2,65536,3000000,stochastic,"compulsory+latency-bound (dependent loads, no prefetch)",grid
1092,1092_grid_b22_drifting_threshold_periodic_reset__c42_cache_oblivious_funnel_stride.c,b22,drifting_threshold_periodic_reset,c42,cache_oblivious_funnel_stride,large_L3,1048576,5000000,stochastic,compulsory+streaming (prefetch-friendly),grid
1093,1093_grid_b22_drifting_threshold_periodic_reset__c43_whole_buffer_rotation.c,b22,drifting_threshold_periodic_reset,c43,whole_buffer_rotation,xlarge_DRAM,8388608,8000000,stochastic,mixed/unclassified,grid
1094,1094_grid_b22_drifting_threshold_periodic_reset__c44_naive_gemm_row_col_alternation.c,b22,drifting_threshold_periodic_reset,c44,naive_gemm_row_col_alternation,small_L1,4096,1000000,stochastic,compulsory+streaming (prefetch-friendly),grid
1095,1095_grid_b22_drifting_threshold_periodic_reset__c45_read_hot_write_cold_split.c,b22,drifting_threshold_periodic_reset,c45,read_hot_write_cold_split,medium_L2,65536,3000000,stochastic,temporal reuse (skewed/hot-set),grid
1096,1096_grid_b22_drifting_threshold_periodic_reset__c46_cantor_gap_sparse.c,b22,drifting_threshold_periodic_reset,c46,cantor_gap_sparse,large_L3,1048576,5000000,stochastic,"compulsory (sparse, low reuse)",grid
1097,1097_grid_b22_drifting_threshold_periodic_reset__c47_false_sharing_line_cycle.c,b22,drifting_threshold_periodic_reset,c47,false_sharing_line_cycle,xlarge_DRAM,8388608,8000000,stochastic,conflict/associativity,grid
1098,1098_grid_b22_drifting_threshold_periodic_reset__c48_exponential_backoff_probe.c,b22,drifting_threshold_periodic_reset,c48,exponential_backoff_probe,small_L1,4096,1000000,stochastic,capacity (uniform random),grid
1099,1099_grid_b22_drifting_threshold_periodic_reset__c49_binary_heap_parent_child.c,b22,drifting_threshold_periodic_reset,c49,binary_heap_parent_child,medium_L2,65536,3000000,stochastic,capacity (uniform random),grid
1100,1100_grid_b22_drifting_threshold_periodic_reset__c50_streaming_with_periodic_flush.c,b22,drifting_threshold_periodic_reset,c50,streaming_with_periodic_flush,large_L3,1048576,5000000,stochastic,compulsory+streaming (prefetch-friendly),grid
1101,1101_grid_b23_popcount_parity__c01_sequential_unit_stride.c,b23,popcount_parity,c01,sequential_unit_stride,large_L3,1048576,5000000,value-dependent,compulsory+streaming (prefetch-friendly),grid
1102,1102_grid_b23_popcount_parity__c02_sequential_wraparound_large.c,b23,popcount_parity,c02,sequential_wraparound_large,xlarge_DRAM,8388608,8000000,value-dependent,compulsory+streaming (prefetch-friendly),grid
1103,1103_grid_b23_popcount_parity__c03_fixed_stride_small.c,b23,popcount_parity,c03,fixed_stride_small,small_L1,4096,1000000,value-dependent,compulsory+streaming (prefetch-friendly),grid
1104,1104_grid_b23_popcount_parity__c04_fixed_stride_large.c,b23,popcount_parity,c04,fixed_stride_large,medium_L2,65536,3000000,value-dependent,compulsory+streaming (prefetch-friendly),grid
1105,1105_grid_b23_popcount_parity__c05_random_small_working_set.c,b23,popcount_parity,c05,random_small_working_set,large_L3,1048576,5000000,value-dependent,temporal reuse (capacity-sensitive),grid
1106,1106_grid_b23_popcount_parity__c06_random_full_working_set.c,b23,popcount_parity,c06,random_full_working_set,xlarge_DRAM,8388608,8000000,value-dependent,capacity (uniform random),grid
1107,1107_grid_b23_popcount_parity__c07_matrix_row_major.c,b23,popcount_parity,c07,matrix_row_major,small_L1,4096,1000000,value-dependent,mixed spatial (traversal-order dependent),grid
1108,1108_grid_b23_popcount_parity__c08_matrix_col_major.c,b23,popcount_parity,c08,matrix_col_major,medium_L2,65536,3000000,value-dependent,mixed spatial (traversal-order dependent),grid
1109,1109_grid_b23_popcount_parity__c09_matrix_tiled_blocked.c,b23,popcount_parity,c09,matrix_tiled_blocked,large_L3,1048576,5000000,value-dependent,mixed spatial (traversal-order dependent),grid
1110,1110_grid_b23_popcount_parity__c10_pointer_chase_linked_list.c,b23,popcount_parity,c10,pointer_chase_linked_list,xlarge_DRAM,8388608,8000000,value-dependent,"compulsory+latency-bound (dependent loads, no prefetch)",grid
1111,1111_grid_b23_popcount_parity__c11_sliding_window.c,b23,popcount_parity,c11,sliding_window,small_L1,4096,1000000,value-dependent,mixed/unclassified,grid
1112,1112_grid_b23_popcount_parity__c12_prime_stride_anti_alias.c,b23,popcount_parity,c12,prime_stride_anti_alias,medium_L2,65536,3000000,value-dependent,compulsory+streaming (prefetch-friendly),grid
1113,1113_grid_b23_popcount_parity__c13_two_stream_interleaved.c,b23,popcount_parity,c13,two_stream_interleaved,large_L3,1048576,5000000,value-dependent,mixed/unclassified,grid
1114,1114_grid_b23_popcount_parity__c14_temporal_burst_reuse.c,b23,popcount_parity,c14,temporal_burst_reuse,xlarge_DRAM,8388608,8000000,value-dependent,mixed/unclassified,grid
1115,1115_grid_b23_popcount_parity__c15_reverse_sequential.c,b23,popcount_parity,c15,reverse_sequential,small_L1,4096,1000000,value-dependent,compulsory+streaming (prefetch-friendly),grid
1116,1116_grid_b23_popcount_parity__c16_block_sparse.c,b23,popcount_parity,c16,block_sparse,medium_L2,65536,3000000,value-dependent,mixed spatial (traversal-order dependent),grid
1117,1117_grid_b23_popcount_parity__c17_zipf_like_hot_buckets.c,b23,popcount_parity,c17,zipf_like_hot_buckets,large_L3,1048576,5000000,value-dependent,temporal reuse (skewed/hot-set),grid
1118,1118_grid_b23_popcount_parity__c18_producer_consumer_two_pointer.c,b23,popcount_parity,c18,producer_consumer_two_pointer,xlarge_DRAM,8388608,8000000,value-dependent,mixed/unclassified,grid
1119,1119_grid_b23_popcount_parity__c19_matrix_diagonal_wavefront.c,b23,popcount_parity,c19,matrix_diagonal_wavefront,small_L1,4096,1000000,value-dependent,mixed spatial (traversal-order dependent),grid
1120,1120_grid_b23_popcount_parity__c20_hot_cold_phase_alternation.c,b23,popcount_parity,c20,hot_cold_phase_alternation,medium_L2,65536,3000000,value-dependent,temporal reuse (skewed/hot-set),grid
1121,1121_grid_b23_popcount_parity__c21_pyramid_multiresolution_stride.c,b23,popcount_parity,c21,pyramid_multiresolution_stride,large_L3,1048576,5000000,value-dependent,compulsory+streaming (prefetch-friendly),grid
1122,1122_grid_b23_popcount_parity__c22_tensor_3d_slice_poor_locality.c,b23,popcount_parity,c22,tensor_3d_slice_poor_locality,xlarge_DRAM,8388608,8000000,value-dependent,mixed/unclassified,grid
1123,1123_grid_b23_popcount_parity__c23_struct_of_array_field_burst.c,b23,popcount_parity,c23,struct_of_array_field_burst,small_L1,4096,1000000,value-dependent,compulsory+streaming (prefetch-friendly),grid
1124,1124_grid_b23_popcount_parity__c24_banked_interleaved_access.c,b23,popcount_parity,c24,banked_interleaved_access,medium_L2,65536,3000000,value-dependent,compulsory+streaming (prefetch-friendly),grid
1125,1125_grid_b23_popcount_parity__c25_lru_recency_weighted_reuse.c,b23,popcount_parity,c25,lru_recency_weighted_reuse,large_L3,1048576,5000000,value-dependent,temporal reuse (capacity-sensitive),grid
1126,1126_grid_b23_popcount_parity__c26_geometric_stride_growth.c,b23,popcount_parity,c26,geometric_stride_growth,xlarge_DRAM,8388608,8000000,value-dependent,compulsory+streaming (prefetch-friendly),grid
1127,1127_grid_b23_popcount_parity__c27_reduction_broadcast_pattern.c,b23,popcount_parity,c27,reduction_broadcast_pattern,small_L1,4096,1000000,value-dependent,compulsory+streaming (prefetch-friendly),grid
1128,1128_grid_b23_popcount_parity__c28_morton_zorder_traversal.c,b23,popcount_parity,c28,morton_zorder_traversal,medium_L2,65536,3000000,value-dependent,mixed spatial (traversal-order dependent),grid
1129,1129_grid_b23_popcount_parity__c29_ping_pong_cache_thrash.c,b23,popcount_parity,c29,ping_pong_cache_thrash,large_L3,1048576,5000000,value-dependent,conflict/associativity,grid
1130,1130_grid_b23_popcount_parity__c30_gather_scatter_indirect_table.c,b23,popcount_parity,c30,gather_scatter_indirect_table,xlarge_DRAM,8388608,8000000,value-dependent,capacity (uniform random),grid
1131,1131_grid_b23_popcount_parity__c31_fibonacci_stride.c,b23,popcount_parity,c31,fibonacci_stride,small_L1,4096,1000000,value-dependent,compulsory+streaming (prefetch-friendly),grid
1132,1132_grid_b23_popcount_parity__c32_hilbert_curve_traversal.c,b23,popcount_parity,c32,hilbert_curve_traversal,medium_L2,65536,3000000,value-dependent,mixed spatial (traversal-order dependent),grid
1133,1133_grid_b23_popcount_parity__c33_cache_set_conflict_stress.c,b23,popcount_parity,c33,cache_set_conflict_stress,large_L3,1048576,5000000,value-dependent,conflict/associativity,grid
1134,1134_grid_b23_popcount_parity__c34_variable_length_burst_reuse.c,b23,popcount_parity,c34,variable_length_burst_reuse,xlarge_DRAM,8388608,8000000,value-dependent,capacity (uniform random),grid
1135,1135_grid_b23_popcount_parity__c35_checkerboard_red_black.c,b23,popcount_parity,c35,checkerboard_red_black,small_L1,4096,1000000,value-dependent,mixed spatial (traversal-order dependent),grid
1136,1136_grid_b23_popcount_parity__c36_im2col_overlapping_patch_gather.c,b23,popcount_parity,c36,im2col_overlapping_patch_gather,medium_L2,65536,3000000,value-dependent,compulsory+streaming (prefetch-friendly),grid
1137,1137_grid_b23_popcount_parity__c37_double_buffer_epoch_alternation.c,b23,popcount_parity,c37,double_buffer_epoch_alternation,large_L3,1048576,5000000,value-dependent,conflict+capacity (thrashing/alternation),grid
1138,1138_grid_b23_popcount_parity__c38_cuckoo_double_hash_probe.c,b23,popcount_parity,c38,cuckoo_double_hash_probe,xlarge_DRAM,8388608,8000000,value-dependent,capacity+compulsory (indirect gather/scatter),grid
1139,1139_grid_b23_popcount_parity__c39_bounded_random_walk.c,b23,popcount_parity,c39,bounded_random_walk,small_L1,4096,1000000,value-dependent,capacity (uniform random),grid
1140,1140_grid_b23_popcount_parity__c40_causal_attention_triangular.c,b23,popcount_parity,c40,causal_attention_triangular,medium_L2,65536,3000000,value-dependent,mixed/unclassified,grid
1141,1141_grid_b23_popcount_parity__c41_skip_list_multilevel_hop.c,b23,popcount_parity,c41,skip_list_multilevel_hop,large_L3,1048576,5000000,value-dependent,"compulsory+latency-bound (dependent loads, no prefetch)",grid
1142,1142_grid_b23_popcount_parity__c42_cache_oblivious_funnel_stride.c,b23,popcount_parity,c42,cache_oblivious_funnel_stride,xlarge_DRAM,8388608,8000000,value-dependent,compulsory+streaming (prefetch-friendly),grid
1143,1143_grid_b23_popcount_parity__c43_whole_buffer_rotation.c,b23,popcount_parity,c43,whole_buffer_rotation,small_L1,4096,1000000,value-dependent,mixed/unclassified,grid
1144,1144_grid_b23_popcount_parity__c44_naive_gemm_row_col_alternation.c,b23,popcount_parity,c44,naive_gemm_row_col_alternation,medium_L2,65536,3000000,value-dependent,compulsory+streaming (prefetch-friendly),grid
1145,1145_grid_b23_popcount_parity__c45_read_hot_write_cold_split.c,b23,popcount_parity,c45,read_hot_write_cold_split,large_L3,1048576,5000000,value-dependent,temporal reuse (skewed/hot-set),grid
1146,1146_grid_b23_popcount_parity__c46_cantor_gap_sparse.c,b23,popcount_parity,c46,cantor_gap_sparse,xlarge_DRAM,8388608,8000000,value-dependent,"compulsory (sparse, low reuse)",grid
1147,1147_grid_b23_popcount_parity__c47_false_sharing_line_cycle.c,b23,popcount_parity,c47,false_sharing_line_cycle,small_L1,4096,1000000,value-dependent,conflict/associativity,grid
1148,1148_grid_b23_popcount_parity__c48_exponential_backoff_probe.c,b23,popcount_parity,c48,exponential_backoff_probe,medium_L2,65536,3000000,value-dependent,capacity (uniform random),grid
1149,1149_grid_b23_popcount_parity__c49_binary_heap_parent_child.c,b23,popcount_parity,c49,binary_heap_parent_child,large_L3,1048576,5000000,value-dependent,capacity (uniform random),grid
1150,1150_grid_b23_popcount_parity__c50_streaming_with_periodic_flush.c,b23,popcount_parity,c50,streaming_with_periodic_flush,xlarge_DRAM,8388608,8000000,value-dependent,compulsory+streaming (prefetch-friendly),grid
1151,1151_grid_b24_monotonic_drift_saturating__c01_sequential_unit_stride.c,b24,monotonic_drift_saturating,c01,sequential_unit_stride,xlarge_DRAM,8388608,8000000,static/trivial,compulsory+streaming (prefetch-friendly),grid
1152,1152_grid_b24_monotonic_drift_saturating__c02_sequential_wraparound_large.c,b24,monotonic_drift_saturating,c02,sequential_wraparound_large,small_L1,4096,1000000,static/trivial,compulsory+streaming (prefetch-friendly),grid
1153,1153_grid_b24_monotonic_drift_saturating__c03_fixed_stride_small.c,b24,monotonic_drift_saturating,c03,fixed_stride_small,medium_L2,65536,3000000,static/trivial,compulsory+streaming (prefetch-friendly),grid
1154,1154_grid_b24_monotonic_drift_saturating__c04_fixed_stride_large.c,b24,monotonic_drift_saturating,c04,fixed_stride_large,large_L3,1048576,5000000,static/trivial,compulsory+streaming (prefetch-friendly),grid
1155,1155_grid_b24_monotonic_drift_saturating__c05_random_small_working_set.c,b24,monotonic_drift_saturating,c05,random_small_working_set,xlarge_DRAM,8388608,8000000,static/trivial,temporal reuse (capacity-sensitive),grid
1156,1156_grid_b24_monotonic_drift_saturating__c06_random_full_working_set.c,b24,monotonic_drift_saturating,c06,random_full_working_set,small_L1,4096,1000000,static/trivial,capacity (uniform random),grid
1157,1157_grid_b24_monotonic_drift_saturating__c07_matrix_row_major.c,b24,monotonic_drift_saturating,c07,matrix_row_major,medium_L2,65536,3000000,static/trivial,mixed spatial (traversal-order dependent),grid
1158,1158_grid_b24_monotonic_drift_saturating__c08_matrix_col_major.c,b24,monotonic_drift_saturating,c08,matrix_col_major,large_L3,1048576,5000000,static/trivial,mixed spatial (traversal-order dependent),grid
1159,1159_grid_b24_monotonic_drift_saturating__c09_matrix_tiled_blocked.c,b24,monotonic_drift_saturating,c09,matrix_tiled_blocked,xlarge_DRAM,8388608,8000000,static/trivial,mixed spatial (traversal-order dependent),grid
1160,1160_grid_b24_monotonic_drift_saturating__c10_pointer_chase_linked_list.c,b24,monotonic_drift_saturating,c10,pointer_chase_linked_list,small_L1,4096,1000000,static/trivial,"compulsory+latency-bound (dependent loads, no prefetch)",grid
1161,1161_grid_b24_monotonic_drift_saturating__c11_sliding_window.c,b24,monotonic_drift_saturating,c11,sliding_window,medium_L2,65536,3000000,static/trivial,mixed/unclassified,grid
1162,1162_grid_b24_monotonic_drift_saturating__c12_prime_stride_anti_alias.c,b24,monotonic_drift_saturating,c12,prime_stride_anti_alias,large_L3,1048576,5000000,static/trivial,compulsory+streaming (prefetch-friendly),grid
1163,1163_grid_b24_monotonic_drift_saturating__c13_two_stream_interleaved.c,b24,monotonic_drift_saturating,c13,two_stream_interleaved,xlarge_DRAM,8388608,8000000,static/trivial,mixed/unclassified,grid
1164,1164_grid_b24_monotonic_drift_saturating__c14_temporal_burst_reuse.c,b24,monotonic_drift_saturating,c14,temporal_burst_reuse,small_L1,4096,1000000,static/trivial,mixed/unclassified,grid
1165,1165_grid_b24_monotonic_drift_saturating__c15_reverse_sequential.c,b24,monotonic_drift_saturating,c15,reverse_sequential,medium_L2,65536,3000000,static/trivial,compulsory+streaming (prefetch-friendly),grid
1166,1166_grid_b24_monotonic_drift_saturating__c16_block_sparse.c,b24,monotonic_drift_saturating,c16,block_sparse,large_L3,1048576,5000000,static/trivial,mixed spatial (traversal-order dependent),grid
1167,1167_grid_b24_monotonic_drift_saturating__c17_zipf_like_hot_buckets.c,b24,monotonic_drift_saturating,c17,zipf_like_hot_buckets,xlarge_DRAM,8388608,8000000,static/trivial,temporal reuse (skewed/hot-set),grid
1168,1168_grid_b24_monotonic_drift_saturating__c18_producer_consumer_two_pointer.c,b24,monotonic_drift_saturating,c18,producer_consumer_two_pointer,small_L1,4096,1000000,static/trivial,mixed/unclassified,grid
1169,1169_grid_b24_monotonic_drift_saturating__c19_matrix_diagonal_wavefront.c,b24,monotonic_drift_saturating,c19,matrix_diagonal_wavefront,medium_L2,65536,3000000,static/trivial,mixed spatial (traversal-order dependent),grid
1170,1170_grid_b24_monotonic_drift_saturating__c20_hot_cold_phase_alternation.c,b24,monotonic_drift_saturating,c20,hot_cold_phase_alternation,large_L3,1048576,5000000,static/trivial,temporal reuse (skewed/hot-set),grid
1171,1171_grid_b24_monotonic_drift_saturating__c21_pyramid_multiresolution_stride.c,b24,monotonic_drift_saturating,c21,pyramid_multiresolution_stride,xlarge_DRAM,8388608,8000000,static/trivial,compulsory+streaming (prefetch-friendly),grid
1172,1172_grid_b24_monotonic_drift_saturating__c22_tensor_3d_slice_poor_locality.c,b24,monotonic_drift_saturating,c22,tensor_3d_slice_poor_locality,small_L1,4096,1000000,static/trivial,mixed/unclassified,grid
1173,1173_grid_b24_monotonic_drift_saturating__c23_struct_of_array_field_burst.c,b24,monotonic_drift_saturating,c23,struct_of_array_field_burst,medium_L2,65536,3000000,static/trivial,compulsory+streaming (prefetch-friendly),grid
1174,1174_grid_b24_monotonic_drift_saturating__c24_banked_interleaved_access.c,b24,monotonic_drift_saturating,c24,banked_interleaved_access,large_L3,1048576,5000000,static/trivial,compulsory+streaming (prefetch-friendly),grid
1175,1175_grid_b24_monotonic_drift_saturating__c25_lru_recency_weighted_reuse.c,b24,monotonic_drift_saturating,c25,lru_recency_weighted_reuse,xlarge_DRAM,8388608,8000000,static/trivial,temporal reuse (capacity-sensitive),grid
1176,1176_grid_b24_monotonic_drift_saturating__c26_geometric_stride_growth.c,b24,monotonic_drift_saturating,c26,geometric_stride_growth,small_L1,4096,1000000,static/trivial,compulsory+streaming (prefetch-friendly),grid
1177,1177_grid_b24_monotonic_drift_saturating__c27_reduction_broadcast_pattern.c,b24,monotonic_drift_saturating,c27,reduction_broadcast_pattern,medium_L2,65536,3000000,static/trivial,compulsory+streaming (prefetch-friendly),grid
1178,1178_grid_b24_monotonic_drift_saturating__c28_morton_zorder_traversal.c,b24,monotonic_drift_saturating,c28,morton_zorder_traversal,large_L3,1048576,5000000,static/trivial,mixed spatial (traversal-order dependent),grid
1179,1179_grid_b24_monotonic_drift_saturating__c29_ping_pong_cache_thrash.c,b24,monotonic_drift_saturating,c29,ping_pong_cache_thrash,xlarge_DRAM,8388608,8000000,static/trivial,conflict/associativity,grid
1180,1180_grid_b24_monotonic_drift_saturating__c30_gather_scatter_indirect_table.c,b24,monotonic_drift_saturating,c30,gather_scatter_indirect_table,small_L1,4096,1000000,static/trivial,capacity (uniform random),grid
1181,1181_grid_b24_monotonic_drift_saturating__c31_fibonacci_stride.c,b24,monotonic_drift_saturating,c31,fibonacci_stride,medium_L2,65536,3000000,static/trivial,compulsory+streaming (prefetch-friendly),grid
1182,1182_grid_b24_monotonic_drift_saturating__c32_hilbert_curve_traversal.c,b24,monotonic_drift_saturating,c32,hilbert_curve_traversal,large_L3,1048576,5000000,static/trivial,mixed spatial (traversal-order dependent),grid
1183,1183_grid_b24_monotonic_drift_saturating__c33_cache_set_conflict_stress.c,b24,monotonic_drift_saturating,c33,cache_set_conflict_stress,xlarge_DRAM,8388608,8000000,static/trivial,conflict/associativity,grid
1184,1184_grid_b24_monotonic_drift_saturating__c34_variable_length_burst_reuse.c,b24,monotonic_drift_saturating,c34,variable_length_burst_reuse,small_L1,4096,1000000,static/trivial,capacity (uniform random),grid
1185,1185_grid_b24_monotonic_drift_saturating__c35_checkerboard_red_black.c,b24,monotonic_drift_saturating,c35,checkerboard_red_black,medium_L2,65536,3000000,static/trivial,mixed spatial (traversal-order dependent),grid
1186,1186_grid_b24_monotonic_drift_saturating__c36_im2col_overlapping_patch_gather.c,b24,monotonic_drift_saturating,c36,im2col_overlapping_patch_gather,large_L3,1048576,5000000,static/trivial,compulsory+streaming (prefetch-friendly),grid
1187,1187_grid_b24_monotonic_drift_saturating__c37_double_buffer_epoch_alternation.c,b24,monotonic_drift_saturating,c37,double_buffer_epoch_alternation,xlarge_DRAM,8388608,8000000,static/trivial,conflict+capacity (thrashing/alternation),grid
1188,1188_grid_b24_monotonic_drift_saturating__c38_cuckoo_double_hash_probe.c,b24,monotonic_drift_saturating,c38,cuckoo_double_hash_probe,small_L1,4096,1000000,static/trivial,capacity+compulsory (indirect gather/scatter),grid
1189,1189_grid_b24_monotonic_drift_saturating__c39_bounded_random_walk.c,b24,monotonic_drift_saturating,c39,bounded_random_walk,medium_L2,65536,3000000,static/trivial,capacity (uniform random),grid
1190,1190_grid_b24_monotonic_drift_saturating__c40_causal_attention_triangular.c,b24,monotonic_drift_saturating,c40,causal_attention_triangular,large_L3,1048576,5000000,static/trivial,mixed/unclassified,grid
1191,1191_grid_b24_monotonic_drift_saturating__c41_skip_list_multilevel_hop.c,b24,monotonic_drift_saturating,c41,skip_list_multilevel_hop,xlarge_DRAM,8388608,8000000,static/trivial,"compulsory+latency-bound (dependent loads, no prefetch)",grid
1192,1192_grid_b24_monotonic_drift_saturating__c42_cache_oblivious_funnel_stride.c,b24,monotonic_drift_saturating,c42,cache_oblivious_funnel_stride,small_L1,4096,1000000,static/trivial,compulsory+streaming (prefetch-friendly),grid
1193,1193_grid_b24_monotonic_drift_saturating__c43_whole_buffer_rotation.c,b24,monotonic_drift_saturating,c43,whole_buffer_rotation,medium_L2,65536,3000000,static/trivial,mixed/unclassified,grid
1194,1194_grid_b24_monotonic_drift_saturating__c44_naive_gemm_row_col_alternation.c,b24,monotonic_drift_saturating,c44,naive_gemm_row_col_alternation,large_L3,1048576,5000000,static/trivial,compulsory+streaming (prefetch-friendly),grid
1195,1195_grid_b24_monotonic_drift_saturating__c45_read_hot_write_cold_split.c,b24,monotonic_drift_saturating,c45,read_hot_write_cold_split,xlarge_DRAM,8388608,8000000,static/trivial,temporal reuse (skewed/hot-set),grid
1196,1196_grid_b24_monotonic_drift_saturating__c46_cantor_gap_sparse.c,b24,monotonic_drift_saturating,c46,cantor_gap_sparse,small_L1,4096,1000000,static/trivial,"compulsory (sparse, low reuse)",grid
1197,1197_grid_b24_monotonic_drift_saturating__c47_false_sharing_line_cycle.c,b24,monotonic_drift_saturating,c47,false_sharing_line_cycle,medium_L2,65536,3000000,static/trivial,conflict/associativity,grid
1198,1198_grid_b24_monotonic_drift_saturating__c48_exponential_backoff_probe.c,b24,monotonic_drift_saturating,c48,exponential_backoff_probe,large_L3,1048576,5000000,static/trivial,capacity (uniform random),grid
1199,1199_grid_b24_monotonic_drift_saturating__c49_binary_heap_parent_child.c,b24,monotonic_drift_saturating,c49,binary_heap_parent_child,xlarge_DRAM,8388608,8000000,static/trivial,capacity (uniform random),grid
1200,1200_grid_b24_monotonic_drift_saturating__c50_streaming_with_periodic_flush.c,b24,monotonic_drift_saturating,c50,streaming_with_periodic_flush,small_L1,4096,1000000,static/trivial,compulsory+streaming (prefetch-friendly),grid
1201,1201_grid_b25_rare_exception_1_in_1024__c01_sequential_unit_stride.c,b25,rare_exception_1_in_1024,c01,sequential_unit_stride,small_L1,4096,1000000,mixed/other,compulsory+streaming (prefetch-friendly),grid
1202,1202_grid_b25_rare_exception_1_in_1024__c02_sequential_wraparound_large.c,b25,rare_exception_1_in_1024,c02,sequential_wraparound_large,medium_L2,65536,3000000,mixed/other,compulsory+streaming (prefetch-friendly),grid
1203,1203_grid_b25_rare_exception_1_in_1024__c03_fixed_stride_small.c,b25,rare_exception_1_in_1024,c03,fixed_stride_small,large_L3,1048576,5000000,mixed/other,compulsory+streaming (prefetch-friendly),grid
1204,1204_grid_b25_rare_exception_1_in_1024__c04_fixed_stride_large.c,b25,rare_exception_1_in_1024,c04,fixed_stride_large,xlarge_DRAM,8388608,8000000,mixed/other,compulsory+streaming (prefetch-friendly),grid
1205,1205_grid_b25_rare_exception_1_in_1024__c05_random_small_working_set.c,b25,rare_exception_1_in_1024,c05,random_small_working_set,small_L1,4096,1000000,mixed/other,temporal reuse (capacity-sensitive),grid
1206,1206_grid_b25_rare_exception_1_in_1024__c06_random_full_working_set.c,b25,rare_exception_1_in_1024,c06,random_full_working_set,medium_L2,65536,3000000,mixed/other,capacity (uniform random),grid
1207,1207_grid_b25_rare_exception_1_in_1024__c07_matrix_row_major.c,b25,rare_exception_1_in_1024,c07,matrix_row_major,large_L3,1048576,5000000,mixed/other,mixed spatial (traversal-order dependent),grid
1208,1208_grid_b25_rare_exception_1_in_1024__c08_matrix_col_major.c,b25,rare_exception_1_in_1024,c08,matrix_col_major,xlarge_DRAM,8388608,8000000,mixed/other,mixed spatial (traversal-order dependent),grid
1209,1209_grid_b25_rare_exception_1_in_1024__c09_matrix_tiled_blocked.c,b25,rare_exception_1_in_1024,c09,matrix_tiled_blocked,small_L1,4096,1000000,mixed/other,mixed spatial (traversal-order dependent),grid
1210,1210_grid_b25_rare_exception_1_in_1024__c10_pointer_chase_linked_list.c,b25,rare_exception_1_in_1024,c10,pointer_chase_linked_list,medium_L2,65536,3000000,mixed/other,"compulsory+latency-bound (dependent loads, no prefetch)",grid
1211,1211_grid_b25_rare_exception_1_in_1024__c11_sliding_window.c,b25,rare_exception_1_in_1024,c11,sliding_window,large_L3,1048576,5000000,mixed/other,mixed/unclassified,grid
1212,1212_grid_b25_rare_exception_1_in_1024__c12_prime_stride_anti_alias.c,b25,rare_exception_1_in_1024,c12,prime_stride_anti_alias,xlarge_DRAM,8388608,8000000,mixed/other,compulsory+streaming (prefetch-friendly),grid
1213,1213_grid_b25_rare_exception_1_in_1024__c13_two_stream_interleaved.c,b25,rare_exception_1_in_1024,c13,two_stream_interleaved,small_L1,4096,1000000,mixed/other,mixed/unclassified,grid
1214,1214_grid_b25_rare_exception_1_in_1024__c14_temporal_burst_reuse.c,b25,rare_exception_1_in_1024,c14,temporal_burst_reuse,medium_L2,65536,3000000,mixed/other,mixed/unclassified,grid
1215,1215_grid_b25_rare_exception_1_in_1024__c15_reverse_sequential.c,b25,rare_exception_1_in_1024,c15,reverse_sequential,large_L3,1048576,5000000,mixed/other,compulsory+streaming (prefetch-friendly),grid
1216,1216_grid_b25_rare_exception_1_in_1024__c16_block_sparse.c,b25,rare_exception_1_in_1024,c16,block_sparse,xlarge_DRAM,8388608,8000000,mixed/other,mixed spatial (traversal-order dependent),grid
1217,1217_grid_b25_rare_exception_1_in_1024__c17_zipf_like_hot_buckets.c,b25,rare_exception_1_in_1024,c17,zipf_like_hot_buckets,small_L1,4096,1000000,mixed/other,temporal reuse (skewed/hot-set),grid
1218,1218_grid_b25_rare_exception_1_in_1024__c18_producer_consumer_two_pointer.c,b25,rare_exception_1_in_1024,c18,producer_consumer_two_pointer,medium_L2,65536,3000000,mixed/other,mixed/unclassified,grid
1219,1219_grid_b25_rare_exception_1_in_1024__c19_matrix_diagonal_wavefront.c,b25,rare_exception_1_in_1024,c19,matrix_diagonal_wavefront,large_L3,1048576,5000000,mixed/other,mixed spatial (traversal-order dependent),grid
1220,1220_grid_b25_rare_exception_1_in_1024__c20_hot_cold_phase_alternation.c,b25,rare_exception_1_in_1024,c20,hot_cold_phase_alternation,xlarge_DRAM,8388608,8000000,mixed/other,temporal reuse (skewed/hot-set),grid
1221,1221_grid_b25_rare_exception_1_in_1024__c21_pyramid_multiresolution_stride.c,b25,rare_exception_1_in_1024,c21,pyramid_multiresolution_stride,small_L1,4096,1000000,mixed/other,compulsory+streaming (prefetch-friendly),grid
1222,1222_grid_b25_rare_exception_1_in_1024__c22_tensor_3d_slice_poor_locality.c,b25,rare_exception_1_in_1024,c22,tensor_3d_slice_poor_locality,medium_L2,65536,3000000,mixed/other,mixed/unclassified,grid
1223,1223_grid_b25_rare_exception_1_in_1024__c23_struct_of_array_field_burst.c,b25,rare_exception_1_in_1024,c23,struct_of_array_field_burst,large_L3,1048576,5000000,mixed/other,compulsory+streaming (prefetch-friendly),grid
1224,1224_grid_b25_rare_exception_1_in_1024__c24_banked_interleaved_access.c,b25,rare_exception_1_in_1024,c24,banked_interleaved_access,xlarge_DRAM,8388608,8000000,mixed/other,compulsory+streaming (prefetch-friendly),grid
1225,1225_grid_b25_rare_exception_1_in_1024__c25_lru_recency_weighted_reuse.c,b25,rare_exception_1_in_1024,c25,lru_recency_weighted_reuse,small_L1,4096,1000000,mixed/other,temporal reuse (capacity-sensitive),grid
1226,1226_grid_b25_rare_exception_1_in_1024__c26_geometric_stride_growth.c,b25,rare_exception_1_in_1024,c26,geometric_stride_growth,medium_L2,65536,3000000,mixed/other,compulsory+streaming (prefetch-friendly),grid
1227,1227_grid_b25_rare_exception_1_in_1024__c27_reduction_broadcast_pattern.c,b25,rare_exception_1_in_1024,c27,reduction_broadcast_pattern,large_L3,1048576,5000000,mixed/other,compulsory+streaming (prefetch-friendly),grid
1228,1228_grid_b25_rare_exception_1_in_1024__c28_morton_zorder_traversal.c,b25,rare_exception_1_in_1024,c28,morton_zorder_traversal,xlarge_DRAM,8388608,8000000,mixed/other,mixed spatial (traversal-order dependent),grid
1229,1229_grid_b25_rare_exception_1_in_1024__c29_ping_pong_cache_thrash.c,b25,rare_exception_1_in_1024,c29,ping_pong_cache_thrash,small_L1,4096,1000000,mixed/other,conflict/associativity,grid
1230,1230_grid_b25_rare_exception_1_in_1024__c30_gather_scatter_indirect_table.c,b25,rare_exception_1_in_1024,c30,gather_scatter_indirect_table,medium_L2,65536,3000000,mixed/other,capacity (uniform random),grid
1231,1231_grid_b25_rare_exception_1_in_1024__c31_fibonacci_stride.c,b25,rare_exception_1_in_1024,c31,fibonacci_stride,large_L3,1048576,5000000,mixed/other,compulsory+streaming (prefetch-friendly),grid
1232,1232_grid_b25_rare_exception_1_in_1024__c32_hilbert_curve_traversal.c,b25,rare_exception_1_in_1024,c32,hilbert_curve_traversal,xlarge_DRAM,8388608,8000000,mixed/other,mixed spatial (traversal-order dependent),grid
1233,1233_grid_b25_rare_exception_1_in_1024__c33_cache_set_conflict_stress.c,b25,rare_exception_1_in_1024,c33,cache_set_conflict_stress,small_L1,4096,1000000,mixed/other,conflict/associativity,grid
1234,1234_grid_b25_rare_exception_1_in_1024__c34_variable_length_burst_reuse.c,b25,rare_exception_1_in_1024,c34,variable_length_burst_reuse,medium_L2,65536,3000000,mixed/other,capacity (uniform random),grid
1235,1235_grid_b25_rare_exception_1_in_1024__c35_checkerboard_red_black.c,b25,rare_exception_1_in_1024,c35,checkerboard_red_black,large_L3,1048576,5000000,mixed/other,mixed spatial (traversal-order dependent),grid
1236,1236_grid_b25_rare_exception_1_in_1024__c36_im2col_overlapping_patch_gather.c,b25,rare_exception_1_in_1024,c36,im2col_overlapping_patch_gather,xlarge_DRAM,8388608,8000000,mixed/other,compulsory+streaming (prefetch-friendly),grid
1237,1237_grid_b25_rare_exception_1_in_1024__c37_double_buffer_epoch_alternation.c,b25,rare_exception_1_in_1024,c37,double_buffer_epoch_alternation,small_L1,4096,1000000,mixed/other,conflict+capacity (thrashing/alternation),grid
1238,1238_grid_b25_rare_exception_1_in_1024__c38_cuckoo_double_hash_probe.c,b25,rare_exception_1_in_1024,c38,cuckoo_double_hash_probe,medium_L2,65536,3000000,mixed/other,capacity+compulsory (indirect gather/scatter),grid
1239,1239_grid_b25_rare_exception_1_in_1024__c39_bounded_random_walk.c,b25,rare_exception_1_in_1024,c39,bounded_random_walk,large_L3,1048576,5000000,mixed/other,capacity (uniform random),grid
1240,1240_grid_b25_rare_exception_1_in_1024__c40_causal_attention_triangular.c,b25,rare_exception_1_in_1024,c40,causal_attention_triangular,xlarge_DRAM,8388608,8000000,mixed/other,mixed/unclassified,grid
1241,1241_grid_b25_rare_exception_1_in_1024__c41_skip_list_multilevel_hop.c,b25,rare_exception_1_in_1024,c41,skip_list_multilevel_hop,small_L1,4096,1000000,mixed/other,"compulsory+latency-bound (dependent loads, no prefetch)",grid
1242,1242_grid_b25_rare_exception_1_in_1024__c42_cache_oblivious_funnel_stride.c,b25,rare_exception_1_in_1024,c42,cache_oblivious_funnel_stride,medium_L2,65536,3000000,mixed/other,compulsory+streaming (prefetch-friendly),grid
1243,1243_grid_b25_rare_exception_1_in_1024__c43_whole_buffer_rotation.c,b25,rare_exception_1_in_1024,c43,whole_buffer_rotation,large_L3,1048576,5000000,mixed/other,mixed/unclassified,grid
1244,1244_grid_b25_rare_exception_1_in_1024__c44_naive_gemm_row_col_alternation.c,b25,rare_exception_1_in_1024,c44,naive_gemm_row_col_alternation,xlarge_DRAM,8388608,8000000,mixed/other,compulsory+streaming (prefetch-friendly),grid
1245,1245_grid_b25_rare_exception_1_in_1024__c45_read_hot_write_cold_split.c,b25,rare_exception_1_in_1024,c45,read_hot_write_cold_split,small_L1,4096,1000000,mixed/other,temporal reuse (skewed/hot-set),grid
1246,1246_grid_b25_rare_exception_1_in_1024__c46_cantor_gap_sparse.c,b25,rare_exception_1_in_1024,c46,cantor_gap_sparse,medium_L2,65536,3000000,mixed/other,"compulsory (sparse, low reuse)",grid
1247,1247_grid_b25_rare_exception_1_in_1024__c47_false_sharing_line_cycle.c,b25,rare_exception_1_in_1024,c47,false_sharing_line_cycle,large_L3,1048576,5000000,mixed/other,conflict/associativity,grid
1248,1248_grid_b25_rare_exception_1_in_1024__c48_exponential_backoff_probe.c,b25,rare_exception_1_in_1024,c48,exponential_backoff_probe,xlarge_DRAM,8388608,8000000,mixed/other,capacity (uniform random),grid
1249,1249_grid_b25_rare_exception_1_in_1024__c49_binary_heap_parent_child.c,b25,rare_exception_1_in_1024,c49,binary_heap_parent_child,small_L1,4096,1000000,mixed/other,capacity (uniform random),grid
1250,1250_grid_b25_rare_exception_1_in_1024__c50_streaming_with_periodic_flush.c,b25,rare_exception_1_in_1024,c50,streaming_with_periodic_flush,medium_L2,65536,3000000,mixed/other,compulsory+streaming (prefetch-friendly),grid
1251,1251_grid_b26_warmup_then_steady__c01_sequential_unit_stride.c,b26,warmup_then_steady,c01,sequential_unit_stride,medium_L2,65536,3000000,static/trivial,compulsory+streaming (prefetch-friendly),grid
1252,1252_grid_b26_warmup_then_steady__c02_sequential_wraparound_large.c,b26,warmup_then_steady,c02,sequential_wraparound_large,large_L3,1048576,5000000,static/trivial,compulsory+streaming (prefetch-friendly),grid
1253,1253_grid_b26_warmup_then_steady__c03_fixed_stride_small.c,b26,warmup_then_steady,c03,fixed_stride_small,xlarge_DRAM,8388608,8000000,static/trivial,compulsory+streaming (prefetch-friendly),grid
1254,1254_grid_b26_warmup_then_steady__c04_fixed_stride_large.c,b26,warmup_then_steady,c04,fixed_stride_large,small_L1,4096,1000000,static/trivial,compulsory+streaming (prefetch-friendly),grid
1255,1255_grid_b26_warmup_then_steady__c05_random_small_working_set.c,b26,warmup_then_steady,c05,random_small_working_set,medium_L2,65536,3000000,static/trivial,temporal reuse (capacity-sensitive),grid
1256,1256_grid_b26_warmup_then_steady__c06_random_full_working_set.c,b26,warmup_then_steady,c06,random_full_working_set,large_L3,1048576,5000000,static/trivial,capacity (uniform random),grid
1257,1257_grid_b26_warmup_then_steady__c07_matrix_row_major.c,b26,warmup_then_steady,c07,matrix_row_major,xlarge_DRAM,8388608,8000000,static/trivial,mixed spatial (traversal-order dependent),grid
1258,1258_grid_b26_warmup_then_steady__c08_matrix_col_major.c,b26,warmup_then_steady,c08,matrix_col_major,small_L1,4096,1000000,static/trivial,mixed spatial (traversal-order dependent),grid
1259,1259_grid_b26_warmup_then_steady__c09_matrix_tiled_blocked.c,b26,warmup_then_steady,c09,matrix_tiled_blocked,medium_L2,65536,3000000,static/trivial,mixed spatial (traversal-order dependent),grid
1260,1260_grid_b26_warmup_then_steady__c10_pointer_chase_linked_list.c,b26,warmup_then_steady,c10,pointer_chase_linked_list,large_L3,1048576,5000000,static/trivial,"compulsory+latency-bound (dependent loads, no prefetch)",grid
1261,1261_grid_b26_warmup_then_steady__c11_sliding_window.c,b26,warmup_then_steady,c11,sliding_window,xlarge_DRAM,8388608,8000000,static/trivial,mixed/unclassified,grid
1262,1262_grid_b26_warmup_then_steady__c12_prime_stride_anti_alias.c,b26,warmup_then_steady,c12,prime_stride_anti_alias,small_L1,4096,1000000,static/trivial,compulsory+streaming (prefetch-friendly),grid
1263,1263_grid_b26_warmup_then_steady__c13_two_stream_interleaved.c,b26,warmup_then_steady,c13,two_stream_interleaved,medium_L2,65536,3000000,static/trivial,mixed/unclassified,grid
1264,1264_grid_b26_warmup_then_steady__c14_temporal_burst_reuse.c,b26,warmup_then_steady,c14,temporal_burst_reuse,large_L3,1048576,5000000,static/trivial,mixed/unclassified,grid
1265,1265_grid_b26_warmup_then_steady__c15_reverse_sequential.c,b26,warmup_then_steady,c15,reverse_sequential,xlarge_DRAM,8388608,8000000,static/trivial,compulsory+streaming (prefetch-friendly),grid
1266,1266_grid_b26_warmup_then_steady__c16_block_sparse.c,b26,warmup_then_steady,c16,block_sparse,small_L1,4096,1000000,static/trivial,mixed spatial (traversal-order dependent),grid
1267,1267_grid_b26_warmup_then_steady__c17_zipf_like_hot_buckets.c,b26,warmup_then_steady,c17,zipf_like_hot_buckets,medium_L2,65536,3000000,static/trivial,temporal reuse (skewed/hot-set),grid
1268,1268_grid_b26_warmup_then_steady__c18_producer_consumer_two_pointer.c,b26,warmup_then_steady,c18,producer_consumer_two_pointer,large_L3,1048576,5000000,static/trivial,mixed/unclassified,grid
1269,1269_grid_b26_warmup_then_steady__c19_matrix_diagonal_wavefront.c,b26,warmup_then_steady,c19,matrix_diagonal_wavefront,xlarge_DRAM,8388608,8000000,static/trivial,mixed spatial (traversal-order dependent),grid
1270,1270_grid_b26_warmup_then_steady__c20_hot_cold_phase_alternation.c,b26,warmup_then_steady,c20,hot_cold_phase_alternation,small_L1,4096,1000000,static/trivial,temporal reuse (skewed/hot-set),grid
1271,1271_grid_b26_warmup_then_steady__c21_pyramid_multiresolution_stride.c,b26,warmup_then_steady,c21,pyramid_multiresolution_stride,medium_L2,65536,3000000,static/trivial,compulsory+streaming (prefetch-friendly),grid
1272,1272_grid_b26_warmup_then_steady__c22_tensor_3d_slice_poor_locality.c,b26,warmup_then_steady,c22,tensor_3d_slice_poor_locality,large_L3,1048576,5000000,static/trivial,mixed/unclassified,grid
1273,1273_grid_b26_warmup_then_steady__c23_struct_of_array_field_burst.c,b26,warmup_then_steady,c23,struct_of_array_field_burst,xlarge_DRAM,8388608,8000000,static/trivial,compulsory+streaming (prefetch-friendly),grid
1274,1274_grid_b26_warmup_then_steady__c24_banked_interleaved_access.c,b26,warmup_then_steady,c24,banked_interleaved_access,small_L1,4096,1000000,static/trivial,compulsory+streaming (prefetch-friendly),grid
1275,1275_grid_b26_warmup_then_steady__c25_lru_recency_weighted_reuse.c,b26,warmup_then_steady,c25,lru_recency_weighted_reuse,medium_L2,65536,3000000,static/trivial,temporal reuse (capacity-sensitive),grid
1276,1276_grid_b26_warmup_then_steady__c26_geometric_stride_growth.c,b26,warmup_then_steady,c26,geometric_stride_growth,large_L3,1048576,5000000,static/trivial,compulsory+streaming (prefetch-friendly),grid
1277,1277_grid_b26_warmup_then_steady__c27_reduction_broadcast_pattern.c,b26,warmup_then_steady,c27,reduction_broadcast_pattern,xlarge_DRAM,8388608,8000000,static/trivial,compulsory+streaming (prefetch-friendly),grid
1278,1278_grid_b26_warmup_then_steady__c28_morton_zorder_traversal.c,b26,warmup_then_steady,c28,morton_zorder_traversal,small_L1,4096,1000000,static/trivial,mixed spatial (traversal-order dependent),grid
1279,1279_grid_b26_warmup_then_steady__c29_ping_pong_cache_thrash.c,b26,warmup_then_steady,c29,ping_pong_cache_thrash,medium_L2,65536,3000000,static/trivial,conflict/associativity,grid
1280,1280_grid_b26_warmup_then_steady__c30_gather_scatter_indirect_table.c,b26,warmup_then_steady,c30,gather_scatter_indirect_table,large_L3,1048576,5000000,static/trivial,capacity (uniform random),grid
1281,1281_grid_b26_warmup_then_steady__c31_fibonacci_stride.c,b26,warmup_then_steady,c31,fibonacci_stride,xlarge_DRAM,8388608,8000000,static/trivial,compulsory+streaming (prefetch-friendly),grid
1282,1282_grid_b26_warmup_then_steady__c32_hilbert_curve_traversal.c,b26,warmup_then_steady,c32,hilbert_curve_traversal,small_L1,4096,1000000,static/trivial,mixed spatial (traversal-order dependent),grid
1283,1283_grid_b26_warmup_then_steady__c33_cache_set_conflict_stress.c,b26,warmup_then_steady,c33,cache_set_conflict_stress,medium_L2,65536,3000000,static/trivial,conflict/associativity,grid
1284,1284_grid_b26_warmup_then_steady__c34_variable_length_burst_reuse.c,b26,warmup_then_steady,c34,variable_length_burst_reuse,large_L3,1048576,5000000,static/trivial,capacity (uniform random),grid
1285,1285_grid_b26_warmup_then_steady__c35_checkerboard_red_black.c,b26,warmup_then_steady,c35,checkerboard_red_black,xlarge_DRAM,8388608,8000000,static/trivial,mixed spatial (traversal-order dependent),grid
1286,1286_grid_b26_warmup_then_steady__c36_im2col_overlapping_patch_gather.c,b26,warmup_then_steady,c36,im2col_overlapping_patch_gather,small_L1,4096,1000000,static/trivial,compulsory+streaming (prefetch-friendly),grid
1287,1287_grid_b26_warmup_then_steady__c37_double_buffer_epoch_alternation.c,b26,warmup_then_steady,c37,double_buffer_epoch_alternation,medium_L2,65536,3000000,static/trivial,conflict+capacity (thrashing/alternation),grid
1288,1288_grid_b26_warmup_then_steady__c38_cuckoo_double_hash_probe.c,b26,warmup_then_steady,c38,cuckoo_double_hash_probe,large_L3,1048576,5000000,static/trivial,capacity+compulsory (indirect gather/scatter),grid
1289,1289_grid_b26_warmup_then_steady__c39_bounded_random_walk.c,b26,warmup_then_steady,c39,bounded_random_walk,xlarge_DRAM,8388608,8000000,static/trivial,capacity (uniform random),grid
1290,1290_grid_b26_warmup_then_steady__c40_causal_attention_triangular.c,b26,warmup_then_steady,c40,causal_attention_triangular,small_L1,4096,1000000,static/trivial,mixed/unclassified,grid
1291,1291_grid_b26_warmup_then_steady__c41_skip_list_multilevel_hop.c,b26,warmup_then_steady,c41,skip_list_multilevel_hop,medium_L2,65536,3000000,static/trivial,"compulsory+latency-bound (dependent loads, no prefetch)",grid
1292,1292_grid_b26_warmup_then_steady__c42_cache_oblivious_funnel_stride.c,b26,warmup_then_steady,c42,cache_oblivious_funnel_stride,large_L3,1048576,5000000,static/trivial,compulsory+streaming (prefetch-friendly),grid
1293,1293_grid_b26_warmup_then_steady__c43_whole_buffer_rotation.c,b26,warmup_then_steady,c43,whole_buffer_rotation,xlarge_DRAM,8388608,8000000,static/trivial,mixed/unclassified,grid
1294,1294_grid_b26_warmup_then_steady__c44_naive_gemm_row_col_alternation.c,b26,warmup_then_steady,c44,naive_gemm_row_col_alternation,small_L1,4096,1000000,static/trivial,compulsory+streaming (prefetch-friendly),grid
1295,1295_grid_b26_warmup_then_steady__c45_read_hot_write_cold_split.c,b26,warmup_then_steady,c45,read_hot_write_cold_split,medium_L2,65536,3000000,static/trivial,temporal reuse (skewed/hot-set),grid
1296,1296_grid_b26_warmup_then_steady__c46_cantor_gap_sparse.c,b26,warmup_then_steady,c46,cantor_gap_sparse,large_L3,1048576,5000000,static/trivial,"compulsory (sparse, low reuse)",grid
1297,1297_grid_b26_warmup_then_steady__c47_false_sharing_line_cycle.c,b26,warmup_then_steady,c47,false_sharing_line_cycle,xlarge_DRAM,8388608,8000000,static/trivial,conflict/associativity,grid
1298,1298_grid_b26_warmup_then_steady__c48_exponential_backoff_probe.c,b26,warmup_then_steady,c48,exponential_backoff_probe,small_L1,4096,1000000,static/trivial,capacity (uniform random),grid
1299,1299_grid_b26_warmup_then_steady__c49_binary_heap_parent_child.c,b26,warmup_then_steady,c49,binary_heap_parent_child,medium_L2,65536,3000000,static/trivial,capacity (uniform random),grid
1300,1300_grid_b26_warmup_then_steady__c50_streaming_with_periodic_flush.c,b26,warmup_then_steady,c50,streaming_with_periodic_flush,large_L3,1048576,5000000,static/trivial,compulsory+streaming (prefetch-friendly),grid
1301,1301_grid_b27_meta_correlated_nested__c01_sequential_unit_stride.c,b27,meta_correlated_nested,c01,sequential_unit_stride,large_L3,1048576,5000000,history-correlated,compulsory+streaming (prefetch-friendly),grid
1302,1302_grid_b27_meta_correlated_nested__c02_sequential_wraparound_large.c,b27,meta_correlated_nested,c02,sequential_wraparound_large,xlarge_DRAM,8388608,8000000,history-correlated,compulsory+streaming (prefetch-friendly),grid
1303,1303_grid_b27_meta_correlated_nested__c03_fixed_stride_small.c,b27,meta_correlated_nested,c03,fixed_stride_small,small_L1,4096,1000000,history-correlated,compulsory+streaming (prefetch-friendly),grid
1304,1304_grid_b27_meta_correlated_nested__c04_fixed_stride_large.c,b27,meta_correlated_nested,c04,fixed_stride_large,medium_L2,65536,3000000,history-correlated,compulsory+streaming (prefetch-friendly),grid
1305,1305_grid_b27_meta_correlated_nested__c05_random_small_working_set.c,b27,meta_correlated_nested,c05,random_small_working_set,large_L3,1048576,5000000,history-correlated,temporal reuse (capacity-sensitive),grid
1306,1306_grid_b27_meta_correlated_nested__c06_random_full_working_set.c,b27,meta_correlated_nested,c06,random_full_working_set,xlarge_DRAM,8388608,8000000,history-correlated,capacity (uniform random),grid
1307,1307_grid_b27_meta_correlated_nested__c07_matrix_row_major.c,b27,meta_correlated_nested,c07,matrix_row_major,small_L1,4096,1000000,history-correlated,mixed spatial (traversal-order dependent),grid
1308,1308_grid_b27_meta_correlated_nested__c08_matrix_col_major.c,b27,meta_correlated_nested,c08,matrix_col_major,medium_L2,65536,3000000,history-correlated,mixed spatial (traversal-order dependent),grid
1309,1309_grid_b27_meta_correlated_nested__c09_matrix_tiled_blocked.c,b27,meta_correlated_nested,c09,matrix_tiled_blocked,large_L3,1048576,5000000,history-correlated,mixed spatial (traversal-order dependent),grid
1310,1310_grid_b27_meta_correlated_nested__c10_pointer_chase_linked_list.c,b27,meta_correlated_nested,c10,pointer_chase_linked_list,xlarge_DRAM,8388608,8000000,history-correlated,"compulsory+latency-bound (dependent loads, no prefetch)",grid
1311,1311_grid_b27_meta_correlated_nested__c11_sliding_window.c,b27,meta_correlated_nested,c11,sliding_window,small_L1,4096,1000000,history-correlated,mixed/unclassified,grid
1312,1312_grid_b27_meta_correlated_nested__c12_prime_stride_anti_alias.c,b27,meta_correlated_nested,c12,prime_stride_anti_alias,medium_L2,65536,3000000,history-correlated,compulsory+streaming (prefetch-friendly),grid
1313,1313_grid_b27_meta_correlated_nested__c13_two_stream_interleaved.c,b27,meta_correlated_nested,c13,two_stream_interleaved,large_L3,1048576,5000000,history-correlated,mixed/unclassified,grid
1314,1314_grid_b27_meta_correlated_nested__c14_temporal_burst_reuse.c,b27,meta_correlated_nested,c14,temporal_burst_reuse,xlarge_DRAM,8388608,8000000,history-correlated,mixed/unclassified,grid
1315,1315_grid_b27_meta_correlated_nested__c15_reverse_sequential.c,b27,meta_correlated_nested,c15,reverse_sequential,small_L1,4096,1000000,history-correlated,compulsory+streaming (prefetch-friendly),grid
1316,1316_grid_b27_meta_correlated_nested__c16_block_sparse.c,b27,meta_correlated_nested,c16,block_sparse,medium_L2,65536,3000000,history-correlated,mixed spatial (traversal-order dependent),grid
1317,1317_grid_b27_meta_correlated_nested__c17_zipf_like_hot_buckets.c,b27,meta_correlated_nested,c17,zipf_like_hot_buckets,large_L3,1048576,5000000,history-correlated,temporal reuse (skewed/hot-set),grid
1318,1318_grid_b27_meta_correlated_nested__c18_producer_consumer_two_pointer.c,b27,meta_correlated_nested,c18,producer_consumer_two_pointer,xlarge_DRAM,8388608,8000000,history-correlated,mixed/unclassified,grid
1319,1319_grid_b27_meta_correlated_nested__c19_matrix_diagonal_wavefront.c,b27,meta_correlated_nested,c19,matrix_diagonal_wavefront,small_L1,4096,1000000,history-correlated,mixed spatial (traversal-order dependent),grid
1320,1320_grid_b27_meta_correlated_nested__c20_hot_cold_phase_alternation.c,b27,meta_correlated_nested,c20,hot_cold_phase_alternation,medium_L2,65536,3000000,history-correlated,temporal reuse (skewed/hot-set),grid
1321,1321_grid_b27_meta_correlated_nested__c21_pyramid_multiresolution_stride.c,b27,meta_correlated_nested,c21,pyramid_multiresolution_stride,large_L3,1048576,5000000,history-correlated,compulsory+streaming (prefetch-friendly),grid
1322,1322_grid_b27_meta_correlated_nested__c22_tensor_3d_slice_poor_locality.c,b27,meta_correlated_nested,c22,tensor_3d_slice_poor_locality,xlarge_DRAM,8388608,8000000,history-correlated,mixed/unclassified,grid
1323,1323_grid_b27_meta_correlated_nested__c23_struct_of_array_field_burst.c,b27,meta_correlated_nested,c23,struct_of_array_field_burst,small_L1,4096,1000000,history-correlated,compulsory+streaming (prefetch-friendly),grid
1324,1324_grid_b27_meta_correlated_nested__c24_banked_interleaved_access.c,b27,meta_correlated_nested,c24,banked_interleaved_access,medium_L2,65536,3000000,history-correlated,compulsory+streaming (prefetch-friendly),grid
1325,1325_grid_b27_meta_correlated_nested__c25_lru_recency_weighted_reuse.c,b27,meta_correlated_nested,c25,lru_recency_weighted_reuse,large_L3,1048576,5000000,history-correlated,temporal reuse (capacity-sensitive),grid
1326,1326_grid_b27_meta_correlated_nested__c26_geometric_stride_growth.c,b27,meta_correlated_nested,c26,geometric_stride_growth,xlarge_DRAM,8388608,8000000,history-correlated,compulsory+streaming (prefetch-friendly),grid
1327,1327_grid_b27_meta_correlated_nested__c27_reduction_broadcast_pattern.c,b27,meta_correlated_nested,c27,reduction_broadcast_pattern,small_L1,4096,1000000,history-correlated,compulsory+streaming (prefetch-friendly),grid
1328,1328_grid_b27_meta_correlated_nested__c28_morton_zorder_traversal.c,b27,meta_correlated_nested,c28,morton_zorder_traversal,medium_L2,65536,3000000,history-correlated,mixed spatial (traversal-order dependent),grid
1329,1329_grid_b27_meta_correlated_nested__c29_ping_pong_cache_thrash.c,b27,meta_correlated_nested,c29,ping_pong_cache_thrash,large_L3,1048576,5000000,history-correlated,conflict/associativity,grid
1330,1330_grid_b27_meta_correlated_nested__c30_gather_scatter_indirect_table.c,b27,meta_correlated_nested,c30,gather_scatter_indirect_table,xlarge_DRAM,8388608,8000000,history-correlated,capacity (uniform random),grid
1331,1331_grid_b27_meta_correlated_nested__c31_fibonacci_stride.c,b27,meta_correlated_nested,c31,fibonacci_stride,small_L1,4096,1000000,history-correlated,compulsory+streaming (prefetch-friendly),grid
1332,1332_grid_b27_meta_correlated_nested__c32_hilbert_curve_traversal.c,b27,meta_correlated_nested,c32,hilbert_curve_traversal,medium_L2,65536,3000000,history-correlated,mixed spatial (traversal-order dependent),grid
1333,1333_grid_b27_meta_correlated_nested__c33_cache_set_conflict_stress.c,b27,meta_correlated_nested,c33,cache_set_conflict_stress,large_L3,1048576,5000000,history-correlated,conflict/associativity,grid
1334,1334_grid_b27_meta_correlated_nested__c34_variable_length_burst_reuse.c,b27,meta_correlated_nested,c34,variable_length_burst_reuse,xlarge_DRAM,8388608,8000000,history-correlated,capacity (uniform random),grid
1335,1335_grid_b27_meta_correlated_nested__c35_checkerboard_red_black.c,b27,meta_correlated_nested,c35,checkerboard_red_black,small_L1,4096,1000000,history-correlated,mixed spatial (traversal-order dependent),grid
1336,1336_grid_b27_meta_correlated_nested__c36_im2col_overlapping_patch_gather.c,b27,meta_correlated_nested,c36,im2col_overlapping_patch_gather,medium_L2,65536,3000000,history-correlated,compulsory+streaming (prefetch-friendly),grid
1337,1337_grid_b27_meta_correlated_nested__c37_double_buffer_epoch_alternation.c,b27,meta_correlated_nested,c37,double_buffer_epoch_alternation,large_L3,1048576,5000000,history-correlated,conflict+capacity (thrashing/alternation),grid
1338,1338_grid_b27_meta_correlated_nested__c38_cuckoo_double_hash_probe.c,b27,meta_correlated_nested,c38,cuckoo_double_hash_probe,xlarge_DRAM,8388608,8000000,history-correlated,capacity+compulsory (indirect gather/scatter),grid
1339,1339_grid_b27_meta_correlated_nested__c39_bounded_random_walk.c,b27,meta_correlated_nested,c39,bounded_random_walk,small_L1,4096,1000000,history-correlated,capacity (uniform random),grid
1340,1340_grid_b27_meta_correlated_nested__c40_causal_attention_triangular.c,b27,meta_correlated_nested,c40,causal_attention_triangular,medium_L2,65536,3000000,history-correlated,mixed/unclassified,grid
1341,1341_grid_b27_meta_correlated_nested__c41_skip_list_multilevel_hop.c,b27,meta_correlated_nested,c41,skip_list_multilevel_hop,large_L3,1048576,5000000,history-correlated,"compulsory+latency-bound (dependent loads, no prefetch)",grid
1342,1342_grid_b27_meta_correlated_nested__c42_cache_oblivious_funnel_stride.c,b27,meta_correlated_nested,c42,cache_oblivious_funnel_stride,xlarge_DRAM,8388608,8000000,history-correlated,compulsory+streaming (prefetch-friendly),grid
1343,1343_grid_b27_meta_correlated_nested__c43_whole_buffer_rotation.c,b27,meta_correlated_nested,c43,whole_buffer_rotation,small_L1,4096,1000000,history-correlated,mixed/unclassified,grid
1344,1344_grid_b27_meta_correlated_nested__c44_naive_gemm_row_col_alternation.c,b27,meta_correlated_nested,c44,naive_gemm_row_col_alternation,medium_L2,65536,3000000,history-correlated,compulsory+streaming (prefetch-friendly),grid
1345,1345_grid_b27_meta_correlated_nested__c45_read_hot_write_cold_split.c,b27,meta_correlated_nested,c45,read_hot_write_cold_split,large_L3,1048576,5000000,history-correlated,temporal reuse (skewed/hot-set),grid
1346,1346_grid_b27_meta_correlated_nested__c46_cantor_gap_sparse.c,b27,meta_correlated_nested,c46,cantor_gap_sparse,xlarge_DRAM,8388608,8000000,history-correlated,"compulsory (sparse, low reuse)",grid
1347,1347_grid_b27_meta_correlated_nested__c47_false_sharing_line_cycle.c,b27,meta_correlated_nested,c47,false_sharing_line_cycle,small_L1,4096,1000000,history-correlated,conflict/associativity,grid
1348,1348_grid_b27_meta_correlated_nested__c48_exponential_backoff_probe.c,b27,meta_correlated_nested,c48,exponential_backoff_probe,medium_L2,65536,3000000,history-correlated,capacity (uniform random),grid
1349,1349_grid_b27_meta_correlated_nested__c49_binary_heap_parent_child.c,b27,meta_correlated_nested,c49,binary_heap_parent_child,large_L3,1048576,5000000,history-correlated,capacity (uniform random),grid
1350,1350_grid_b27_meta_correlated_nested__c50_streaming_with_periodic_flush.c,b27,meta_correlated_nested,c50,streaming_with_periodic_flush,xlarge_DRAM,8388608,8000000,history-correlated,compulsory+streaming (prefetch-friendly),grid
1351,1351_grid_b28_data_driven_stack_machine__c01_sequential_unit_stride.c,b28,data_driven_stack_machine,c01,sequential_unit_stride,xlarge_DRAM,8388608,8000000,control-flow/call-return,compulsory+streaming (prefetch-friendly),grid
1352,1352_grid_b28_data_driven_stack_machine__c02_sequential_wraparound_large.c,b28,data_driven_stack_machine,c02,sequential_wraparound_large,small_L1,4096,1000000,control-flow/call-return,compulsory+streaming (prefetch-friendly),grid
1353,1353_grid_b28_data_driven_stack_machine__c03_fixed_stride_small.c,b28,data_driven_stack_machine,c03,fixed_stride_small,medium_L2,65536,3000000,control-flow/call-return,compulsory+streaming (prefetch-friendly),grid
1354,1354_grid_b28_data_driven_stack_machine__c04_fixed_stride_large.c,b28,data_driven_stack_machine,c04,fixed_stride_large,large_L3,1048576,5000000,control-flow/call-return,compulsory+streaming (prefetch-friendly),grid
1355,1355_grid_b28_data_driven_stack_machine__c05_random_small_working_set.c,b28,data_driven_stack_machine,c05,random_small_working_set,xlarge_DRAM,8388608,8000000,control-flow/call-return,temporal reuse (capacity-sensitive),grid
1356,1356_grid_b28_data_driven_stack_machine__c06_random_full_working_set.c,b28,data_driven_stack_machine,c06,random_full_working_set,small_L1,4096,1000000,control-flow/call-return,capacity (uniform random),grid
1357,1357_grid_b28_data_driven_stack_machine__c07_matrix_row_major.c,b28,data_driven_stack_machine,c07,matrix_row_major,medium_L2,65536,3000000,control-flow/call-return,mixed spatial (traversal-order dependent),grid
1358,1358_grid_b28_data_driven_stack_machine__c08_matrix_col_major.c,b28,data_driven_stack_machine,c08,matrix_col_major,large_L3,1048576,5000000,control-flow/call-return,mixed spatial (traversal-order dependent),grid
1359,1359_grid_b28_data_driven_stack_machine__c09_matrix_tiled_blocked.c,b28,data_driven_stack_machine,c09,matrix_tiled_blocked,xlarge_DRAM,8388608,8000000,control-flow/call-return,mixed spatial (traversal-order dependent),grid
1360,1360_grid_b28_data_driven_stack_machine__c10_pointer_chase_linked_list.c,b28,data_driven_stack_machine,c10,pointer_chase_linked_list,small_L1,4096,1000000,control-flow/call-return,"compulsory+latency-bound (dependent loads, no prefetch)",grid
1361,1361_grid_b28_data_driven_stack_machine__c11_sliding_window.c,b28,data_driven_stack_machine,c11,sliding_window,medium_L2,65536,3000000,control-flow/call-return,mixed/unclassified,grid
1362,1362_grid_b28_data_driven_stack_machine__c12_prime_stride_anti_alias.c,b28,data_driven_stack_machine,c12,prime_stride_anti_alias,large_L3,1048576,5000000,control-flow/call-return,compulsory+streaming (prefetch-friendly),grid
1363,1363_grid_b28_data_driven_stack_machine__c13_two_stream_interleaved.c,b28,data_driven_stack_machine,c13,two_stream_interleaved,xlarge_DRAM,8388608,8000000,control-flow/call-return,mixed/unclassified,grid
1364,1364_grid_b28_data_driven_stack_machine__c14_temporal_burst_reuse.c,b28,data_driven_stack_machine,c14,temporal_burst_reuse,small_L1,4096,1000000,control-flow/call-return,mixed/unclassified,grid
1365,1365_grid_b28_data_driven_stack_machine__c15_reverse_sequential.c,b28,data_driven_stack_machine,c15,reverse_sequential,medium_L2,65536,3000000,control-flow/call-return,compulsory+streaming (prefetch-friendly),grid
1366,1366_grid_b28_data_driven_stack_machine__c16_block_sparse.c,b28,data_driven_stack_machine,c16,block_sparse,large_L3,1048576,5000000,control-flow/call-return,mixed spatial (traversal-order dependent),grid
1367,1367_grid_b28_data_driven_stack_machine__c17_zipf_like_hot_buckets.c,b28,data_driven_stack_machine,c17,zipf_like_hot_buckets,xlarge_DRAM,8388608,8000000,control-flow/call-return,temporal reuse (skewed/hot-set),grid
1368,1368_grid_b28_data_driven_stack_machine__c18_producer_consumer_two_pointer.c,b28,data_driven_stack_machine,c18,producer_consumer_two_pointer,small_L1,4096,1000000,control-flow/call-return,mixed/unclassified,grid
1369,1369_grid_b28_data_driven_stack_machine__c19_matrix_diagonal_wavefront.c,b28,data_driven_stack_machine,c19,matrix_diagonal_wavefront,medium_L2,65536,3000000,control-flow/call-return,mixed spatial (traversal-order dependent),grid
1370,1370_grid_b28_data_driven_stack_machine__c20_hot_cold_phase_alternation.c,b28,data_driven_stack_machine,c20,hot_cold_phase_alternation,large_L3,1048576,5000000,control-flow/call-return,temporal reuse (skewed/hot-set),grid
1371,1371_grid_b28_data_driven_stack_machine__c21_pyramid_multiresolution_stride.c,b28,data_driven_stack_machine,c21,pyramid_multiresolution_stride,xlarge_DRAM,8388608,8000000,control-flow/call-return,compulsory+streaming (prefetch-friendly),grid
1372,1372_grid_b28_data_driven_stack_machine__c22_tensor_3d_slice_poor_locality.c,b28,data_driven_stack_machine,c22,tensor_3d_slice_poor_locality,small_L1,4096,1000000,control-flow/call-return,mixed/unclassified,grid
1373,1373_grid_b28_data_driven_stack_machine__c23_struct_of_array_field_burst.c,b28,data_driven_stack_machine,c23,struct_of_array_field_burst,medium_L2,65536,3000000,control-flow/call-return,compulsory+streaming (prefetch-friendly),grid
1374,1374_grid_b28_data_driven_stack_machine__c24_banked_interleaved_access.c,b28,data_driven_stack_machine,c24,banked_interleaved_access,large_L3,1048576,5000000,control-flow/call-return,compulsory+streaming (prefetch-friendly),grid
1375,1375_grid_b28_data_driven_stack_machine__c25_lru_recency_weighted_reuse.c,b28,data_driven_stack_machine,c25,lru_recency_weighted_reuse,xlarge_DRAM,8388608,8000000,control-flow/call-return,temporal reuse (capacity-sensitive),grid
1376,1376_grid_b28_data_driven_stack_machine__c26_geometric_stride_growth.c,b28,data_driven_stack_machine,c26,geometric_stride_growth,small_L1,4096,1000000,control-flow/call-return,compulsory+streaming (prefetch-friendly),grid
1377,1377_grid_b28_data_driven_stack_machine__c27_reduction_broadcast_pattern.c,b28,data_driven_stack_machine,c27,reduction_broadcast_pattern,medium_L2,65536,3000000,control-flow/call-return,compulsory+streaming (prefetch-friendly),grid
1378,1378_grid_b28_data_driven_stack_machine__c28_morton_zorder_traversal.c,b28,data_driven_stack_machine,c28,morton_zorder_traversal,large_L3,1048576,5000000,control-flow/call-return,mixed spatial (traversal-order dependent),grid
1379,1379_grid_b28_data_driven_stack_machine__c29_ping_pong_cache_thrash.c,b28,data_driven_stack_machine,c29,ping_pong_cache_thrash,xlarge_DRAM,8388608,8000000,control-flow/call-return,conflict/associativity,grid
1380,1380_grid_b28_data_driven_stack_machine__c30_gather_scatter_indirect_table.c,b28,data_driven_stack_machine,c30,gather_scatter_indirect_table,small_L1,4096,1000000,control-flow/call-return,capacity (uniform random),grid
1381,1381_grid_b28_data_driven_stack_machine__c31_fibonacci_stride.c,b28,data_driven_stack_machine,c31,fibonacci_stride,medium_L2,65536,3000000,control-flow/call-return,compulsory+streaming (prefetch-friendly),grid
1382,1382_grid_b28_data_driven_stack_machine__c32_hilbert_curve_traversal.c,b28,data_driven_stack_machine,c32,hilbert_curve_traversal,large_L3,1048576,5000000,control-flow/call-return,mixed spatial (traversal-order dependent),grid
1383,1383_grid_b28_data_driven_stack_machine__c33_cache_set_conflict_stress.c,b28,data_driven_stack_machine,c33,cache_set_conflict_stress,xlarge_DRAM,8388608,8000000,control-flow/call-return,conflict/associativity,grid
1384,1384_grid_b28_data_driven_stack_machine__c34_variable_length_burst_reuse.c,b28,data_driven_stack_machine,c34,variable_length_burst_reuse,small_L1,4096,1000000,control-flow/call-return,capacity (uniform random),grid
1385,1385_grid_b28_data_driven_stack_machine__c35_checkerboard_red_black.c,b28,data_driven_stack_machine,c35,checkerboard_red_black,medium_L2,65536,3000000,control-flow/call-return,mixed spatial (traversal-order dependent),grid
1386,1386_grid_b28_data_driven_stack_machine__c36_im2col_overlapping_patch_gather.c,b28,data_driven_stack_machine,c36,im2col_overlapping_patch_gather,large_L3,1048576,5000000,control-flow/call-return,compulsory+streaming (prefetch-friendly),grid
1387,1387_grid_b28_data_driven_stack_machine__c37_double_buffer_epoch_alternation.c,b28,data_driven_stack_machine,c37,double_buffer_epoch_alternation,xlarge_DRAM,8388608,8000000,control-flow/call-return,conflict+capacity (thrashing/alternation),grid
1388,1388_grid_b28_data_driven_stack_machine__c38_cuckoo_double_hash_probe.c,b28,data_driven_stack_machine,c38,cuckoo_double_hash_probe,small_L1,4096,1000000,control-flow/call-return,capacity+compulsory (indirect gather/scatter),grid
1389,1389_grid_b28_data_driven_stack_machine__c39_bounded_random_walk.c,b28,data_driven_stack_machine,c39,bounded_random_walk,medium_L2,65536,3000000,control-flow/call-return,capacity (uniform random),grid
1390,1390_grid_b28_data_driven_stack_machine__c40_causal_attention_triangular.c,b28,data_driven_stack_machine,c40,causal_attention_triangular,large_L3,1048576,5000000,control-flow/call-return,mixed/unclassified,grid
1391,1391_grid_b28_data_driven_stack_machine__c41_skip_list_multilevel_hop.c,b28,data_driven_stack_machine,c41,skip_list_multilevel_hop,xlarge_DRAM,8388608,8000000,control-flow/call-return,"compulsory+latency-bound (dependent loads, no prefetch)",grid
1392,1392_grid_b28_data_driven_stack_machine__c42_cache_oblivious_funnel_stride.c,b28,data_driven_stack_machine,c42,cache_oblivious_funnel_stride,small_L1,4096,1000000,control-flow/call-return,compulsory+streaming (prefetch-friendly),grid
1393,1393_grid_b28_data_driven_stack_machine__c43_whole_buffer_rotation.c,b28,data_driven_stack_machine,c43,whole_buffer_rotation,medium_L2,65536,3000000,control-flow/call-return,mixed/unclassified,grid
1394,1394_grid_b28_data_driven_stack_machine__c44_naive_gemm_row_col_alternation.c,b28,data_driven_stack_machine,c44,naive_gemm_row_col_alternation,large_L3,1048576,5000000,control-flow/call-return,compulsory+streaming (prefetch-friendly),grid
1395,1395_grid_b28_data_driven_stack_machine__c45_read_hot_write_cold_split.c,b28,data_driven_stack_machine,c45,read_hot_write_cold_split,xlarge_DRAM,8388608,8000000,control-flow/call-return,temporal reuse (skewed/hot-set),grid
1396,1396_grid_b28_data_driven_stack_machine__c46_cantor_gap_sparse.c,b28,data_driven_stack_machine,c46,cantor_gap_sparse,small_L1,4096,1000000,control-flow/call-return,"compulsory (sparse, low reuse)",grid
1397,1397_grid_b28_data_driven_stack_machine__c47_false_sharing_line_cycle.c,b28,data_driven_stack_machine,c47,false_sharing_line_cycle,medium_L2,65536,3000000,control-flow/call-return,conflict/associativity,grid
1398,1398_grid_b28_data_driven_stack_machine__c48_exponential_backoff_probe.c,b28,data_driven_stack_machine,c48,exponential_backoff_probe,large_L3,1048576,5000000,control-flow/call-return,capacity (uniform random),grid
1399,1399_grid_b28_data_driven_stack_machine__c49_binary_heap_parent_child.c,b28,data_driven_stack_machine,c49,binary_heap_parent_child,xlarge_DRAM,8388608,8000000,control-flow/call-return,capacity (uniform random),grid
1400,1400_grid_b28_data_driven_stack_machine__c50_streaming_with_periodic_flush.c,b28,data_driven_stack_machine,c50,streaming_with_periodic_flush,small_L1,4096,1000000,control-flow/call-return,compulsory+streaming (prefetch-friendly),grid
1401,1401_grid_b29_bursty_streak_pattern__c01_sequential_unit_stride.c,b29,bursty_streak_pattern,c01,sequential_unit_stride,small_L1,4096,1000000,static/trivial,compulsory+streaming (prefetch-friendly),grid
1402,1402_grid_b29_bursty_streak_pattern__c02_sequential_wraparound_large.c,b29,bursty_streak_pattern,c02,sequential_wraparound_large,medium_L2,65536,3000000,static/trivial,compulsory+streaming (prefetch-friendly),grid
1403,1403_grid_b29_bursty_streak_pattern__c03_fixed_stride_small.c,b29,bursty_streak_pattern,c03,fixed_stride_small,large_L3,1048576,5000000,static/trivial,compulsory+streaming (prefetch-friendly),grid
1404,1404_grid_b29_bursty_streak_pattern__c04_fixed_stride_large.c,b29,bursty_streak_pattern,c04,fixed_stride_large,xlarge_DRAM,8388608,8000000,static/trivial,compulsory+streaming (prefetch-friendly),grid
1405,1405_grid_b29_bursty_streak_pattern__c05_random_small_working_set.c,b29,bursty_streak_pattern,c05,random_small_working_set,small_L1,4096,1000000,static/trivial,temporal reuse (capacity-sensitive),grid
1406,1406_grid_b29_bursty_streak_pattern__c06_random_full_working_set.c,b29,bursty_streak_pattern,c06,random_full_working_set,medium_L2,65536,3000000,static/trivial,capacity (uniform random),grid
1407,1407_grid_b29_bursty_streak_pattern__c07_matrix_row_major.c,b29,bursty_streak_pattern,c07,matrix_row_major,large_L3,1048576,5000000,static/trivial,mixed spatial (traversal-order dependent),grid
1408,1408_grid_b29_bursty_streak_pattern__c08_matrix_col_major.c,b29,bursty_streak_pattern,c08,matrix_col_major,xlarge_DRAM,8388608,8000000,static/trivial,mixed spatial (traversal-order dependent),grid
1409,1409_grid_b29_bursty_streak_pattern__c09_matrix_tiled_blocked.c,b29,bursty_streak_pattern,c09,matrix_tiled_blocked,small_L1,4096,1000000,static/trivial,mixed spatial (traversal-order dependent),grid
1410,1410_grid_b29_bursty_streak_pattern__c10_pointer_chase_linked_list.c,b29,bursty_streak_pattern,c10,pointer_chase_linked_list,medium_L2,65536,3000000,static/trivial,"compulsory+latency-bound (dependent loads, no prefetch)",grid
1411,1411_grid_b29_bursty_streak_pattern__c11_sliding_window.c,b29,bursty_streak_pattern,c11,sliding_window,large_L3,1048576,5000000,static/trivial,mixed/unclassified,grid
1412,1412_grid_b29_bursty_streak_pattern__c12_prime_stride_anti_alias.c,b29,bursty_streak_pattern,c12,prime_stride_anti_alias,xlarge_DRAM,8388608,8000000,static/trivial,compulsory+streaming (prefetch-friendly),grid
1413,1413_grid_b29_bursty_streak_pattern__c13_two_stream_interleaved.c,b29,bursty_streak_pattern,c13,two_stream_interleaved,small_L1,4096,1000000,static/trivial,mixed/unclassified,grid
1414,1414_grid_b29_bursty_streak_pattern__c14_temporal_burst_reuse.c,b29,bursty_streak_pattern,c14,temporal_burst_reuse,medium_L2,65536,3000000,static/trivial,mixed/unclassified,grid
1415,1415_grid_b29_bursty_streak_pattern__c15_reverse_sequential.c,b29,bursty_streak_pattern,c15,reverse_sequential,large_L3,1048576,5000000,static/trivial,compulsory+streaming (prefetch-friendly),grid
1416,1416_grid_b29_bursty_streak_pattern__c16_block_sparse.c,b29,bursty_streak_pattern,c16,block_sparse,xlarge_DRAM,8388608,8000000,static/trivial,mixed spatial (traversal-order dependent),grid
1417,1417_grid_b29_bursty_streak_pattern__c17_zipf_like_hot_buckets.c,b29,bursty_streak_pattern,c17,zipf_like_hot_buckets,small_L1,4096,1000000,static/trivial,temporal reuse (skewed/hot-set),grid
1418,1418_grid_b29_bursty_streak_pattern__c18_producer_consumer_two_pointer.c,b29,bursty_streak_pattern,c18,producer_consumer_two_pointer,medium_L2,65536,3000000,static/trivial,mixed/unclassified,grid
1419,1419_grid_b29_bursty_streak_pattern__c19_matrix_diagonal_wavefront.c,b29,bursty_streak_pattern,c19,matrix_diagonal_wavefront,large_L3,1048576,5000000,static/trivial,mixed spatial (traversal-order dependent),grid
1420,1420_grid_b29_bursty_streak_pattern__c20_hot_cold_phase_alternation.c,b29,bursty_streak_pattern,c20,hot_cold_phase_alternation,xlarge_DRAM,8388608,8000000,static/trivial,temporal reuse (skewed/hot-set),grid
1421,1421_grid_b29_bursty_streak_pattern__c21_pyramid_multiresolution_stride.c,b29,bursty_streak_pattern,c21,pyramid_multiresolution_stride,small_L1,4096,1000000,static/trivial,compulsory+streaming (prefetch-friendly),grid
1422,1422_grid_b29_bursty_streak_pattern__c22_tensor_3d_slice_poor_locality.c,b29,bursty_streak_pattern,c22,tensor_3d_slice_poor_locality,medium_L2,65536,3000000,static/trivial,mixed/unclassified,grid
1423,1423_grid_b29_bursty_streak_pattern__c23_struct_of_array_field_burst.c,b29,bursty_streak_pattern,c23,struct_of_array_field_burst,large_L3,1048576,5000000,static/trivial,compulsory+streaming (prefetch-friendly),grid
1424,1424_grid_b29_bursty_streak_pattern__c24_banked_interleaved_access.c,b29,bursty_streak_pattern,c24,banked_interleaved_access,xlarge_DRAM,8388608,8000000,static/trivial,compulsory+streaming (prefetch-friendly),grid
1425,1425_grid_b29_bursty_streak_pattern__c25_lru_recency_weighted_reuse.c,b29,bursty_streak_pattern,c25,lru_recency_weighted_reuse,small_L1,4096,1000000,static/trivial,temporal reuse (capacity-sensitive),grid
1426,1426_grid_b29_bursty_streak_pattern__c26_geometric_stride_growth.c,b29,bursty_streak_pattern,c26,geometric_stride_growth,medium_L2,65536,3000000,static/trivial,compulsory+streaming (prefetch-friendly),grid
1427,1427_grid_b29_bursty_streak_pattern__c27_reduction_broadcast_pattern.c,b29,bursty_streak_pattern,c27,reduction_broadcast_pattern,large_L3,1048576,5000000,static/trivial,compulsory+streaming (prefetch-friendly),grid
1428,1428_grid_b29_bursty_streak_pattern__c28_morton_zorder_traversal.c,b29,bursty_streak_pattern,c28,morton_zorder_traversal,xlarge_DRAM,8388608,8000000,static/trivial,mixed spatial (traversal-order dependent),grid
1429,1429_grid_b29_bursty_streak_pattern__c29_ping_pong_cache_thrash.c,b29,bursty_streak_pattern,c29,ping_pong_cache_thrash,small_L1,4096,1000000,static/trivial,conflict/associativity,grid
1430,1430_grid_b29_bursty_streak_pattern__c30_gather_scatter_indirect_table.c,b29,bursty_streak_pattern,c30,gather_scatter_indirect_table,medium_L2,65536,3000000,static/trivial,capacity (uniform random),grid
1431,1431_grid_b29_bursty_streak_pattern__c31_fibonacci_stride.c,b29,bursty_streak_pattern,c31,fibonacci_stride,large_L3,1048576,5000000,static/trivial,compulsory+streaming (prefetch-friendly),grid
1432,1432_grid_b29_bursty_streak_pattern__c32_hilbert_curve_traversal.c,b29,bursty_streak_pattern,c32,hilbert_curve_traversal,xlarge_DRAM,8388608,8000000,static/trivial,mixed spatial (traversal-order dependent),grid
1433,1433_grid_b29_bursty_streak_pattern__c33_cache_set_conflict_stress.c,b29,bursty_streak_pattern,c33,cache_set_conflict_stress,small_L1,4096,1000000,static/trivial,conflict/associativity,grid
1434,1434_grid_b29_bursty_streak_pattern__c34_variable_length_burst_reuse.c,b29,bursty_streak_pattern,c34,variable_length_burst_reuse,medium_L2,65536,3000000,static/trivial,capacity (uniform random),grid
1435,1435_grid_b29_bursty_streak_pattern__c35_checkerboard_red_black.c,b29,bursty_streak_pattern,c35,checkerboard_red_black,large_L3,1048576,5000000,static/trivial,mixed spatial (traversal-order dependent),grid
1436,1436_grid_b29_bursty_streak_pattern__c36_im2col_overlapping_patch_gather.c,b29,bursty_streak_pattern,c36,im2col_overlapping_patch_gather,xlarge_DRAM,8388608,8000000,static/trivial,compulsory+streaming (prefetch-friendly),grid
1437,1437_grid_b29_bursty_streak_pattern__c37_double_buffer_epoch_alternation.c,b29,bursty_streak_pattern,c37,double_buffer_epoch_alternation,small_L1,4096,1000000,static/trivial,conflict+capacity (thrashing/alternation),grid
1438,1438_grid_b29_bursty_streak_pattern__c38_cuckoo_double_hash_probe.c,b29,bursty_streak_pattern,c38,cuckoo_double_hash_probe,medium_L2,65536,3000000,static/trivial,capacity+compulsory (indirect gather/scatter),grid
1439,1439_grid_b29_bursty_streak_pattern__c39_bounded_random_walk.c,b29,bursty_streak_pattern,c39,bounded_random_walk,large_L3,1048576,5000000,static/trivial,capacity (uniform random),grid
1440,1440_grid_b29_bursty_streak_pattern__c40_causal_attention_triangular.c,b29,bursty_streak_pattern,c40,causal_attention_triangular,xlarge_DRAM,8388608,8000000,static/trivial,mixed/unclassified,grid
1441,1441_grid_b29_bursty_streak_pattern__c41_skip_list_multilevel_hop.c,b29,bursty_streak_pattern,c41,skip_list_multilevel_hop,small_L1,4096,1000000,static/trivial,"compulsory+latency-bound (dependent loads, no prefetch)",grid
1442,1442_grid_b29_bursty_streak_pattern__c42_cache_oblivious_funnel_stride.c,b29,bursty_streak_pattern,c42,cache_oblivious_funnel_stride,medium_L2,65536,3000000,static/trivial,compulsory+streaming (prefetch-friendly),grid
1443,1443_grid_b29_bursty_streak_pattern__c43_whole_buffer_rotation.c,b29,bursty_streak_pattern,c43,whole_buffer_rotation,large_L3,1048576,5000000,static/trivial,mixed/unclassified,grid
1444,1444_grid_b29_bursty_streak_pattern__c44_naive_gemm_row_col_alternation.c,b29,bursty_streak_pattern,c44,naive_gemm_row_col_alternation,xlarge_DRAM,8388608,8000000,static/trivial,compulsory+streaming (prefetch-friendly),grid
1445,1445_grid_b29_bursty_streak_pattern__c45_read_hot_write_cold_split.c,b29,bursty_streak_pattern,c45,read_hot_write_cold_split,small_L1,4096,1000000,static/trivial,temporal reuse (skewed/hot-set),grid
1446,1446_grid_b29_bursty_streak_pattern__c46_cantor_gap_sparse.c,b29,bursty_streak_pattern,c46,cantor_gap_sparse,medium_L2,65536,3000000,static/trivial,"compulsory (sparse, low reuse)",grid
1447,1447_grid_b29_bursty_streak_pattern__c47_false_sharing_line_cycle.c,b29,bursty_streak_pattern,c47,false_sharing_line_cycle,large_L3,1048576,5000000,static/trivial,conflict/associativity,grid
1448,1448_grid_b29_bursty_streak_pattern__c48_exponential_backoff_probe.c,b29,bursty_streak_pattern,c48,exponential_backoff_probe,xlarge_DRAM,8388608,8000000,static/trivial,capacity (uniform random),grid
1449,1449_grid_b29_bursty_streak_pattern__c49_binary_heap_parent_child.c,b29,bursty_streak_pattern,c49,binary_heap_parent_child,small_L1,4096,1000000,static/trivial,capacity (uniform random),grid
1450,1450_grid_b29_bursty_streak_pattern__c50_streaming_with_periodic_flush.c,b29,bursty_streak_pattern,c50,streaming_with_periodic_flush,medium_L2,65536,3000000,static/trivial,compulsory+streaming (prefetch-friendly),grid
1451,1451_grid_b30_periodic_interrupt_override__c01_sequential_unit_stride.c,b30,periodic_interrupt_override,c01,sequential_unit_stride,medium_L2,65536,3000000,static/trivial,compulsory+streaming (prefetch-friendly),grid
1452,1452_grid_b30_periodic_interrupt_override__c02_sequential_wraparound_large.c,b30,periodic_interrupt_override,c02,sequential_wraparound_large,large_L3,1048576,5000000,static/trivial,compulsory+streaming (prefetch-friendly),grid
1453,1453_grid_b30_periodic_interrupt_override__c03_fixed_stride_small.c,b30,periodic_interrupt_override,c03,fixed_stride_small,xlarge_DRAM,8388608,8000000,static/trivial,compulsory+streaming (prefetch-friendly),grid
1454,1454_grid_b30_periodic_interrupt_override__c04_fixed_stride_large.c,b30,periodic_interrupt_override,c04,fixed_stride_large,small_L1,4096,1000000,static/trivial,compulsory+streaming (prefetch-friendly),grid
1455,1455_grid_b30_periodic_interrupt_override__c05_random_small_working_set.c,b30,periodic_interrupt_override,c05,random_small_working_set,medium_L2,65536,3000000,static/trivial,temporal reuse (capacity-sensitive),grid
1456,1456_grid_b30_periodic_interrupt_override__c06_random_full_working_set.c,b30,periodic_interrupt_override,c06,random_full_working_set,large_L3,1048576,5000000,static/trivial,capacity (uniform random),grid
1457,1457_grid_b30_periodic_interrupt_override__c07_matrix_row_major.c,b30,periodic_interrupt_override,c07,matrix_row_major,xlarge_DRAM,8388608,8000000,static/trivial,mixed spatial (traversal-order dependent),grid
1458,1458_grid_b30_periodic_interrupt_override__c08_matrix_col_major.c,b30,periodic_interrupt_override,c08,matrix_col_major,small_L1,4096,1000000,static/trivial,mixed spatial (traversal-order dependent),grid
1459,1459_grid_b30_periodic_interrupt_override__c09_matrix_tiled_blocked.c,b30,periodic_interrupt_override,c09,matrix_tiled_blocked,medium_L2,65536,3000000,static/trivial,mixed spatial (traversal-order dependent),grid
1460,1460_grid_b30_periodic_interrupt_override__c10_pointer_chase_linked_list.c,b30,periodic_interrupt_override,c10,pointer_chase_linked_list,large_L3,1048576,5000000,static/trivial,"compulsory+latency-bound (dependent loads, no prefetch)",grid
1461,1461_grid_b30_periodic_interrupt_override__c11_sliding_window.c,b30,periodic_interrupt_override,c11,sliding_window,xlarge_DRAM,8388608,8000000,static/trivial,mixed/unclassified,grid
1462,1462_grid_b30_periodic_interrupt_override__c12_prime_stride_anti_alias.c,b30,periodic_interrupt_override,c12,prime_stride_anti_alias,small_L1,4096,1000000,static/trivial,compulsory+streaming (prefetch-friendly),grid
1463,1463_grid_b30_periodic_interrupt_override__c13_two_stream_interleaved.c,b30,periodic_interrupt_override,c13,two_stream_interleaved,medium_L2,65536,3000000,static/trivial,mixed/unclassified,grid
1464,1464_grid_b30_periodic_interrupt_override__c14_temporal_burst_reuse.c,b30,periodic_interrupt_override,c14,temporal_burst_reuse,large_L3,1048576,5000000,static/trivial,mixed/unclassified,grid
1465,1465_grid_b30_periodic_interrupt_override__c15_reverse_sequential.c,b30,periodic_interrupt_override,c15,reverse_sequential,xlarge_DRAM,8388608,8000000,static/trivial,compulsory+streaming (prefetch-friendly),grid
1466,1466_grid_b30_periodic_interrupt_override__c16_block_sparse.c,b30,periodic_interrupt_override,c16,block_sparse,small_L1,4096,1000000,static/trivial,mixed spatial (traversal-order dependent),grid
1467,1467_grid_b30_periodic_interrupt_override__c17_zipf_like_hot_buckets.c,b30,periodic_interrupt_override,c17,zipf_like_hot_buckets,medium_L2,65536,3000000,static/trivial,temporal reuse (skewed/hot-set),grid
1468,1468_grid_b30_periodic_interrupt_override__c18_producer_consumer_two_pointer.c,b30,periodic_interrupt_override,c18,producer_consumer_two_pointer,large_L3,1048576,5000000,static/trivial,mixed/unclassified,grid
1469,1469_grid_b30_periodic_interrupt_override__c19_matrix_diagonal_wavefront.c,b30,periodic_interrupt_override,c19,matrix_diagonal_wavefront,xlarge_DRAM,8388608,8000000,static/trivial,mixed spatial (traversal-order dependent),grid
1470,1470_grid_b30_periodic_interrupt_override__c20_hot_cold_phase_alternation.c,b30,periodic_interrupt_override,c20,hot_cold_phase_alternation,small_L1,4096,1000000,static/trivial,temporal reuse (skewed/hot-set),grid
1471,1471_grid_b30_periodic_interrupt_override__c21_pyramid_multiresolution_stride.c,b30,periodic_interrupt_override,c21,pyramid_multiresolution_stride,medium_L2,65536,3000000,static/trivial,compulsory+streaming (prefetch-friendly),grid
1472,1472_grid_b30_periodic_interrupt_override__c22_tensor_3d_slice_poor_locality.c,b30,periodic_interrupt_override,c22,tensor_3d_slice_poor_locality,large_L3,1048576,5000000,static/trivial,mixed/unclassified,grid
1473,1473_grid_b30_periodic_interrupt_override__c23_struct_of_array_field_burst.c,b30,periodic_interrupt_override,c23,struct_of_array_field_burst,xlarge_DRAM,8388608,8000000,static/trivial,compulsory+streaming (prefetch-friendly),grid
1474,1474_grid_b30_periodic_interrupt_override__c24_banked_interleaved_access.c,b30,periodic_interrupt_override,c24,banked_interleaved_access,small_L1,4096,1000000,static/trivial,compulsory+streaming (prefetch-friendly),grid
1475,1475_grid_b30_periodic_interrupt_override__c25_lru_recency_weighted_reuse.c,b30,periodic_interrupt_override,c25,lru_recency_weighted_reuse,medium_L2,65536,3000000,static/trivial,temporal reuse (capacity-sensitive),grid
1476,1476_grid_b30_periodic_interrupt_override__c26_geometric_stride_growth.c,b30,periodic_interrupt_override,c26,geometric_stride_growth,large_L3,1048576,5000000,static/trivial,compulsory+streaming (prefetch-friendly),grid
1477,1477_grid_b30_periodic_interrupt_override__c27_reduction_broadcast_pattern.c,b30,periodic_interrupt_override,c27,reduction_broadcast_pattern,xlarge_DRAM,8388608,8000000,static/trivial,compulsory+streaming (prefetch-friendly),grid
1478,1478_grid_b30_periodic_interrupt_override__c28_morton_zorder_traversal.c,b30,periodic_interrupt_override,c28,morton_zorder_traversal,small_L1,4096,1000000,static/trivial,mixed spatial (traversal-order dependent),grid
1479,1479_grid_b30_periodic_interrupt_override__c29_ping_pong_cache_thrash.c,b30,periodic_interrupt_override,c29,ping_pong_cache_thrash,medium_L2,65536,3000000,static/trivial,conflict/associativity,grid
1480,1480_grid_b30_periodic_interrupt_override__c30_gather_scatter_indirect_table.c,b30,periodic_interrupt_override,c30,gather_scatter_indirect_table,large_L3,1048576,5000000,static/trivial,capacity (uniform random),grid
1481,1481_grid_b30_periodic_interrupt_override__c31_fibonacci_stride.c,b30,periodic_interrupt_override,c31,fibonacci_stride,xlarge_DRAM,8388608,8000000,static/trivial,compulsory+streaming (prefetch-friendly),grid
1482,1482_grid_b30_periodic_interrupt_override__c32_hilbert_curve_traversal.c,b30,periodic_interrupt_override,c32,hilbert_curve_traversal,small_L1,4096,1000000,static/trivial,mixed spatial (traversal-order dependent),grid
1483,1483_grid_b30_periodic_interrupt_override__c33_cache_set_conflict_stress.c,b30,periodic_interrupt_override,c33,cache_set_conflict_stress,medium_L2,65536,3000000,static/trivial,conflict/associativity,grid
1484,1484_grid_b30_periodic_interrupt_override__c34_variable_length_burst_reuse.c,b30,periodic_interrupt_override,c34,variable_length_burst_reuse,large_L3,1048576,5000000,static/trivial,capacity (uniform random),grid
1485,1485_grid_b30_periodic_interrupt_override__c35_checkerboard_red_black.c,b30,periodic_interrupt_override,c35,checkerboard_red_black,xlarge_DRAM,8388608,8000000,static/trivial,mixed spatial (traversal-order dependent),grid
1486,1486_grid_b30_periodic_interrupt_override__c36_im2col_overlapping_patch_gather.c,b30,periodic_interrupt_override,c36,im2col_overlapping_patch_gather,small_L1,4096,1000000,static/trivial,compulsory+streaming (prefetch-friendly),grid
1487,1487_grid_b30_periodic_interrupt_override__c37_double_buffer_epoch_alternation.c,b30,periodic_interrupt_override,c37,double_buffer_epoch_alternation,medium_L2,65536,3000000,static/trivial,conflict+capacity (thrashing/alternation),grid
1488,1488_grid_b30_periodic_interrupt_override__c38_cuckoo_double_hash_probe.c,b30,periodic_interrupt_override,c38,cuckoo_double_hash_probe,large_L3,1048576,5000000,static/trivial,capacity+compulsory (indirect gather/scatter),grid
1489,1489_grid_b30_periodic_interrupt_override__c39_bounded_random_walk.c,b30,periodic_interrupt_override,c39,bounded_random_walk,xlarge_DRAM,8388608,8000000,static/trivial,capacity (uniform random),grid
1490,1490_grid_b30_periodic_interrupt_override__c40_causal_attention_triangular.c,b30,periodic_interrupt_override,c40,causal_attention_triangular,small_L1,4096,1000000,static/trivial,mixed/unclassified,grid
1491,1491_grid_b30_periodic_interrupt_override__c41_skip_list_multilevel_hop.c,b30,periodic_interrupt_override,c41,skip_list_multilevel_hop,medium_L2,65536,3000000,static/trivial,"compulsory+latency-bound (dependent loads, no prefetch)",grid
1492,1492_grid_b30_periodic_interrupt_override__c42_cache_oblivious_funnel_stride.c,b30,periodic_interrupt_override,c42,cache_oblivious_funnel_stride,large_L3,1048576,5000000,static/trivial,compulsory+streaming (prefetch-friendly),grid
1493,1493_grid_b30_periodic_interrupt_override__c43_whole_buffer_rotation.c,b30,periodic_interrupt_override,c43,whole_buffer_rotation,xlarge_DRAM,8388608,8000000,static/trivial,mixed/unclassified,grid
1494,1494_grid_b30_periodic_interrupt_override__c44_naive_gemm_row_col_alternation.c,b30,periodic_interrupt_override,c44,naive_gemm_row_col_alternation,small_L1,4096,1000000,static/trivial,compulsory+streaming (prefetch-friendly),grid
1495,1495_grid_b30_periodic_interrupt_override__c45_read_hot_write_cold_split.c,b30,periodic_interrupt_override,c45,read_hot_write_cold_split,medium_L2,65536,3000000,static/trivial,temporal reuse (skewed/hot-set),grid
1496,1496_grid_b30_periodic_interrupt_override__c46_cantor_gap_sparse.c,b30,periodic_interrupt_override,c46,cantor_gap_sparse,large_L3,1048576,5000000,static/trivial,"compulsory (sparse, low reuse)",grid
1497,1497_grid_b30_periodic_interrupt_override__c47_false_sharing_line_cycle.c,b30,periodic_interrupt_override,c47,false_sharing_line_cycle,xlarge_DRAM,8388608,8000000,static/trivial,conflict/associativity,grid
1498,1498_grid_b30_periodic_interrupt_override__c48_exponential_backoff_probe.c,b30,periodic_interrupt_override,c48,exponential_backoff_probe,small_L1,4096,1000000,static/trivial,capacity (uniform random),grid
1499,1499_grid_b30_periodic_interrupt_override__c49_binary_heap_parent_child.c,b30,periodic_interrupt_override,c49,binary_heap_parent_child,medium_L2,65536,3000000,static/trivial,capacity (uniform random),grid
1500,1500_grid_b30_periodic_interrupt_override__c50_streaming_with_periodic_flush.c,b30,periodic_interrupt_override,c50,streaming_with_periodic_flush,large_L3,1048576,5000000,static/trivial,compulsory+streaming (prefetch-friendly),grid
1501,1501_grid_b31_prime_period13__c01_sequential_unit_stride.c,b31,prime_period13,c01,sequential_unit_stride,large_L3,1048576,5000000,static/periodic,compulsory+streaming (prefetch-friendly),grid
1502,1502_grid_b31_prime_period13__c02_sequential_wraparound_large.c,b31,prime_period13,c02,sequential_wraparound_large,xlarge_DRAM,8388608,8000000,static/periodic,compulsory+streaming (prefetch-friendly),grid
1503,1503_grid_b31_prime_period13__c03_fixed_stride_small.c,b31,prime_period13,c03,fixed_stride_small,small_L1,4096,1000000,static/periodic,compulsory+streaming (prefetch-friendly),grid
1504,1504_grid_b31_prime_period13__c04_fixed_stride_large.c,b31,prime_period13,c04,fixed_stride_large,medium_L2,65536,3000000,static/periodic,compulsory+streaming (prefetch-friendly),grid
1505,1505_grid_b31_prime_period13__c05_random_small_working_set.c,b31,prime_period13,c05,random_small_working_set,large_L3,1048576,5000000,static/periodic,temporal reuse (capacity-sensitive),grid
1506,1506_grid_b31_prime_period13__c06_random_full_working_set.c,b31,prime_period13,c06,random_full_working_set,xlarge_DRAM,8388608,8000000,static/periodic,capacity (uniform random),grid
1507,1507_grid_b31_prime_period13__c07_matrix_row_major.c,b31,prime_period13,c07,matrix_row_major,small_L1,4096,1000000,static/periodic,mixed spatial (traversal-order dependent),grid
1508,1508_grid_b31_prime_period13__c08_matrix_col_major.c,b31,prime_period13,c08,matrix_col_major,medium_L2,65536,3000000,static/periodic,mixed spatial (traversal-order dependent),grid
1509,1509_grid_b31_prime_period13__c09_matrix_tiled_blocked.c,b31,prime_period13,c09,matrix_tiled_blocked,large_L3,1048576,5000000,static/periodic,mixed spatial (traversal-order dependent),grid
1510,1510_grid_b31_prime_period13__c10_pointer_chase_linked_list.c,b31,prime_period13,c10,pointer_chase_linked_list,xlarge_DRAM,8388608,8000000,static/periodic,"compulsory+latency-bound (dependent loads, no prefetch)",grid
1511,1511_grid_b31_prime_period13__c11_sliding_window.c,b31,prime_period13,c11,sliding_window,small_L1,4096,1000000,static/periodic,mixed/unclassified,grid
1512,1512_grid_b31_prime_period13__c12_prime_stride_anti_alias.c,b31,prime_period13,c12,prime_stride_anti_alias,medium_L2,65536,3000000,static/periodic,compulsory+streaming (prefetch-friendly),grid
1513,1513_grid_b31_prime_period13__c13_two_stream_interleaved.c,b31,prime_period13,c13,two_stream_interleaved,large_L3,1048576,5000000,static/periodic,mixed/unclassified,grid
1514,1514_grid_b31_prime_period13__c14_temporal_burst_reuse.c,b31,prime_period13,c14,temporal_burst_reuse,xlarge_DRAM,8388608,8000000,static/periodic,mixed/unclassified,grid
1515,1515_grid_b31_prime_period13__c15_reverse_sequential.c,b31,prime_period13,c15,reverse_sequential,small_L1,4096,1000000,static/periodic,compulsory+streaming (prefetch-friendly),grid
1516,1516_grid_b31_prime_period13__c16_block_sparse.c,b31,prime_period13,c16,block_sparse,medium_L2,65536,3000000,static/periodic,mixed spatial (traversal-order dependent),grid
1517,1517_grid_b31_prime_period13__c17_zipf_like_hot_buckets.c,b31,prime_period13,c17,zipf_like_hot_buckets,large_L3,1048576,5000000,static/periodic,temporal reuse (skewed/hot-set),grid
1518,1518_grid_b31_prime_period13__c18_producer_consumer_two_pointer.c,b31,prime_period13,c18,producer_consumer_two_pointer,xlarge_DRAM,8388608,8000000,static/periodic,mixed/unclassified,grid
1519,1519_grid_b31_prime_period13__c19_matrix_diagonal_wavefront.c,b31,prime_period13,c19,matrix_diagonal_wavefront,small_L1,4096,1000000,static/periodic,mixed spatial (traversal-order dependent),grid
1520,1520_grid_b31_prime_period13__c20_hot_cold_phase_alternation.c,b31,prime_period13,c20,hot_cold_phase_alternation,medium_L2,65536,3000000,static/periodic,temporal reuse (skewed/hot-set),grid
1521,1521_grid_b31_prime_period13__c21_pyramid_multiresolution_stride.c,b31,prime_period13,c21,pyramid_multiresolution_stride,large_L3,1048576,5000000,static/periodic,compulsory+streaming (prefetch-friendly),grid
1522,1522_grid_b31_prime_period13__c22_tensor_3d_slice_poor_locality.c,b31,prime_period13,c22,tensor_3d_slice_poor_locality,xlarge_DRAM,8388608,8000000,static/periodic,mixed/unclassified,grid
1523,1523_grid_b31_prime_period13__c23_struct_of_array_field_burst.c,b31,prime_period13,c23,struct_of_array_field_burst,small_L1,4096,1000000,static/periodic,compulsory+streaming (prefetch-friendly),grid
1524,1524_grid_b31_prime_period13__c24_banked_interleaved_access.c,b31,prime_period13,c24,banked_interleaved_access,medium_L2,65536,3000000,static/periodic,compulsory+streaming (prefetch-friendly),grid
1525,1525_grid_b31_prime_period13__c25_lru_recency_weighted_reuse.c,b31,prime_period13,c25,lru_recency_weighted_reuse,large_L3,1048576,5000000,static/periodic,temporal reuse (capacity-sensitive),grid
1526,1526_grid_b31_prime_period13__c26_geometric_stride_growth.c,b31,prime_period13,c26,geometric_stride_growth,xlarge_DRAM,8388608,8000000,static/periodic,compulsory+streaming (prefetch-friendly),grid
1527,1527_grid_b31_prime_period13__c27_reduction_broadcast_pattern.c,b31,prime_period13,c27,reduction_broadcast_pattern,small_L1,4096,1000000,static/periodic,compulsory+streaming (prefetch-friendly),grid
1528,1528_grid_b31_prime_period13__c28_morton_zorder_traversal.c,b31,prime_period13,c28,morton_zorder_traversal,medium_L2,65536,3000000,static/periodic,mixed spatial (traversal-order dependent),grid
1529,1529_grid_b31_prime_period13__c29_ping_pong_cache_thrash.c,b31,prime_period13,c29,ping_pong_cache_thrash,large_L3,1048576,5000000,static/periodic,conflict/associativity,grid
1530,1530_grid_b31_prime_period13__c30_gather_scatter_indirect_table.c,b31,prime_period13,c30,gather_scatter_indirect_table,xlarge_DRAM,8388608,8000000,static/periodic,capacity (uniform random),grid
1531,1531_grid_b31_prime_period13__c31_fibonacci_stride.c,b31,prime_period13,c31,fibonacci_stride,small_L1,4096,1000000,static/periodic,compulsory+streaming (prefetch-friendly),grid
1532,1532_grid_b31_prime_period13__c32_hilbert_curve_traversal.c,b31,prime_period13,c32,hilbert_curve_traversal,medium_L2,65536,3000000,static/periodic,mixed spatial (traversal-order dependent),grid
1533,1533_grid_b31_prime_period13__c33_cache_set_conflict_stress.c,b31,prime_period13,c33,cache_set_conflict_stress,large_L3,1048576,5000000,static/periodic,conflict/associativity,grid
1534,1534_grid_b31_prime_period13__c34_variable_length_burst_reuse.c,b31,prime_period13,c34,variable_length_burst_reuse,xlarge_DRAM,8388608,8000000,static/periodic,capacity (uniform random),grid
1535,1535_grid_b31_prime_period13__c35_checkerboard_red_black.c,b31,prime_period13,c35,checkerboard_red_black,small_L1,4096,1000000,static/periodic,mixed spatial (traversal-order dependent),grid
1536,1536_grid_b31_prime_period13__c36_im2col_overlapping_patch_gather.c,b31,prime_period13,c36,im2col_overlapping_patch_gather,medium_L2,65536,3000000,static/periodic,compulsory+streaming (prefetch-friendly),grid
1537,1537_grid_b31_prime_period13__c37_double_buffer_epoch_alternation.c,b31,prime_period13,c37,double_buffer_epoch_alternation,large_L3,1048576,5000000,static/periodic,conflict+capacity (thrashing/alternation),grid
1538,1538_grid_b31_prime_period13__c38_cuckoo_double_hash_probe.c,b31,prime_period13,c38,cuckoo_double_hash_probe,xlarge_DRAM,8388608,8000000,static/periodic,capacity+compulsory (indirect gather/scatter),grid
1539,1539_grid_b31_prime_period13__c39_bounded_random_walk.c,b31,prime_period13,c39,bounded_random_walk,small_L1,4096,1000000,static/periodic,capacity (uniform random),grid
1540,1540_grid_b31_prime_period13__c40_causal_attention_triangular.c,b31,prime_period13,c40,causal_attention_triangular,medium_L2,65536,3000000,static/periodic,mixed/unclassified,grid
1541,1541_grid_b31_prime_period13__c41_skip_list_multilevel_hop.c,b31,prime_period13,c41,skip_list_multilevel_hop,large_L3,1048576,5000000,static/periodic,"compulsory+latency-bound (dependent loads, no prefetch)",grid
1542,1542_grid_b31_prime_period13__c42_cache_oblivious_funnel_stride.c,b31,prime_period13,c42,cache_oblivious_funnel_stride,xlarge_DRAM,8388608,8000000,static/periodic,compulsory+streaming (prefetch-friendly),grid
1543,1543_grid_b31_prime_period13__c43_whole_buffer_rotation.c,b31,prime_period13,c43,whole_buffer_rotation,small_L1,4096,1000000,static/periodic,mixed/unclassified,grid
1544,1544_grid_b31_prime_period13__c44_naive_gemm_row_col_alternation.c,b31,prime_period13,c44,naive_gemm_row_col_alternation,medium_L2,65536,3000000,static/periodic,compulsory+streaming (prefetch-friendly),grid
1545,1545_grid_b31_prime_period13__c45_read_hot_write_cold_split.c,b31,prime_period13,c45,read_hot_write_cold_split,large_L3,1048576,5000000,static/periodic,temporal reuse (skewed/hot-set),grid
1546,1546_grid_b31_prime_period13__c46_cantor_gap_sparse.c,b31,prime_period13,c46,cantor_gap_sparse,xlarge_DRAM,8388608,8000000,static/periodic,"compulsory (sparse, low reuse)",grid
1547,1547_grid_b31_prime_period13__c47_false_sharing_line_cycle.c,b31,prime_period13,c47,false_sharing_line_cycle,small_L1,4096,1000000,static/periodic,conflict/associativity,grid
1548,1548_grid_b31_prime_period13__c48_exponential_backoff_probe.c,b31,prime_period13,c48,exponential_backoff_probe,medium_L2,65536,3000000,static/periodic,capacity (uniform random),grid
1549,1549_grid_b31_prime_period13__c49_binary_heap_parent_child.c,b31,prime_period13,c49,binary_heap_parent_child,large_L3,1048576,5000000,static/periodic,capacity (uniform random),grid
1550,1550_grid_b31_prime_period13__c50_streaming_with_periodic_flush.c,b31,prime_period13,c50,streaming_with_periodic_flush,xlarge_DRAM,8388608,8000000,static/periodic,compulsory+streaming (prefetch-friendly),grid
1551,1551_grid_b32_emulated_2bit_saturating_counter__c01_sequential_unit_stride.c,b32,emulated_2bit_saturating_counter,c01,sequential_unit_stride,xlarge_DRAM,8388608,8000000,value-dependent,compulsory+streaming (prefetch-friendly),grid
1552,1552_grid_b32_emulated_2bit_saturating_counter__c02_sequential_wraparound_large.c,b32,emulated_2bit_saturating_counter,c02,sequential_wraparound_large,small_L1,4096,1000000,value-dependent,compulsory+streaming (prefetch-friendly),grid
1553,1553_grid_b32_emulated_2bit_saturating_counter__c03_fixed_stride_small.c,b32,emulated_2bit_saturating_counter,c03,fixed_stride_small,medium_L2,65536,3000000,value-dependent,compulsory+streaming (prefetch-friendly),grid
1554,1554_grid_b32_emulated_2bit_saturating_counter__c04_fixed_stride_large.c,b32,emulated_2bit_saturating_counter,c04,fixed_stride_large,large_L3,1048576,5000000,value-dependent,compulsory+streaming (prefetch-friendly),grid
1555,1555_grid_b32_emulated_2bit_saturating_counter__c05_random_small_working_set.c,b32,emulated_2bit_saturating_counter,c05,random_small_working_set,xlarge_DRAM,8388608,8000000,value-dependent,temporal reuse (capacity-sensitive),grid
1556,1556_grid_b32_emulated_2bit_saturating_counter__c06_random_full_working_set.c,b32,emulated_2bit_saturating_counter,c06,random_full_working_set,small_L1,4096,1000000,value-dependent,capacity (uniform random),grid
1557,1557_grid_b32_emulated_2bit_saturating_counter__c07_matrix_row_major.c,b32,emulated_2bit_saturating_counter,c07,matrix_row_major,medium_L2,65536,3000000,value-dependent,mixed spatial (traversal-order dependent),grid
1558,1558_grid_b32_emulated_2bit_saturating_counter__c08_matrix_col_major.c,b32,emulated_2bit_saturating_counter,c08,matrix_col_major,large_L3,1048576,5000000,value-dependent,mixed spatial (traversal-order dependent),grid
1559,1559_grid_b32_emulated_2bit_saturating_counter__c09_matrix_tiled_blocked.c,b32,emulated_2bit_saturating_counter,c09,matrix_tiled_blocked,xlarge_DRAM,8388608,8000000,value-dependent,mixed spatial (traversal-order dependent),grid
1560,1560_grid_b32_emulated_2bit_saturating_counter__c10_pointer_chase_linked_list.c,b32,emulated_2bit_saturating_counter,c10,pointer_chase_linked_list,small_L1,4096,1000000,value-dependent,"compulsory+latency-bound (dependent loads, no prefetch)",grid
1561,1561_grid_b32_emulated_2bit_saturating_counter__c11_sliding_window.c,b32,emulated_2bit_saturating_counter,c11,sliding_window,medium_L2,65536,3000000,value-dependent,mixed/unclassified,grid
1562,1562_grid_b32_emulated_2bit_saturating_counter__c12_prime_stride_anti_alias.c,b32,emulated_2bit_saturating_counter,c12,prime_stride_anti_alias,large_L3,1048576,5000000,value-dependent,compulsory+streaming (prefetch-friendly),grid
1563,1563_grid_b32_emulated_2bit_saturating_counter__c13_two_stream_interleaved.c,b32,emulated_2bit_saturating_counter,c13,two_stream_interleaved,xlarge_DRAM,8388608,8000000,value-dependent,mixed/unclassified,grid
1564,1564_grid_b32_emulated_2bit_saturating_counter__c14_temporal_burst_reuse.c,b32,emulated_2bit_saturating_counter,c14,temporal_burst_reuse,small_L1,4096,1000000,value-dependent,mixed/unclassified,grid
1565,1565_grid_b32_emulated_2bit_saturating_counter__c15_reverse_sequential.c,b32,emulated_2bit_saturating_counter,c15,reverse_sequential,medium_L2,65536,3000000,value-dependent,compulsory+streaming (prefetch-friendly),grid
1566,1566_grid_b32_emulated_2bit_saturating_counter__c16_block_sparse.c,b32,emulated_2bit_saturating_counter,c16,block_sparse,large_L3,1048576,5000000,value-dependent,mixed spatial (traversal-order dependent),grid
1567,1567_grid_b32_emulated_2bit_saturating_counter__c17_zipf_like_hot_buckets.c,b32,emulated_2bit_saturating_counter,c17,zipf_like_hot_buckets,xlarge_DRAM,8388608,8000000,value-dependent,temporal reuse (skewed/hot-set),grid
1568,1568_grid_b32_emulated_2bit_saturating_counter__c18_producer_consumer_two_pointer.c,b32,emulated_2bit_saturating_counter,c18,producer_consumer_two_pointer,small_L1,4096,1000000,value-dependent,mixed/unclassified,grid
1569,1569_grid_b32_emulated_2bit_saturating_counter__c19_matrix_diagonal_wavefront.c,b32,emulated_2bit_saturating_counter,c19,matrix_diagonal_wavefront,medium_L2,65536,3000000,value-dependent,mixed spatial (traversal-order dependent),grid
1570,1570_grid_b32_emulated_2bit_saturating_counter__c20_hot_cold_phase_alternation.c,b32,emulated_2bit_saturating_counter,c20,hot_cold_phase_alternation,large_L3,1048576,5000000,value-dependent,temporal reuse (skewed/hot-set),grid
1571,1571_grid_b32_emulated_2bit_saturating_counter__c21_pyramid_multiresolution_stride.c,b32,emulated_2bit_saturating_counter,c21,pyramid_multiresolution_stride,xlarge_DRAM,8388608,8000000,value-dependent,compulsory+streaming (prefetch-friendly),grid
1572,1572_grid_b32_emulated_2bit_saturating_counter__c22_tensor_3d_slice_poor_locality.c,b32,emulated_2bit_saturating_counter,c22,tensor_3d_slice_poor_locality,small_L1,4096,1000000,value-dependent,mixed/unclassified,grid
1573,1573_grid_b32_emulated_2bit_saturating_counter__c23_struct_of_array_field_burst.c,b32,emulated_2bit_saturating_counter,c23,struct_of_array_field_burst,medium_L2,65536,3000000,value-dependent,compulsory+streaming (prefetch-friendly),grid
1574,1574_grid_b32_emulated_2bit_saturating_counter__c24_banked_interleaved_access.c,b32,emulated_2bit_saturating_counter,c24,banked_interleaved_access,large_L3,1048576,5000000,value-dependent,compulsory+streaming (prefetch-friendly),grid
1575,1575_grid_b32_emulated_2bit_saturating_counter__c25_lru_recency_weighted_reuse.c,b32,emulated_2bit_saturating_counter,c25,lru_recency_weighted_reuse,xlarge_DRAM,8388608,8000000,value-dependent,temporal reuse (capacity-sensitive),grid
1576,1576_grid_b32_emulated_2bit_saturating_counter__c26_geometric_stride_growth.c,b32,emulated_2bit_saturating_counter,c26,geometric_stride_growth,small_L1,4096,1000000,value-dependent,compulsory+streaming (prefetch-friendly),grid
1577,1577_grid_b32_emulated_2bit_saturating_counter__c27_reduction_broadcast_pattern.c,b32,emulated_2bit_saturating_counter,c27,reduction_broadcast_pattern,medium_L2,65536,3000000,value-dependent,compulsory+streaming (prefetch-friendly),grid
1578,1578_grid_b32_emulated_2bit_saturating_counter__c28_morton_zorder_traversal.c,b32,emulated_2bit_saturating_counter,c28,morton_zorder_traversal,large_L3,1048576,5000000,value-dependent,mixed spatial (traversal-order dependent),grid
1579,1579_grid_b32_emulated_2bit_saturating_counter__c29_ping_pong_cache_thrash.c,b32,emulated_2bit_saturating_counter,c29,ping_pong_cache_thrash,xlarge_DRAM,8388608,8000000,value-dependent,conflict/associativity,grid
1580,1580_grid_b32_emulated_2bit_saturating_counter__c30_gather_scatter_indirect_table.c,b32,emulated_2bit_saturating_counter,c30,gather_scatter_indirect_table,small_L1,4096,1000000,value-dependent,capacity (uniform random),grid
1581,1581_grid_b32_emulated_2bit_saturating_counter__c31_fibonacci_stride.c,b32,emulated_2bit_saturating_counter,c31,fibonacci_stride,medium_L2,65536,3000000,value-dependent,compulsory+streaming (prefetch-friendly),grid
1582,1582_grid_b32_emulated_2bit_saturating_counter__c32_hilbert_curve_traversal.c,b32,emulated_2bit_saturating_counter,c32,hilbert_curve_traversal,large_L3,1048576,5000000,value-dependent,mixed spatial (traversal-order dependent),grid
1583,1583_grid_b32_emulated_2bit_saturating_counter__c33_cache_set_conflict_stress.c,b32,emulated_2bit_saturating_counter,c33,cache_set_conflict_stress,xlarge_DRAM,8388608,8000000,value-dependent,conflict/associativity,grid
1584,1584_grid_b32_emulated_2bit_saturating_counter__c34_variable_length_burst_reuse.c,b32,emulated_2bit_saturating_counter,c34,variable_length_burst_reuse,small_L1,4096,1000000,value-dependent,capacity (uniform random),grid
1585,1585_grid_b32_emulated_2bit_saturating_counter__c35_checkerboard_red_black.c,b32,emulated_2bit_saturating_counter,c35,checkerboard_red_black,medium_L2,65536,3000000,value-dependent,mixed spatial (traversal-order dependent),grid
1586,1586_grid_b32_emulated_2bit_saturating_counter__c36_im2col_overlapping_patch_gather.c,b32,emulated_2bit_saturating_counter,c36,im2col_overlapping_patch_gather,large_L3,1048576,5000000,value-dependent,compulsory+streaming (prefetch-friendly),grid
1587,1587_grid_b32_emulated_2bit_saturating_counter__c37_double_buffer_epoch_alternation.c,b32,emulated_2bit_saturating_counter,c37,double_buffer_epoch_alternation,xlarge_DRAM,8388608,8000000,value-dependent,conflict+capacity (thrashing/alternation),grid
1588,1588_grid_b32_emulated_2bit_saturating_counter__c38_cuckoo_double_hash_probe.c,b32,emulated_2bit_saturating_counter,c38,cuckoo_double_hash_probe,small_L1,4096,1000000,value-dependent,capacity+compulsory (indirect gather/scatter),grid
1589,1589_grid_b32_emulated_2bit_saturating_counter__c39_bounded_random_walk.c,b32,emulated_2bit_saturating_counter,c39,bounded_random_walk,medium_L2,65536,3000000,value-dependent,capacity (uniform random),grid
1590,1590_grid_b32_emulated_2bit_saturating_counter__c40_causal_attention_triangular.c,b32,emulated_2bit_saturating_counter,c40,causal_attention_triangular,large_L3,1048576,5000000,value-dependent,mixed/unclassified,grid
1591,1591_grid_b32_emulated_2bit_saturating_counter__c41_skip_list_multilevel_hop.c,b32,emulated_2bit_saturating_counter,c41,skip_list_multilevel_hop,xlarge_DRAM,8388608,8000000,value-dependent,"compulsory+latency-bound (dependent loads, no prefetch)",grid
1592,1592_grid_b32_emulated_2bit_saturating_counter__c42_cache_oblivious_funnel_stride.c,b32,emulated_2bit_saturating_counter,c42,cache_oblivious_funnel_stride,small_L1,4096,1000000,value-dependent,compulsory+streaming (prefetch-friendly),grid
1593,1593_grid_b32_emulated_2bit_saturating_counter__c43_whole_buffer_rotation.c,b32,emulated_2bit_saturating_counter,c43,whole_buffer_rotation,medium_L2,65536,3000000,value-dependent,mixed/unclassified,grid
1594,1594_grid_b32_emulated_2bit_saturating_counter__c44_naive_gemm_row_col_alternation.c,b32,emulated_2bit_saturating_counter,c44,naive_gemm_row_col_alternation,large_L3,1048576,5000000,value-dependent,compulsory+streaming (prefetch-friendly),grid
1595,1595_grid_b32_emulated_2bit_saturating_counter__c45_read_hot_write_cold_split.c,b32,emulated_2bit_saturating_counter,c45,read_hot_write_cold_split,xlarge_DRAM,8388608,8000000,value-dependent,temporal reuse (skewed/hot-set),grid
1596,1596_grid_b32_emulated_2bit_saturating_counter__c46_cantor_gap_sparse.c,b32,emulated_2bit_saturating_counter,c46,cantor_gap_sparse,small_L1,4096,1000000,value-dependent,"compulsory (sparse, low reuse)",grid
1597,1597_grid_b32_emulated_2bit_saturating_counter__c47_false_sharing_line_cycle.c,b32,emulated_2bit_saturating_counter,c47,false_sharing_line_cycle,medium_L2,65536,3000000,value-dependent,conflict/associativity,grid
1598,1598_grid_b32_emulated_2bit_saturating_counter__c48_exponential_backoff_probe.c,b32,emulated_2bit_saturating_counter,c48,exponential_backoff_probe,large_L3,1048576,5000000,value-dependent,capacity (uniform random),grid
1599,1599_grid_b32_emulated_2bit_saturating_counter__c49_binary_heap_parent_child.c,b32,emulated_2bit_saturating_counter,c49,binary_heap_parent_child,xlarge_DRAM,8388608,8000000,value-dependent,capacity (uniform random),grid
1600,1600_grid_b32_emulated_2bit_saturating_counter__c50_streaming_with_periodic_flush.c,b32,emulated_2bit_saturating_counter,c50,streaming_with_periodic_flush,small_L1,4096,1000000,value-dependent,compulsory+streaming (prefetch-friendly),grid
1601,1601_grid_b33_uniform_random_block_runs__c01_sequential_unit_stride.c,b33,uniform_random_block_runs,c01,sequential_unit_stride,small_L1,4096,1000000,stochastic,compulsory+streaming (prefetch-friendly),grid
1602,1602_grid_b33_uniform_random_block_runs__c02_sequential_wraparound_large.c,b33,uniform_random_block_runs,c02,sequential_wraparound_large,medium_L2,65536,3000000,stochastic,compulsory+streaming (prefetch-friendly),grid
1603,1603_grid_b33_uniform_random_block_runs__c03_fixed_stride_small.c,b33,uniform_random_block_runs,c03,fixed_stride_small,large_L3,1048576,5000000,stochastic,compulsory+streaming (prefetch-friendly),grid
1604,1604_grid_b33_uniform_random_block_runs__c04_fixed_stride_large.c,b33,uniform_random_block_runs,c04,fixed_stride_large,xlarge_DRAM,8388608,8000000,stochastic,compulsory+streaming (prefetch-friendly),grid
1605,1605_grid_b33_uniform_random_block_runs__c05_random_small_working_set.c,b33,uniform_random_block_runs,c05,random_small_working_set,small_L1,4096,1000000,stochastic,temporal reuse (capacity-sensitive),grid
1606,1606_grid_b33_uniform_random_block_runs__c06_random_full_working_set.c,b33,uniform_random_block_runs,c06,random_full_working_set,medium_L2,65536,3000000,stochastic,capacity (uniform random),grid
1607,1607_grid_b33_uniform_random_block_runs__c07_matrix_row_major.c,b33,uniform_random_block_runs,c07,matrix_row_major,large_L3,1048576,5000000,stochastic,mixed spatial (traversal-order dependent),grid
1608,1608_grid_b33_uniform_random_block_runs__c08_matrix_col_major.c,b33,uniform_random_block_runs,c08,matrix_col_major,xlarge_DRAM,8388608,8000000,stochastic,mixed spatial (traversal-order dependent),grid
1609,1609_grid_b33_uniform_random_block_runs__c09_matrix_tiled_blocked.c,b33,uniform_random_block_runs,c09,matrix_tiled_blocked,small_L1,4096,1000000,stochastic,mixed spatial (traversal-order dependent),grid
1610,1610_grid_b33_uniform_random_block_runs__c10_pointer_chase_linked_list.c,b33,uniform_random_block_runs,c10,pointer_chase_linked_list,medium_L2,65536,3000000,stochastic,"compulsory+latency-bound (dependent loads, no prefetch)",grid
1611,1611_grid_b33_uniform_random_block_runs__c11_sliding_window.c,b33,uniform_random_block_runs,c11,sliding_window,large_L3,1048576,5000000,stochastic,mixed/unclassified,grid
1612,1612_grid_b33_uniform_random_block_runs__c12_prime_stride_anti_alias.c,b33,uniform_random_block_runs,c12,prime_stride_anti_alias,xlarge_DRAM,8388608,8000000,stochastic,compulsory+streaming (prefetch-friendly),grid
1613,1613_grid_b33_uniform_random_block_runs__c13_two_stream_interleaved.c,b33,uniform_random_block_runs,c13,two_stream_interleaved,small_L1,4096,1000000,stochastic,mixed/unclassified,grid
1614,1614_grid_b33_uniform_random_block_runs__c14_temporal_burst_reuse.c,b33,uniform_random_block_runs,c14,temporal_burst_reuse,medium_L2,65536,3000000,stochastic,mixed/unclassified,grid
1615,1615_grid_b33_uniform_random_block_runs__c15_reverse_sequential.c,b33,uniform_random_block_runs,c15,reverse_sequential,large_L3,1048576,5000000,stochastic,compulsory+streaming (prefetch-friendly),grid
1616,1616_grid_b33_uniform_random_block_runs__c16_block_sparse.c,b33,uniform_random_block_runs,c16,block_sparse,xlarge_DRAM,8388608,8000000,stochastic,mixed spatial (traversal-order dependent),grid
1617,1617_grid_b33_uniform_random_block_runs__c17_zipf_like_hot_buckets.c,b33,uniform_random_block_runs,c17,zipf_like_hot_buckets,small_L1,4096,1000000,stochastic,temporal reuse (skewed/hot-set),grid
1618,1618_grid_b33_uniform_random_block_runs__c18_producer_consumer_two_pointer.c,b33,uniform_random_block_runs,c18,producer_consumer_two_pointer,medium_L2,65536,3000000,stochastic,mixed/unclassified,grid
1619,1619_grid_b33_uniform_random_block_runs__c19_matrix_diagonal_wavefront.c,b33,uniform_random_block_runs,c19,matrix_diagonal_wavefront,large_L3,1048576,5000000,stochastic,mixed spatial (traversal-order dependent),grid
1620,1620_grid_b33_uniform_random_block_runs__c20_hot_cold_phase_alternation.c,b33,uniform_random_block_runs,c20,hot_cold_phase_alternation,xlarge_DRAM,8388608,8000000,stochastic,temporal reuse (skewed/hot-set),grid
1621,1621_grid_b33_uniform_random_block_runs__c21_pyramid_multiresolution_stride.c,b33,uniform_random_block_runs,c21,pyramid_multiresolution_stride,small_L1,4096,1000000,stochastic,compulsory+streaming (prefetch-friendly),grid
1622,1622_grid_b33_uniform_random_block_runs__c22_tensor_3d_slice_poor_locality.c,b33,uniform_random_block_runs,c22,tensor_3d_slice_poor_locality,medium_L2,65536,3000000,stochastic,mixed/unclassified,grid
1623,1623_grid_b33_uniform_random_block_runs__c23_struct_of_array_field_burst.c,b33,uniform_random_block_runs,c23,struct_of_array_field_burst,large_L3,1048576,5000000,stochastic,compulsory+streaming (prefetch-friendly),grid
1624,1624_grid_b33_uniform_random_block_runs__c24_banked_interleaved_access.c,b33,uniform_random_block_runs,c24,banked_interleaved_access,xlarge_DRAM,8388608,8000000,stochastic,compulsory+streaming (prefetch-friendly),grid
1625,1625_grid_b33_uniform_random_block_runs__c25_lru_recency_weighted_reuse.c,b33,uniform_random_block_runs,c25,lru_recency_weighted_reuse,small_L1,4096,1000000,stochastic,temporal reuse (capacity-sensitive),grid
1626,1626_grid_b33_uniform_random_block_runs__c26_geometric_stride_growth.c,b33,uniform_random_block_runs,c26,geometric_stride_growth,medium_L2,65536,3000000,stochastic,compulsory+streaming (prefetch-friendly),grid
1627,1627_grid_b33_uniform_random_block_runs__c27_reduction_broadcast_pattern.c,b33,uniform_random_block_runs,c27,reduction_broadcast_pattern,large_L3,1048576,5000000,stochastic,compulsory+streaming (prefetch-friendly),grid
1628,1628_grid_b33_uniform_random_block_runs__c28_morton_zorder_traversal.c,b33,uniform_random_block_runs,c28,morton_zorder_traversal,xlarge_DRAM,8388608,8000000,stochastic,mixed spatial (traversal-order dependent),grid
1629,1629_grid_b33_uniform_random_block_runs__c29_ping_pong_cache_thrash.c,b33,uniform_random_block_runs,c29,ping_pong_cache_thrash,small_L1,4096,1000000,stochastic,conflict/associativity,grid
1630,1630_grid_b33_uniform_random_block_runs__c30_gather_scatter_indirect_table.c,b33,uniform_random_block_runs,c30,gather_scatter_indirect_table,medium_L2,65536,3000000,stochastic,capacity (uniform random),grid
1631,1631_grid_b33_uniform_random_block_runs__c31_fibonacci_stride.c,b33,uniform_random_block_runs,c31,fibonacci_stride,large_L3,1048576,5000000,stochastic,compulsory+streaming (prefetch-friendly),grid
1632,1632_grid_b33_uniform_random_block_runs__c32_hilbert_curve_traversal.c,b33,uniform_random_block_runs,c32,hilbert_curve_traversal,xlarge_DRAM,8388608,8000000,stochastic,mixed spatial (traversal-order dependent),grid
1633,1633_grid_b33_uniform_random_block_runs__c33_cache_set_conflict_stress.c,b33,uniform_random_block_runs,c33,cache_set_conflict_stress,small_L1,4096,1000000,stochastic,conflict/associativity,grid
1634,1634_grid_b33_uniform_random_block_runs__c34_variable_length_burst_reuse.c,b33,uniform_random_block_runs,c34,variable_length_burst_reuse,medium_L2,65536,3000000,stochastic,capacity (uniform random),grid
1635,1635_grid_b33_uniform_random_block_runs__c35_checkerboard_red_black.c,b33,uniform_random_block_runs,c35,checkerboard_red_black,large_L3,1048576,5000000,stochastic,mixed spatial (traversal-order dependent),grid
1636,1636_grid_b33_uniform_random_block_runs__c36_im2col_overlapping_patch_gather.c,b33,uniform_random_block_runs,c36,im2col_overlapping_patch_gather,xlarge_DRAM,8388608,8000000,stochastic,compulsory+streaming (prefetch-friendly),grid
1637,1637_grid_b33_uniform_random_block_runs__c37_double_buffer_epoch_alternation.c,b33,uniform_random_block_runs,c37,double_buffer_epoch_alternation,small_L1,4096,1000000,stochastic,conflict+capacity (thrashing/alternation),grid
1638,1638_grid_b33_uniform_random_block_runs__c38_cuckoo_double_hash_probe.c,b33,uniform_random_block_runs,c38,cuckoo_double_hash_probe,medium_L2,65536,3000000,stochastic,capacity+compulsory (indirect gather/scatter),grid
1639,1639_grid_b33_uniform_random_block_runs__c39_bounded_random_walk.c,b33,uniform_random_block_runs,c39,bounded_random_walk,large_L3,1048576,5000000,stochastic,capacity (uniform random),grid
1640,1640_grid_b33_uniform_random_block_runs__c40_causal_attention_triangular.c,b33,uniform_random_block_runs,c40,causal_attention_triangular,xlarge_DRAM,8388608,8000000,stochastic,mixed/unclassified,grid
1641,1641_grid_b33_uniform_random_block_runs__c41_skip_list_multilevel_hop.c,b33,uniform_random_block_runs,c41,skip_list_multilevel_hop,small_L1,4096,1000000,stochastic,"compulsory+latency-bound (dependent loads, no prefetch)",grid
1642,1642_grid_b33_uniform_random_block_runs__c42_cache_oblivious_funnel_stride.c,b33,uniform_random_block_runs,c42,cache_oblivious_funnel_stride,medium_L2,65536,3000000,stochastic,compulsory+streaming (prefetch-friendly),grid
1643,1643_grid_b33_uniform_random_block_runs__c43_whole_buffer_rotation.c,b33,uniform_random_block_runs,c43,whole_buffer_rotation,large_L3,1048576,5000000,stochastic,mixed/unclassified,grid
1644,1644_grid_b33_uniform_random_block_runs__c44_naive_gemm_row_col_alternation.c,b33,uniform_random_block_runs,c44,naive_gemm_row_col_alternation,xlarge_DRAM,8388608,8000000,stochastic,compulsory+streaming (prefetch-friendly),grid
1645,1645_grid_b33_uniform_random_block_runs__c45_read_hot_write_cold_split.c,b33,uniform_random_block_runs,c45,read_hot_write_cold_split,small_L1,4096,1000000,stochastic,temporal reuse (skewed/hot-set),grid
1646,1646_grid_b33_uniform_random_block_runs__c46_cantor_gap_sparse.c,b33,uniform_random_block_runs,c46,cantor_gap_sparse,medium_L2,65536,3000000,stochastic,"compulsory (sparse, low reuse)",grid
1647,1647_grid_b33_uniform_random_block_runs__c47_false_sharing_line_cycle.c,b33,uniform_random_block_runs,c47,false_sharing_line_cycle,large_L3,1048576,5000000,stochastic,conflict/associativity,grid
1648,1648_grid_b33_uniform_random_block_runs__c48_exponential_backoff_probe.c,b33,uniform_random_block_runs,c48,exponential_backoff_probe,xlarge_DRAM,8388608,8000000,stochastic,capacity (uniform random),grid
1649,1649_grid_b33_uniform_random_block_runs__c49_binary_heap_parent_child.c,b33,uniform_random_block_runs,c49,binary_heap_parent_child,small_L1,4096,1000000,stochastic,capacity (uniform random),grid
1650,1650_grid_b33_uniform_random_block_runs__c50_streaming_with_periodic_flush.c,b33,uniform_random_block_runs,c50,streaming_with_periodic_flush,medium_L2,65536,3000000,stochastic,compulsory+streaming (prefetch-friendly),grid
1651,1651_grid_b34_data_driven_countdown__c01_sequential_unit_stride.c,b34,data_driven_countdown,c01,sequential_unit_stride,medium_L2,65536,3000000,value-dependent,compulsory+streaming (prefetch-friendly),grid
1652,1652_grid_b34_data_driven_countdown__c02_sequential_wraparound_large.c,b34,data_driven_countdown,c02,sequential_wraparound_large,large_L3,1048576,5000000,value-dependent,compulsory+streaming (prefetch-friendly),grid
1653,1653_grid_b34_data_driven_countdown__c03_fixed_stride_small.c,b34,data_driven_countdown,c03,fixed_stride_small,xlarge_DRAM,8388608,8000000,value-dependent,compulsory+streaming (prefetch-friendly),grid
1654,1654_grid_b34_data_driven_countdown__c04_fixed_stride_large.c,b34,data_driven_countdown,c04,fixed_stride_large,small_L1,4096,1000000,value-dependent,compulsory+streaming (prefetch-friendly),grid
1655,1655_grid_b34_data_driven_countdown__c05_random_small_working_set.c,b34,data_driven_countdown,c05,random_small_working_set,medium_L2,65536,3000000,value-dependent,temporal reuse (capacity-sensitive),grid
1656,1656_grid_b34_data_driven_countdown__c06_random_full_working_set.c,b34,data_driven_countdown,c06,random_full_working_set,large_L3,1048576,5000000,value-dependent,capacity (uniform random),grid
1657,1657_grid_b34_data_driven_countdown__c07_matrix_row_major.c,b34,data_driven_countdown,c07,matrix_row_major,xlarge_DRAM,8388608,8000000,value-dependent,mixed spatial (traversal-order dependent),grid
1658,1658_grid_b34_data_driven_countdown__c08_matrix_col_major.c,b34,data_driven_countdown,c08,matrix_col_major,small_L1,4096,1000000,value-dependent,mixed spatial (traversal-order dependent),grid
1659,1659_grid_b34_data_driven_countdown__c09_matrix_tiled_blocked.c,b34,data_driven_countdown,c09,matrix_tiled_blocked,medium_L2,65536,3000000,value-dependent,mixed spatial (traversal-order dependent),grid
1660,1660_grid_b34_data_driven_countdown__c10_pointer_chase_linked_list.c,b34,data_driven_countdown,c10,pointer_chase_linked_list,large_L3,1048576,5000000,value-dependent,"compulsory+latency-bound (dependent loads, no prefetch)",grid
1661,1661_grid_b34_data_driven_countdown__c11_sliding_window.c,b34,data_driven_countdown,c11,sliding_window,xlarge_DRAM,8388608,8000000,value-dependent,mixed/unclassified,grid
1662,1662_grid_b34_data_driven_countdown__c12_prime_stride_anti_alias.c,b34,data_driven_countdown,c12,prime_stride_anti_alias,small_L1,4096,1000000,value-dependent,compulsory+streaming (prefetch-friendly),grid
1663,1663_grid_b34_data_driven_countdown__c13_two_stream_interleaved.c,b34,data_driven_countdown,c13,two_stream_interleaved,medium_L2,65536,3000000,value-dependent,mixed/unclassified,grid
1664,1664_grid_b34_data_driven_countdown__c14_temporal_burst_reuse.c,b34,data_driven_countdown,c14,temporal_burst_reuse,large_L3,1048576,5000000,value-dependent,mixed/unclassified,grid
1665,1665_grid_b34_data_driven_countdown__c15_reverse_sequential.c,b34,data_driven_countdown,c15,reverse_sequential,xlarge_DRAM,8388608,8000000,value-dependent,compulsory+streaming (prefetch-friendly),grid
1666,1666_grid_b34_data_driven_countdown__c16_block_sparse.c,b34,data_driven_countdown,c16,block_sparse,small_L1,4096,1000000,value-dependent,mixed spatial (traversal-order dependent),grid
1667,1667_grid_b34_data_driven_countdown__c17_zipf_like_hot_buckets.c,b34,data_driven_countdown,c17,zipf_like_hot_buckets,medium_L2,65536,3000000,value-dependent,temporal reuse (skewed/hot-set),grid
1668,1668_grid_b34_data_driven_countdown__c18_producer_consumer_two_pointer.c,b34,data_driven_countdown,c18,producer_consumer_two_pointer,large_L3,1048576,5000000,value-dependent,mixed/unclassified,grid
1669,1669_grid_b34_data_driven_countdown__c19_matrix_diagonal_wavefront.c,b34,data_driven_countdown,c19,matrix_diagonal_wavefront,xlarge_DRAM,8388608,8000000,value-dependent,mixed spatial (traversal-order dependent),grid
1670,1670_grid_b34_data_driven_countdown__c20_hot_cold_phase_alternation.c,b34,data_driven_countdown,c20,hot_cold_phase_alternation,small_L1,4096,1000000,value-dependent,temporal reuse (skewed/hot-set),grid
1671,1671_grid_b34_data_driven_countdown__c21_pyramid_multiresolution_stride.c,b34,data_driven_countdown,c21,pyramid_multiresolution_stride,medium_L2,65536,3000000,value-dependent,compulsory+streaming (prefetch-friendly),grid
1672,1672_grid_b34_data_driven_countdown__c22_tensor_3d_slice_poor_locality.c,b34,data_driven_countdown,c22,tensor_3d_slice_poor_locality,large_L3,1048576,5000000,value-dependent,mixed/unclassified,grid
1673,1673_grid_b34_data_driven_countdown__c23_struct_of_array_field_burst.c,b34,data_driven_countdown,c23,struct_of_array_field_burst,xlarge_DRAM,8388608,8000000,value-dependent,compulsory+streaming (prefetch-friendly),grid
1674,1674_grid_b34_data_driven_countdown__c24_banked_interleaved_access.c,b34,data_driven_countdown,c24,banked_interleaved_access,small_L1,4096,1000000,value-dependent,compulsory+streaming (prefetch-friendly),grid
1675,1675_grid_b34_data_driven_countdown__c25_lru_recency_weighted_reuse.c,b34,data_driven_countdown,c25,lru_recency_weighted_reuse,medium_L2,65536,3000000,value-dependent,temporal reuse (capacity-sensitive),grid
1676,1676_grid_b34_data_driven_countdown__c26_geometric_stride_growth.c,b34,data_driven_countdown,c26,geometric_stride_growth,large_L3,1048576,5000000,value-dependent,compulsory+streaming (prefetch-friendly),grid
1677,1677_grid_b34_data_driven_countdown__c27_reduction_broadcast_pattern.c,b34,data_driven_countdown,c27,reduction_broadcast_pattern,xlarge_DRAM,8388608,8000000,value-dependent,compulsory+streaming (prefetch-friendly),grid
1678,1678_grid_b34_data_driven_countdown__c28_morton_zorder_traversal.c,b34,data_driven_countdown,c28,morton_zorder_traversal,small_L1,4096,1000000,value-dependent,mixed spatial (traversal-order dependent),grid
1679,1679_grid_b34_data_driven_countdown__c29_ping_pong_cache_thrash.c,b34,data_driven_countdown,c29,ping_pong_cache_thrash,medium_L2,65536,3000000,value-dependent,conflict/associativity,grid
1680,1680_grid_b34_data_driven_countdown__c30_gather_scatter_indirect_table.c,b34,data_driven_countdown,c30,gather_scatter_indirect_table,large_L3,1048576,5000000,value-dependent,capacity (uniform random),grid
1681,1681_grid_b34_data_driven_countdown__c31_fibonacci_stride.c,b34,data_driven_countdown,c31,fibonacci_stride,xlarge_DRAM,8388608,8000000,value-dependent,compulsory+streaming (prefetch-friendly),grid
1682,1682_grid_b34_data_driven_countdown__c32_hilbert_curve_traversal.c,b34,data_driven_countdown,c32,hilbert_curve_traversal,small_L1,4096,1000000,value-dependent,mixed spatial (traversal-order dependent),grid
1683,1683_grid_b34_data_driven_countdown__c33_cache_set_conflict_stress.c,b34,data_driven_countdown,c33,cache_set_conflict_stress,medium_L2,65536,3000000,value-dependent,conflict/associativity,grid
1684,1684_grid_b34_data_driven_countdown__c34_variable_length_burst_reuse.c,b34,data_driven_countdown,c34,variable_length_burst_reuse,large_L3,1048576,5000000,value-dependent,capacity (uniform random),grid
1685,1685_grid_b34_data_driven_countdown__c35_checkerboard_red_black.c,b34,data_driven_countdown,c35,checkerboard_red_black,xlarge_DRAM,8388608,8000000,value-dependent,mixed spatial (traversal-order dependent),grid
1686,1686_grid_b34_data_driven_countdown__c36_im2col_overlapping_patch_gather.c,b34,data_driven_countdown,c36,im2col_overlapping_patch_gather,small_L1,4096,1000000,value-dependent,compulsory+streaming (prefetch-friendly),grid
1687,1687_grid_b34_data_driven_countdown__c37_double_buffer_epoch_alternation.c,b34,data_driven_countdown,c37,double_buffer_epoch_alternation,medium_L2,65536,3000000,value-dependent,conflict+capacity (thrashing/alternation),grid
1688,1688_grid_b34_data_driven_countdown__c38_cuckoo_double_hash_probe.c,b34,data_driven_countdown,c38,cuckoo_double_hash_probe,large_L3,1048576,5000000,value-dependent,capacity+compulsory (indirect gather/scatter),grid
1689,1689_grid_b34_data_driven_countdown__c39_bounded_random_walk.c,b34,data_driven_countdown,c39,bounded_random_walk,xlarge_DRAM,8388608,8000000,value-dependent,capacity (uniform random),grid
1690,1690_grid_b34_data_driven_countdown__c40_causal_attention_triangular.c,b34,data_driven_countdown,c40,causal_attention_triangular,small_L1,4096,1000000,value-dependent,mixed/unclassified,grid
1691,1691_grid_b34_data_driven_countdown__c41_skip_list_multilevel_hop.c,b34,data_driven_countdown,c41,skip_list_multilevel_hop,medium_L2,65536,3000000,value-dependent,"compulsory+latency-bound (dependent loads, no prefetch)",grid
1692,1692_grid_b34_data_driven_countdown__c42_cache_oblivious_funnel_stride.c,b34,data_driven_countdown,c42,cache_oblivious_funnel_stride,large_L3,1048576,5000000,value-dependent,compulsory+streaming (prefetch-friendly),grid
1693,1693_grid_b34_data_driven_countdown__c43_whole_buffer_rotation.c,b34,data_driven_countdown,c43,whole_buffer_rotation,xlarge_DRAM,8388608,8000000,value-dependent,mixed/unclassified,grid
1694,1694_grid_b34_data_driven_countdown__c44_naive_gemm_row_col_alternation.c,b34,data_driven_countdown,c44,naive_gemm_row_col_alternation,small_L1,4096,1000000,value-dependent,compulsory+streaming (prefetch-friendly),grid
1695,1695_grid_b34_data_driven_countdown__c45_read_hot_write_cold_split.c,b34,data_driven_countdown,c45,read_hot_write_cold_split,medium_L2,65536,3000000,value-dependent,temporal reuse (skewed/hot-set),grid
1696,1696_grid_b34_data_driven_countdown__c46_cantor_gap_sparse.c,b34,data_driven_countdown,c46,cantor_gap_sparse,large_L3,1048576,5000000,value-dependent,"compulsory (sparse, low reuse)",grid
1697,1697_grid_b34_data_driven_countdown__c47_false_sharing_line_cycle.c,b34,data_driven_countdown,c47,false_sharing_line_cycle,xlarge_DRAM,8388608,8000000,value-dependent,conflict/associativity,grid
1698,1698_grid_b34_data_driven_countdown__c48_exponential_backoff_probe.c,b34,data_driven_countdown,c48,exponential_backoff_probe,small_L1,4096,1000000,value-dependent,capacity (uniform random),grid
1699,1699_grid_b34_data_driven_countdown__c49_binary_heap_parent_child.c,b34,data_driven_countdown,c49,binary_heap_parent_child,medium_L2,65536,3000000,value-dependent,capacity (uniform random),grid
1700,1700_grid_b34_data_driven_countdown__c50_streaming_with_periodic_flush.c,b34,data_driven_countdown,c50,streaming_with_periodic_flush,large_L3,1048576,5000000,value-dependent,compulsory+streaming (prefetch-friendly),grid
1701,1701_grid_b35_xorshift_hash_mix__c01_sequential_unit_stride.c,b35,xorshift_hash_mix,c01,sequential_unit_stride,large_L3,1048576,5000000,stochastic,compulsory+streaming (prefetch-friendly),grid
1702,1702_grid_b35_xorshift_hash_mix__c02_sequential_wraparound_large.c,b35,xorshift_hash_mix,c02,sequential_wraparound_large,xlarge_DRAM,8388608,8000000,stochastic,compulsory+streaming (prefetch-friendly),grid
1703,1703_grid_b35_xorshift_hash_mix__c03_fixed_stride_small.c,b35,xorshift_hash_mix,c03,fixed_stride_small,small_L1,4096,1000000,stochastic,compulsory+streaming (prefetch-friendly),grid
1704,1704_grid_b35_xorshift_hash_mix__c04_fixed_stride_large.c,b35,xorshift_hash_mix,c04,fixed_stride_large,medium_L2,65536,3000000,stochastic,compulsory+streaming (prefetch-friendly),grid
1705,1705_grid_b35_xorshift_hash_mix__c05_random_small_working_set.c,b35,xorshift_hash_mix,c05,random_small_working_set,large_L3,1048576,5000000,stochastic,temporal reuse (capacity-sensitive),grid
1706,1706_grid_b35_xorshift_hash_mix__c06_random_full_working_set.c,b35,xorshift_hash_mix,c06,random_full_working_set,xlarge_DRAM,8388608,8000000,stochastic,capacity (uniform random),grid
1707,1707_grid_b35_xorshift_hash_mix__c07_matrix_row_major.c,b35,xorshift_hash_mix,c07,matrix_row_major,small_L1,4096,1000000,stochastic,mixed spatial (traversal-order dependent),grid
1708,1708_grid_b35_xorshift_hash_mix__c08_matrix_col_major.c,b35,xorshift_hash_mix,c08,matrix_col_major,medium_L2,65536,3000000,stochastic,mixed spatial (traversal-order dependent),grid
1709,1709_grid_b35_xorshift_hash_mix__c09_matrix_tiled_blocked.c,b35,xorshift_hash_mix,c09,matrix_tiled_blocked,large_L3,1048576,5000000,stochastic,mixed spatial (traversal-order dependent),grid
1710,1710_grid_b35_xorshift_hash_mix__c10_pointer_chase_linked_list.c,b35,xorshift_hash_mix,c10,pointer_chase_linked_list,xlarge_DRAM,8388608,8000000,stochastic,"compulsory+latency-bound (dependent loads, no prefetch)",grid
1711,1711_grid_b35_xorshift_hash_mix__c11_sliding_window.c,b35,xorshift_hash_mix,c11,sliding_window,small_L1,4096,1000000,stochastic,mixed/unclassified,grid
1712,1712_grid_b35_xorshift_hash_mix__c12_prime_stride_anti_alias.c,b35,xorshift_hash_mix,c12,prime_stride_anti_alias,medium_L2,65536,3000000,stochastic,compulsory+streaming (prefetch-friendly),grid
1713,1713_grid_b35_xorshift_hash_mix__c13_two_stream_interleaved.c,b35,xorshift_hash_mix,c13,two_stream_interleaved,large_L3,1048576,5000000,stochastic,mixed/unclassified,grid
1714,1714_grid_b35_xorshift_hash_mix__c14_temporal_burst_reuse.c,b35,xorshift_hash_mix,c14,temporal_burst_reuse,xlarge_DRAM,8388608,8000000,stochastic,mixed/unclassified,grid
1715,1715_grid_b35_xorshift_hash_mix__c15_reverse_sequential.c,b35,xorshift_hash_mix,c15,reverse_sequential,small_L1,4096,1000000,stochastic,compulsory+streaming (prefetch-friendly),grid
1716,1716_grid_b35_xorshift_hash_mix__c16_block_sparse.c,b35,xorshift_hash_mix,c16,block_sparse,medium_L2,65536,3000000,stochastic,mixed spatial (traversal-order dependent),grid
1717,1717_grid_b35_xorshift_hash_mix__c17_zipf_like_hot_buckets.c,b35,xorshift_hash_mix,c17,zipf_like_hot_buckets,large_L3,1048576,5000000,stochastic,temporal reuse (skewed/hot-set),grid
1718,1718_grid_b35_xorshift_hash_mix__c18_producer_consumer_two_pointer.c,b35,xorshift_hash_mix,c18,producer_consumer_two_pointer,xlarge_DRAM,8388608,8000000,stochastic,mixed/unclassified,grid
1719,1719_grid_b35_xorshift_hash_mix__c19_matrix_diagonal_wavefront.c,b35,xorshift_hash_mix,c19,matrix_diagonal_wavefront,small_L1,4096,1000000,stochastic,mixed spatial (traversal-order dependent),grid
1720,1720_grid_b35_xorshift_hash_mix__c20_hot_cold_phase_alternation.c,b35,xorshift_hash_mix,c20,hot_cold_phase_alternation,medium_L2,65536,3000000,stochastic,temporal reuse (skewed/hot-set),grid
1721,1721_grid_b35_xorshift_hash_mix__c21_pyramid_multiresolution_stride.c,b35,xorshift_hash_mix,c21,pyramid_multiresolution_stride,large_L3,1048576,5000000,stochastic,compulsory+streaming (prefetch-friendly),grid
1722,1722_grid_b35_xorshift_hash_mix__c22_tensor_3d_slice_poor_locality.c,b35,xorshift_hash_mix,c22,tensor_3d_slice_poor_locality,xlarge_DRAM,8388608,8000000,stochastic,mixed/unclassified,grid
1723,1723_grid_b35_xorshift_hash_mix__c23_struct_of_array_field_burst.c,b35,xorshift_hash_mix,c23,struct_of_array_field_burst,small_L1,4096,1000000,stochastic,compulsory+streaming (prefetch-friendly),grid
1724,1724_grid_b35_xorshift_hash_mix__c24_banked_interleaved_access.c,b35,xorshift_hash_mix,c24,banked_interleaved_access,medium_L2,65536,3000000,stochastic,compulsory+streaming (prefetch-friendly),grid
1725,1725_grid_b35_xorshift_hash_mix__c25_lru_recency_weighted_reuse.c,b35,xorshift_hash_mix,c25,lru_recency_weighted_reuse,large_L3,1048576,5000000,stochastic,temporal reuse (capacity-sensitive),grid
1726,1726_grid_b35_xorshift_hash_mix__c26_geometric_stride_growth.c,b35,xorshift_hash_mix,c26,geometric_stride_growth,xlarge_DRAM,8388608,8000000,stochastic,compulsory+streaming (prefetch-friendly),grid
1727,1727_grid_b35_xorshift_hash_mix__c27_reduction_broadcast_pattern.c,b35,xorshift_hash_mix,c27,reduction_broadcast_pattern,small_L1,4096,1000000,stochastic,compulsory+streaming (prefetch-friendly),grid
1728,1728_grid_b35_xorshift_hash_mix__c28_morton_zorder_traversal.c,b35,xorshift_hash_mix,c28,morton_zorder_traversal,medium_L2,65536,3000000,stochastic,mixed spatial (traversal-order dependent),grid
1729,1729_grid_b35_xorshift_hash_mix__c29_ping_pong_cache_thrash.c,b35,xorshift_hash_mix,c29,ping_pong_cache_thrash,large_L3,1048576,5000000,stochastic,conflict/associativity,grid
1730,1730_grid_b35_xorshift_hash_mix__c30_gather_scatter_indirect_table.c,b35,xorshift_hash_mix,c30,gather_scatter_indirect_table,xlarge_DRAM,8388608,8000000,stochastic,capacity (uniform random),grid
1731,1731_grid_b35_xorshift_hash_mix__c31_fibonacci_stride.c,b35,xorshift_hash_mix,c31,fibonacci_stride,small_L1,4096,1000000,stochastic,compulsory+streaming (prefetch-friendly),grid
1732,1732_grid_b35_xorshift_hash_mix__c32_hilbert_curve_traversal.c,b35,xorshift_hash_mix,c32,hilbert_curve_traversal,medium_L2,65536,3000000,stochastic,mixed spatial (traversal-order dependent),grid
1733,1733_grid_b35_xorshift_hash_mix__c33_cache_set_conflict_stress.c,b35,xorshift_hash_mix,c33,cache_set_conflict_stress,large_L3,1048576,5000000,stochastic,conflict/associativity,grid
1734,1734_grid_b35_xorshift_hash_mix__c34_variable_length_burst_reuse.c,b35,xorshift_hash_mix,c34,variable_length_burst_reuse,xlarge_DRAM,8388608,8000000,stochastic,capacity (uniform random),grid
1735,1735_grid_b35_xorshift_hash_mix__c35_checkerboard_red_black.c,b35,xorshift_hash_mix,c35,checkerboard_red_black,small_L1,4096,1000000,stochastic,mixed spatial (traversal-order dependent),grid
1736,1736_grid_b35_xorshift_hash_mix__c36_im2col_overlapping_patch_gather.c,b35,xorshift_hash_mix,c36,im2col_overlapping_patch_gather,medium_L2,65536,3000000,stochastic,compulsory+streaming (prefetch-friendly),grid
1737,1737_grid_b35_xorshift_hash_mix__c37_double_buffer_epoch_alternation.c,b35,xorshift_hash_mix,c37,double_buffer_epoch_alternation,large_L3,1048576,5000000,stochastic,conflict+capacity (thrashing/alternation),grid
1738,1738_grid_b35_xorshift_hash_mix__c38_cuckoo_double_hash_probe.c,b35,xorshift_hash_mix,c38,cuckoo_double_hash_probe,xlarge_DRAM,8388608,8000000,stochastic,capacity+compulsory (indirect gather/scatter),grid
1739,1739_grid_b35_xorshift_hash_mix__c39_bounded_random_walk.c,b35,xorshift_hash_mix,c39,bounded_random_walk,small_L1,4096,1000000,stochastic,capacity (uniform random),grid
1740,1740_grid_b35_xorshift_hash_mix__c40_causal_attention_triangular.c,b35,xorshift_hash_mix,c40,causal_attention_triangular,medium_L2,65536,3000000,stochastic,mixed/unclassified,grid
1741,1741_grid_b35_xorshift_hash_mix__c41_skip_list_multilevel_hop.c,b35,xorshift_hash_mix,c41,skip_list_multilevel_hop,large_L3,1048576,5000000,stochastic,"compulsory+latency-bound (dependent loads, no prefetch)",grid
1742,1742_grid_b35_xorshift_hash_mix__c42_cache_oblivious_funnel_stride.c,b35,xorshift_hash_mix,c42,cache_oblivious_funnel_stride,xlarge_DRAM,8388608,8000000,stochastic,compulsory+streaming (prefetch-friendly),grid
1743,1743_grid_b35_xorshift_hash_mix__c43_whole_buffer_rotation.c,b35,xorshift_hash_mix,c43,whole_buffer_rotation,small_L1,4096,1000000,stochastic,mixed/unclassified,grid
1744,1744_grid_b35_xorshift_hash_mix__c44_naive_gemm_row_col_alternation.c,b35,xorshift_hash_mix,c44,naive_gemm_row_col_alternation,medium_L2,65536,3000000,stochastic,compulsory+streaming (prefetch-friendly),grid
1745,1745_grid_b35_xorshift_hash_mix__c45_read_hot_write_cold_split.c,b35,xorshift_hash_mix,c45,read_hot_write_cold_split,large_L3,1048576,5000000,stochastic,temporal reuse (skewed/hot-set),grid
1746,1746_grid_b35_xorshift_hash_mix__c46_cantor_gap_sparse.c,b35,xorshift_hash_mix,c46,cantor_gap_sparse,xlarge_DRAM,8388608,8000000,stochastic,"compulsory (sparse, low reuse)",grid
1747,1747_grid_b35_xorshift_hash_mix__c47_false_sharing_line_cycle.c,b35,xorshift_hash_mix,c47,false_sharing_line_cycle,small_L1,4096,1000000,stochastic,conflict/associativity,grid
1748,1748_grid_b35_xorshift_hash_mix__c48_exponential_backoff_probe.c,b35,xorshift_hash_mix,c48,exponential_backoff_probe,medium_L2,65536,3000000,stochastic,capacity (uniform random),grid
1749,1749_grid_b35_xorshift_hash_mix__c49_binary_heap_parent_child.c,b35,xorshift_hash_mix,c49,binary_heap_parent_child,large_L3,1048576,5000000,stochastic,capacity (uniform random),grid
1750,1750_grid_b35_xorshift_hash_mix__c50_streaming_with_periodic_flush.c,b35,xorshift_hash_mix,c50,streaming_with_periodic_flush,xlarge_DRAM,8388608,8000000,stochastic,compulsory+streaming (prefetch-friendly),grid
1751,1751_grid_b36_traffic_light_fsm__c01_sequential_unit_stride.c,b36,traffic_light_fsm,c01,sequential_unit_stride,xlarge_DRAM,8388608,8000000,mixed/other,compulsory+streaming (prefetch-friendly),grid
1752,1752_grid_b36_traffic_light_fsm__c02_sequential_wraparound_large.c,b36,traffic_light_fsm,c02,sequential_wraparound_large,small_L1,4096,1000000,mixed/other,compulsory+streaming (prefetch-friendly),grid
1753,1753_grid_b36_traffic_light_fsm__c03_fixed_stride_small.c,b36,traffic_light_fsm,c03,fixed_stride_small,medium_L2,65536,3000000,mixed/other,compulsory+streaming (prefetch-friendly),grid
1754,1754_grid_b36_traffic_light_fsm__c04_fixed_stride_large.c,b36,traffic_light_fsm,c04,fixed_stride_large,large_L3,1048576,5000000,mixed/other,compulsory+streaming (prefetch-friendly),grid
1755,1755_grid_b36_traffic_light_fsm__c05_random_small_working_set.c,b36,traffic_light_fsm,c05,random_small_working_set,xlarge_DRAM,8388608,8000000,mixed/other,temporal reuse (capacity-sensitive),grid
1756,1756_grid_b36_traffic_light_fsm__c06_random_full_working_set.c,b36,traffic_light_fsm,c06,random_full_working_set,small_L1,4096,1000000,mixed/other,capacity (uniform random),grid
1757,1757_grid_b36_traffic_light_fsm__c07_matrix_row_major.c,b36,traffic_light_fsm,c07,matrix_row_major,medium_L2,65536,3000000,mixed/other,mixed spatial (traversal-order dependent),grid
1758,1758_grid_b36_traffic_light_fsm__c08_matrix_col_major.c,b36,traffic_light_fsm,c08,matrix_col_major,large_L3,1048576,5000000,mixed/other,mixed spatial (traversal-order dependent),grid
1759,1759_grid_b36_traffic_light_fsm__c09_matrix_tiled_blocked.c,b36,traffic_light_fsm,c09,matrix_tiled_blocked,xlarge_DRAM,8388608,8000000,mixed/other,mixed spatial (traversal-order dependent),grid
1760,1760_grid_b36_traffic_light_fsm__c10_pointer_chase_linked_list.c,b36,traffic_light_fsm,c10,pointer_chase_linked_list,small_L1,4096,1000000,mixed/other,"compulsory+latency-bound (dependent loads, no prefetch)",grid
1761,1761_grid_b36_traffic_light_fsm__c11_sliding_window.c,b36,traffic_light_fsm,c11,sliding_window,medium_L2,65536,3000000,mixed/other,mixed/unclassified,grid
1762,1762_grid_b36_traffic_light_fsm__c12_prime_stride_anti_alias.c,b36,traffic_light_fsm,c12,prime_stride_anti_alias,large_L3,1048576,5000000,mixed/other,compulsory+streaming (prefetch-friendly),grid
1763,1763_grid_b36_traffic_light_fsm__c13_two_stream_interleaved.c,b36,traffic_light_fsm,c13,two_stream_interleaved,xlarge_DRAM,8388608,8000000,mixed/other,mixed/unclassified,grid
1764,1764_grid_b36_traffic_light_fsm__c14_temporal_burst_reuse.c,b36,traffic_light_fsm,c14,temporal_burst_reuse,small_L1,4096,1000000,mixed/other,mixed/unclassified,grid
1765,1765_grid_b36_traffic_light_fsm__c15_reverse_sequential.c,b36,traffic_light_fsm,c15,reverse_sequential,medium_L2,65536,3000000,mixed/other,compulsory+streaming (prefetch-friendly),grid
1766,1766_grid_b36_traffic_light_fsm__c16_block_sparse.c,b36,traffic_light_fsm,c16,block_sparse,large_L3,1048576,5000000,mixed/other,mixed spatial (traversal-order dependent),grid
1767,1767_grid_b36_traffic_light_fsm__c17_zipf_like_hot_buckets.c,b36,traffic_light_fsm,c17,zipf_like_hot_buckets,xlarge_DRAM,8388608,8000000,mixed/other,temporal reuse (skewed/hot-set),grid
1768,1768_grid_b36_traffic_light_fsm__c18_producer_consumer_two_pointer.c,b36,traffic_light_fsm,c18,producer_consumer_two_pointer,small_L1,4096,1000000,mixed/other,mixed/unclassified,grid
1769,1769_grid_b36_traffic_light_fsm__c19_matrix_diagonal_wavefront.c,b36,traffic_light_fsm,c19,matrix_diagonal_wavefront,medium_L2,65536,3000000,mixed/other,mixed spatial (traversal-order dependent),grid
1770,1770_grid_b36_traffic_light_fsm__c20_hot_cold_phase_alternation.c,b36,traffic_light_fsm,c20,hot_cold_phase_alternation,large_L3,1048576,5000000,mixed/other,temporal reuse (skewed/hot-set),grid
1771,1771_grid_b36_traffic_light_fsm__c21_pyramid_multiresolution_stride.c,b36,traffic_light_fsm,c21,pyramid_multiresolution_stride,xlarge_DRAM,8388608,8000000,mixed/other,compulsory+streaming (prefetch-friendly),grid
1772,1772_grid_b36_traffic_light_fsm__c22_tensor_3d_slice_poor_locality.c,b36,traffic_light_fsm,c22,tensor_3d_slice_poor_locality,small_L1,4096,1000000,mixed/other,mixed/unclassified,grid
1773,1773_grid_b36_traffic_light_fsm__c23_struct_of_array_field_burst.c,b36,traffic_light_fsm,c23,struct_of_array_field_burst,medium_L2,65536,3000000,mixed/other,compulsory+streaming (prefetch-friendly),grid
1774,1774_grid_b36_traffic_light_fsm__c24_banked_interleaved_access.c,b36,traffic_light_fsm,c24,banked_interleaved_access,large_L3,1048576,5000000,mixed/other,compulsory+streaming (prefetch-friendly),grid
1775,1775_grid_b36_traffic_light_fsm__c25_lru_recency_weighted_reuse.c,b36,traffic_light_fsm,c25,lru_recency_weighted_reuse,xlarge_DRAM,8388608,8000000,mixed/other,temporal reuse (capacity-sensitive),grid
1776,1776_grid_b36_traffic_light_fsm__c26_geometric_stride_growth.c,b36,traffic_light_fsm,c26,geometric_stride_growth,small_L1,4096,1000000,mixed/other,compulsory+streaming (prefetch-friendly),grid
1777,1777_grid_b36_traffic_light_fsm__c27_reduction_broadcast_pattern.c,b36,traffic_light_fsm,c27,reduction_broadcast_pattern,medium_L2,65536,3000000,mixed/other,compulsory+streaming (prefetch-friendly),grid
1778,1778_grid_b36_traffic_light_fsm__c28_morton_zorder_traversal.c,b36,traffic_light_fsm,c28,morton_zorder_traversal,large_L3,1048576,5000000,mixed/other,mixed spatial (traversal-order dependent),grid
1779,1779_grid_b36_traffic_light_fsm__c29_ping_pong_cache_thrash.c,b36,traffic_light_fsm,c29,ping_pong_cache_thrash,xlarge_DRAM,8388608,8000000,mixed/other,conflict/associativity,grid
1780,1780_grid_b36_traffic_light_fsm__c30_gather_scatter_indirect_table.c,b36,traffic_light_fsm,c30,gather_scatter_indirect_table,small_L1,4096,1000000,mixed/other,capacity (uniform random),grid
1781,1781_grid_b36_traffic_light_fsm__c31_fibonacci_stride.c,b36,traffic_light_fsm,c31,fibonacci_stride,medium_L2,65536,3000000,mixed/other,compulsory+streaming (prefetch-friendly),grid
1782,1782_grid_b36_traffic_light_fsm__c32_hilbert_curve_traversal.c,b36,traffic_light_fsm,c32,hilbert_curve_traversal,large_L3,1048576,5000000,mixed/other,mixed spatial (traversal-order dependent),grid
1783,1783_grid_b36_traffic_light_fsm__c33_cache_set_conflict_stress.c,b36,traffic_light_fsm,c33,cache_set_conflict_stress,xlarge_DRAM,8388608,8000000,mixed/other,conflict/associativity,grid
1784,1784_grid_b36_traffic_light_fsm__c34_variable_length_burst_reuse.c,b36,traffic_light_fsm,c34,variable_length_burst_reuse,small_L1,4096,1000000,mixed/other,capacity (uniform random),grid
1785,1785_grid_b36_traffic_light_fsm__c35_checkerboard_red_black.c,b36,traffic_light_fsm,c35,checkerboard_red_black,medium_L2,65536,3000000,mixed/other,mixed spatial (traversal-order dependent),grid
1786,1786_grid_b36_traffic_light_fsm__c36_im2col_overlapping_patch_gather.c,b36,traffic_light_fsm,c36,im2col_overlapping_patch_gather,large_L3,1048576,5000000,mixed/other,compulsory+streaming (prefetch-friendly),grid
1787,1787_grid_b36_traffic_light_fsm__c37_double_buffer_epoch_alternation.c,b36,traffic_light_fsm,c37,double_buffer_epoch_alternation,xlarge_DRAM,8388608,8000000,mixed/other,conflict+capacity (thrashing/alternation),grid
1788,1788_grid_b36_traffic_light_fsm__c38_cuckoo_double_hash_probe.c,b36,traffic_light_fsm,c38,cuckoo_double_hash_probe,small_L1,4096,1000000,mixed/other,capacity+compulsory (indirect gather/scatter),grid
1789,1789_grid_b36_traffic_light_fsm__c39_bounded_random_walk.c,b36,traffic_light_fsm,c39,bounded_random_walk,medium_L2,65536,3000000,mixed/other,capacity (uniform random),grid
1790,1790_grid_b36_traffic_light_fsm__c40_causal_attention_triangular.c,b36,traffic_light_fsm,c40,causal_attention_triangular,large_L3,1048576,5000000,mixed/other,mixed/unclassified,grid
1791,1791_grid_b36_traffic_light_fsm__c41_skip_list_multilevel_hop.c,b36,traffic_light_fsm,c41,skip_list_multilevel_hop,xlarge_DRAM,8388608,8000000,mixed/other,"compulsory+latency-bound (dependent loads, no prefetch)",grid
1792,1792_grid_b36_traffic_light_fsm__c42_cache_oblivious_funnel_stride.c,b36,traffic_light_fsm,c42,cache_oblivious_funnel_stride,small_L1,4096,1000000,mixed/other,compulsory+streaming (prefetch-friendly),grid
1793,1793_grid_b36_traffic_light_fsm__c43_whole_buffer_rotation.c,b36,traffic_light_fsm,c43,whole_buffer_rotation,medium_L2,65536,3000000,mixed/other,mixed/unclassified,grid
1794,1794_grid_b36_traffic_light_fsm__c44_naive_gemm_row_col_alternation.c,b36,traffic_light_fsm,c44,naive_gemm_row_col_alternation,large_L3,1048576,5000000,mixed/other,compulsory+streaming (prefetch-friendly),grid
1795,1795_grid_b36_traffic_light_fsm__c45_read_hot_write_cold_split.c,b36,traffic_light_fsm,c45,read_hot_write_cold_split,xlarge_DRAM,8388608,8000000,mixed/other,temporal reuse (skewed/hot-set),grid
1796,1796_grid_b36_traffic_light_fsm__c46_cantor_gap_sparse.c,b36,traffic_light_fsm,c46,cantor_gap_sparse,small_L1,4096,1000000,mixed/other,"compulsory (sparse, low reuse)",grid
1797,1797_grid_b36_traffic_light_fsm__c47_false_sharing_line_cycle.c,b36,traffic_light_fsm,c47,false_sharing_line_cycle,medium_L2,65536,3000000,mixed/other,conflict/associativity,grid
1798,1798_grid_b36_traffic_light_fsm__c48_exponential_backoff_probe.c,b36,traffic_light_fsm,c48,exponential_backoff_probe,large_L3,1048576,5000000,mixed/other,capacity (uniform random),grid
1799,1799_grid_b36_traffic_light_fsm__c49_binary_heap_parent_child.c,b36,traffic_light_fsm,c49,binary_heap_parent_child,xlarge_DRAM,8388608,8000000,mixed/other,capacity (uniform random),grid
1800,1800_grid_b36_traffic_light_fsm__c50_streaming_with_periodic_flush.c,b36,traffic_light_fsm,c50,streaming_with_periodic_flush,small_L1,4096,1000000,mixed/other,compulsory+streaming (prefetch-friendly),grid
1801,1801_grid_b37_value_driven_unswitch_run__c01_sequential_unit_stride.c,b37,value_driven_unswitch_run,c01,sequential_unit_stride,small_L1,4096,1000000,indirect-branch,compulsory+streaming (prefetch-friendly),grid
1802,1802_grid_b37_value_driven_unswitch_run__c02_sequential_wraparound_large.c,b37,value_driven_unswitch_run,c02,sequential_wraparound_large,medium_L2,65536,3000000,indirect-branch,compulsory+streaming (prefetch-friendly),grid
1803,1803_grid_b37_value_driven_unswitch_run__c03_fixed_stride_small.c,b37,value_driven_unswitch_run,c03,fixed_stride_small,large_L3,1048576,5000000,indirect-branch,compulsory+streaming (prefetch-friendly),grid
1804,1804_grid_b37_value_driven_unswitch_run__c04_fixed_stride_large.c,b37,value_driven_unswitch_run,c04,fixed_stride_large,xlarge_DRAM,8388608,8000000,indirect-branch,compulsory+streaming (prefetch-friendly),grid
1805,1805_grid_b37_value_driven_unswitch_run__c05_random_small_working_set.c,b37,value_driven_unswitch_run,c05,random_small_working_set,small_L1,4096,1000000,indirect-branch,temporal reuse (capacity-sensitive),grid
1806,1806_grid_b37_value_driven_unswitch_run__c06_random_full_working_set.c,b37,value_driven_unswitch_run,c06,random_full_working_set,medium_L2,65536,3000000,indirect-branch,capacity (uniform random),grid
1807,1807_grid_b37_value_driven_unswitch_run__c07_matrix_row_major.c,b37,value_driven_unswitch_run,c07,matrix_row_major,large_L3,1048576,5000000,indirect-branch,mixed spatial (traversal-order dependent),grid
1808,1808_grid_b37_value_driven_unswitch_run__c08_matrix_col_major.c,b37,value_driven_unswitch_run,c08,matrix_col_major,xlarge_DRAM,8388608,8000000,indirect-branch,mixed spatial (traversal-order dependent),grid
1809,1809_grid_b37_value_driven_unswitch_run__c09_matrix_tiled_blocked.c,b37,value_driven_unswitch_run,c09,matrix_tiled_blocked,small_L1,4096,1000000,indirect-branch,mixed spatial (traversal-order dependent),grid
1810,1810_grid_b37_value_driven_unswitch_run__c10_pointer_chase_linked_list.c,b37,value_driven_unswitch_run,c10,pointer_chase_linked_list,medium_L2,65536,3000000,indirect-branch,"compulsory+latency-bound (dependent loads, no prefetch)",grid
1811,1811_grid_b37_value_driven_unswitch_run__c11_sliding_window.c,b37,value_driven_unswitch_run,c11,sliding_window,large_L3,1048576,5000000,indirect-branch,mixed/unclassified,grid
1812,1812_grid_b37_value_driven_unswitch_run__c12_prime_stride_anti_alias.c,b37,value_driven_unswitch_run,c12,prime_stride_anti_alias,xlarge_DRAM,8388608,8000000,indirect-branch,compulsory+streaming (prefetch-friendly),grid
1813,1813_grid_b37_value_driven_unswitch_run__c13_two_stream_interleaved.c,b37,value_driven_unswitch_run,c13,two_stream_interleaved,small_L1,4096,1000000,indirect-branch,mixed/unclassified,grid
1814,1814_grid_b37_value_driven_unswitch_run__c14_temporal_burst_reuse.c,b37,value_driven_unswitch_run,c14,temporal_burst_reuse,medium_L2,65536,3000000,indirect-branch,mixed/unclassified,grid
1815,1815_grid_b37_value_driven_unswitch_run__c15_reverse_sequential.c,b37,value_driven_unswitch_run,c15,reverse_sequential,large_L3,1048576,5000000,indirect-branch,compulsory+streaming (prefetch-friendly),grid
1816,1816_grid_b37_value_driven_unswitch_run__c16_block_sparse.c,b37,value_driven_unswitch_run,c16,block_sparse,xlarge_DRAM,8388608,8000000,indirect-branch,mixed spatial (traversal-order dependent),grid
1817,1817_grid_b37_value_driven_unswitch_run__c17_zipf_like_hot_buckets.c,b37,value_driven_unswitch_run,c17,zipf_like_hot_buckets,small_L1,4096,1000000,indirect-branch,temporal reuse (skewed/hot-set),grid
1818,1818_grid_b37_value_driven_unswitch_run__c18_producer_consumer_two_pointer.c,b37,value_driven_unswitch_run,c18,producer_consumer_two_pointer,medium_L2,65536,3000000,indirect-branch,mixed/unclassified,grid
1819,1819_grid_b37_value_driven_unswitch_run__c19_matrix_diagonal_wavefront.c,b37,value_driven_unswitch_run,c19,matrix_diagonal_wavefront,large_L3,1048576,5000000,indirect-branch,mixed spatial (traversal-order dependent),grid
1820,1820_grid_b37_value_driven_unswitch_run__c20_hot_cold_phase_alternation.c,b37,value_driven_unswitch_run,c20,hot_cold_phase_alternation,xlarge_DRAM,8388608,8000000,indirect-branch,temporal reuse (skewed/hot-set),grid
1821,1821_grid_b37_value_driven_unswitch_run__c21_pyramid_multiresolution_stride.c,b37,value_driven_unswitch_run,c21,pyramid_multiresolution_stride,small_L1,4096,1000000,indirect-branch,compulsory+streaming (prefetch-friendly),grid
1822,1822_grid_b37_value_driven_unswitch_run__c22_tensor_3d_slice_poor_locality.c,b37,value_driven_unswitch_run,c22,tensor_3d_slice_poor_locality,medium_L2,65536,3000000,indirect-branch,mixed/unclassified,grid
1823,1823_grid_b37_value_driven_unswitch_run__c23_struct_of_array_field_burst.c,b37,value_driven_unswitch_run,c23,struct_of_array_field_burst,large_L3,1048576,5000000,indirect-branch,compulsory+streaming (prefetch-friendly),grid
1824,1824_grid_b37_value_driven_unswitch_run__c24_banked_interleaved_access.c,b37,value_driven_unswitch_run,c24,banked_interleaved_access,xlarge_DRAM,8388608,8000000,indirect-branch,compulsory+streaming (prefetch-friendly),grid
1825,1825_grid_b37_value_driven_unswitch_run__c25_lru_recency_weighted_reuse.c,b37,value_driven_unswitch_run,c25,lru_recency_weighted_reuse,small_L1,4096,1000000,indirect-branch,temporal reuse (capacity-sensitive),grid
1826,1826_grid_b37_value_driven_unswitch_run__c26_geometric_stride_growth.c,b37,value_driven_unswitch_run,c26,geometric_stride_growth,medium_L2,65536,3000000,indirect-branch,compulsory+streaming (prefetch-friendly),grid
1827,1827_grid_b37_value_driven_unswitch_run__c27_reduction_broadcast_pattern.c,b37,value_driven_unswitch_run,c27,reduction_broadcast_pattern,large_L3,1048576,5000000,indirect-branch,compulsory+streaming (prefetch-friendly),grid
1828,1828_grid_b37_value_driven_unswitch_run__c28_morton_zorder_traversal.c,b37,value_driven_unswitch_run,c28,morton_zorder_traversal,xlarge_DRAM,8388608,8000000,indirect-branch,mixed spatial (traversal-order dependent),grid
1829,1829_grid_b37_value_driven_unswitch_run__c29_ping_pong_cache_thrash.c,b37,value_driven_unswitch_run,c29,ping_pong_cache_thrash,small_L1,4096,1000000,indirect-branch,conflict/associativity,grid
1830,1830_grid_b37_value_driven_unswitch_run__c30_gather_scatter_indirect_table.c,b37,value_driven_unswitch_run,c30,gather_scatter_indirect_table,medium_L2,65536,3000000,indirect-branch,capacity (uniform random),grid
1831,1831_grid_b37_value_driven_unswitch_run__c31_fibonacci_stride.c,b37,value_driven_unswitch_run,c31,fibonacci_stride,large_L3,1048576,5000000,indirect-branch,compulsory+streaming (prefetch-friendly),grid
1832,1832_grid_b37_value_driven_unswitch_run__c32_hilbert_curve_traversal.c,b37,value_driven_unswitch_run,c32,hilbert_curve_traversal,xlarge_DRAM,8388608,8000000,indirect-branch,mixed spatial (traversal-order dependent),grid
1833,1833_grid_b37_value_driven_unswitch_run__c33_cache_set_conflict_stress.c,b37,value_driven_unswitch_run,c33,cache_set_conflict_stress,small_L1,4096,1000000,indirect-branch,conflict/associativity,grid
1834,1834_grid_b37_value_driven_unswitch_run__c34_variable_length_burst_reuse.c,b37,value_driven_unswitch_run,c34,variable_length_burst_reuse,medium_L2,65536,3000000,indirect-branch,capacity (uniform random),grid
1835,1835_grid_b37_value_driven_unswitch_run__c35_checkerboard_red_black.c,b37,value_driven_unswitch_run,c35,checkerboard_red_black,large_L3,1048576,5000000,indirect-branch,mixed spatial (traversal-order dependent),grid
1836,1836_grid_b37_value_driven_unswitch_run__c36_im2col_overlapping_patch_gather.c,b37,value_driven_unswitch_run,c36,im2col_overlapping_patch_gather,xlarge_DRAM,8388608,8000000,indirect-branch,compulsory+streaming (prefetch-friendly),grid
1837,1837_grid_b37_value_driven_unswitch_run__c37_double_buffer_epoch_alternation.c,b37,value_driven_unswitch_run,c37,double_buffer_epoch_alternation,small_L1,4096,1000000,indirect-branch,conflict+capacity (thrashing/alternation),grid
1838,1838_grid_b37_value_driven_unswitch_run__c38_cuckoo_double_hash_probe.c,b37,value_driven_unswitch_run,c38,cuckoo_double_hash_probe,medium_L2,65536,3000000,indirect-branch,capacity+compulsory (indirect gather/scatter),grid
1839,1839_grid_b37_value_driven_unswitch_run__c39_bounded_random_walk.c,b37,value_driven_unswitch_run,c39,bounded_random_walk,large_L3,1048576,5000000,indirect-branch,capacity (uniform random),grid
1840,1840_grid_b37_value_driven_unswitch_run__c40_causal_attention_triangular.c,b37,value_driven_unswitch_run,c40,causal_attention_triangular,xlarge_DRAM,8388608,8000000,indirect-branch,mixed/unclassified,grid
1841,1841_grid_b37_value_driven_unswitch_run__c41_skip_list_multilevel_hop.c,b37,value_driven_unswitch_run,c41,skip_list_multilevel_hop,small_L1,4096,1000000,indirect-branch,"compulsory+latency-bound (dependent loads, no prefetch)",grid
1842,1842_grid_b37_value_driven_unswitch_run__c42_cache_oblivious_funnel_stride.c,b37,value_driven_unswitch_run,c42,cache_oblivious_funnel_stride,medium_L2,65536,3000000,indirect-branch,compulsory+streaming (prefetch-friendly),grid
1843,1843_grid_b37_value_driven_unswitch_run__c43_whole_buffer_rotation.c,b37,value_driven_unswitch_run,c43,whole_buffer_rotation,large_L3,1048576,5000000,indirect-branch,mixed/unclassified,grid
1844,1844_grid_b37_value_driven_unswitch_run__c44_naive_gemm_row_col_alternation.c,b37,value_driven_unswitch_run,c44,naive_gemm_row_col_alternation,xlarge_DRAM,8388608,8000000,indirect-branch,compulsory+streaming (prefetch-friendly),grid
1845,1845_grid_b37_value_driven_unswitch_run__c45_read_hot_write_cold_split.c,b37,value_driven_unswitch_run,c45,read_hot_write_cold_split,small_L1,4096,1000000,indirect-branch,temporal reuse (skewed/hot-set),grid
1846,1846_grid_b37_value_driven_unswitch_run__c46_cantor_gap_sparse.c,b37,value_driven_unswitch_run,c46,cantor_gap_sparse,medium_L2,65536,3000000,indirect-branch,"compulsory (sparse, low reuse)",grid
1847,1847_grid_b37_value_driven_unswitch_run__c47_false_sharing_line_cycle.c,b37,value_driven_unswitch_run,c47,false_sharing_line_cycle,large_L3,1048576,5000000,indirect-branch,conflict/associativity,grid
1848,1848_grid_b37_value_driven_unswitch_run__c48_exponential_backoff_probe.c,b37,value_driven_unswitch_run,c48,exponential_backoff_probe,xlarge_DRAM,8388608,8000000,indirect-branch,capacity (uniform random),grid
1849,1849_grid_b37_value_driven_unswitch_run__c49_binary_heap_parent_child.c,b37,value_driven_unswitch_run,c49,binary_heap_parent_child,small_L1,4096,1000000,indirect-branch,capacity (uniform random),grid
1850,1850_grid_b37_value_driven_unswitch_run__c50_streaming_with_periodic_flush.c,b37,value_driven_unswitch_run,c50,streaming_with_periodic_flush,medium_L2,65536,3000000,indirect-branch,compulsory+streaming (prefetch-friendly),grid
1851,1851_grid_b38_decaying_hazard_probability__c01_sequential_unit_stride.c,b38,decaying_hazard_probability,c01,sequential_unit_stride,medium_L2,65536,3000000,stochastic,compulsory+streaming (prefetch-friendly),grid
1852,1852_grid_b38_decaying_hazard_probability__c02_sequential_wraparound_large.c,b38,decaying_hazard_probability,c02,sequential_wraparound_large,large_L3,1048576,5000000,stochastic,compulsory+streaming (prefetch-friendly),grid
1853,1853_grid_b38_decaying_hazard_probability__c03_fixed_stride_small.c,b38,decaying_hazard_probability,c03,fixed_stride_small,xlarge_DRAM,8388608,8000000,stochastic,compulsory+streaming (prefetch-friendly),grid
1854,1854_grid_b38_decaying_hazard_probability__c04_fixed_stride_large.c,b38,decaying_hazard_probability,c04,fixed_stride_large,small_L1,4096,1000000,stochastic,compulsory+streaming (prefetch-friendly),grid
1855,1855_grid_b38_decaying_hazard_probability__c05_random_small_working_set.c,b38,decaying_hazard_probability,c05,random_small_working_set,medium_L2,65536,3000000,stochastic,temporal reuse (capacity-sensitive),grid
1856,1856_grid_b38_decaying_hazard_probability__c06_random_full_working_set.c,b38,decaying_hazard_probability,c06,random_full_working_set,large_L3,1048576,5000000,stochastic,capacity (uniform random),grid
1857,1857_grid_b38_decaying_hazard_probability__c07_matrix_row_major.c,b38,decaying_hazard_probability,c07,matrix_row_major,xlarge_DRAM,8388608,8000000,stochastic,mixed spatial (traversal-order dependent),grid
1858,1858_grid_b38_decaying_hazard_probability__c08_matrix_col_major.c,b38,decaying_hazard_probability,c08,matrix_col_major,small_L1,4096,1000000,stochastic,mixed spatial (traversal-order dependent),grid
1859,1859_grid_b38_decaying_hazard_probability__c09_matrix_tiled_blocked.c,b38,decaying_hazard_probability,c09,matrix_tiled_blocked,medium_L2,65536,3000000,stochastic,mixed spatial (traversal-order dependent),grid
1860,1860_grid_b38_decaying_hazard_probability__c10_pointer_chase_linked_list.c,b38,decaying_hazard_probability,c10,pointer_chase_linked_list,large_L3,1048576,5000000,stochastic,"compulsory+latency-bound (dependent loads, no prefetch)",grid
1861,1861_grid_b38_decaying_hazard_probability__c11_sliding_window.c,b38,decaying_hazard_probability,c11,sliding_window,xlarge_DRAM,8388608,8000000,stochastic,mixed/unclassified,grid
1862,1862_grid_b38_decaying_hazard_probability__c12_prime_stride_anti_alias.c,b38,decaying_hazard_probability,c12,prime_stride_anti_alias,small_L1,4096,1000000,stochastic,compulsory+streaming (prefetch-friendly),grid
1863,1863_grid_b38_decaying_hazard_probability__c13_two_stream_interleaved.c,b38,decaying_hazard_probability,c13,two_stream_interleaved,medium_L2,65536,3000000,stochastic,mixed/unclassified,grid
1864,1864_grid_b38_decaying_hazard_probability__c14_temporal_burst_reuse.c,b38,decaying_hazard_probability,c14,temporal_burst_reuse,large_L3,1048576,5000000,stochastic,mixed/unclassified,grid
1865,1865_grid_b38_decaying_hazard_probability__c15_reverse_sequential.c,b38,decaying_hazard_probability,c15,reverse_sequential,xlarge_DRAM,8388608,8000000,stochastic,compulsory+streaming (prefetch-friendly),grid
1866,1866_grid_b38_decaying_hazard_probability__c16_block_sparse.c,b38,decaying_hazard_probability,c16,block_sparse,small_L1,4096,1000000,stochastic,mixed spatial (traversal-order dependent),grid
1867,1867_grid_b38_decaying_hazard_probability__c17_zipf_like_hot_buckets.c,b38,decaying_hazard_probability,c17,zipf_like_hot_buckets,medium_L2,65536,3000000,stochastic,temporal reuse (skewed/hot-set),grid
1868,1868_grid_b38_decaying_hazard_probability__c18_producer_consumer_two_pointer.c,b38,decaying_hazard_probability,c18,producer_consumer_two_pointer,large_L3,1048576,5000000,stochastic,mixed/unclassified,grid
1869,1869_grid_b38_decaying_hazard_probability__c19_matrix_diagonal_wavefront.c,b38,decaying_hazard_probability,c19,matrix_diagonal_wavefront,xlarge_DRAM,8388608,8000000,stochastic,mixed spatial (traversal-order dependent),grid
1870,1870_grid_b38_decaying_hazard_probability__c20_hot_cold_phase_alternation.c,b38,decaying_hazard_probability,c20,hot_cold_phase_alternation,small_L1,4096,1000000,stochastic,temporal reuse (skewed/hot-set),grid
1871,1871_grid_b38_decaying_hazard_probability__c21_pyramid_multiresolution_stride.c,b38,decaying_hazard_probability,c21,pyramid_multiresolution_stride,medium_L2,65536,3000000,stochastic,compulsory+streaming (prefetch-friendly),grid
1872,1872_grid_b38_decaying_hazard_probability__c22_tensor_3d_slice_poor_locality.c,b38,decaying_hazard_probability,c22,tensor_3d_slice_poor_locality,large_L3,1048576,5000000,stochastic,mixed/unclassified,grid
1873,1873_grid_b38_decaying_hazard_probability__c23_struct_of_array_field_burst.c,b38,decaying_hazard_probability,c23,struct_of_array_field_burst,xlarge_DRAM,8388608,8000000,stochastic,compulsory+streaming (prefetch-friendly),grid
1874,1874_grid_b38_decaying_hazard_probability__c24_banked_interleaved_access.c,b38,decaying_hazard_probability,c24,banked_interleaved_access,small_L1,4096,1000000,stochastic,compulsory+streaming (prefetch-friendly),grid
1875,1875_grid_b38_decaying_hazard_probability__c25_lru_recency_weighted_reuse.c,b38,decaying_hazard_probability,c25,lru_recency_weighted_reuse,medium_L2,65536,3000000,stochastic,temporal reuse (capacity-sensitive),grid
1876,1876_grid_b38_decaying_hazard_probability__c26_geometric_stride_growth.c,b38,decaying_hazard_probability,c26,geometric_stride_growth,large_L3,1048576,5000000,stochastic,compulsory+streaming (prefetch-friendly),grid
1877,1877_grid_b38_decaying_hazard_probability__c27_reduction_broadcast_pattern.c,b38,decaying_hazard_probability,c27,reduction_broadcast_pattern,xlarge_DRAM,8388608,8000000,stochastic,compulsory+streaming (prefetch-friendly),grid
1878,1878_grid_b38_decaying_hazard_probability__c28_morton_zorder_traversal.c,b38,decaying_hazard_probability,c28,morton_zorder_traversal,small_L1,4096,1000000,stochastic,mixed spatial (traversal-order dependent),grid
1879,1879_grid_b38_decaying_hazard_probability__c29_ping_pong_cache_thrash.c,b38,decaying_hazard_probability,c29,ping_pong_cache_thrash,medium_L2,65536,3000000,stochastic,conflict/associativity,grid
1880,1880_grid_b38_decaying_hazard_probability__c30_gather_scatter_indirect_table.c,b38,decaying_hazard_probability,c30,gather_scatter_indirect_table,large_L3,1048576,5000000,stochastic,capacity (uniform random),grid
1881,1881_grid_b38_decaying_hazard_probability__c31_fibonacci_stride.c,b38,decaying_hazard_probability,c31,fibonacci_stride,xlarge_DRAM,8388608,8000000,stochastic,compulsory+streaming (prefetch-friendly),grid
1882,1882_grid_b38_decaying_hazard_probability__c32_hilbert_curve_traversal.c,b38,decaying_hazard_probability,c32,hilbert_curve_traversal,small_L1,4096,1000000,stochastic,mixed spatial (traversal-order dependent),grid
1883,1883_grid_b38_decaying_hazard_probability__c33_cache_set_conflict_stress.c,b38,decaying_hazard_probability,c33,cache_set_conflict_stress,medium_L2,65536,3000000,stochastic,conflict/associativity,grid
1884,1884_grid_b38_decaying_hazard_probability__c34_variable_length_burst_reuse.c,b38,decaying_hazard_probability,c34,variable_length_burst_reuse,large_L3,1048576,5000000,stochastic,capacity (uniform random),grid
1885,1885_grid_b38_decaying_hazard_probability__c35_checkerboard_red_black.c,b38,decaying_hazard_probability,c35,checkerboard_red_black,xlarge_DRAM,8388608,8000000,stochastic,mixed spatial (traversal-order dependent),grid
1886,1886_grid_b38_decaying_hazard_probability__c36_im2col_overlapping_patch_gather.c,b38,decaying_hazard_probability,c36,im2col_overlapping_patch_gather,small_L1,4096,1000000,stochastic,compulsory+streaming (prefetch-friendly),grid
1887,1887_grid_b38_decaying_hazard_probability__c37_double_buffer_epoch_alternation.c,b38,decaying_hazard_probability,c37,double_buffer_epoch_alternation,medium_L2,65536,3000000,stochastic,conflict+capacity (thrashing/alternation),grid
1888,1888_grid_b38_decaying_hazard_probability__c38_cuckoo_double_hash_probe.c,b38,decaying_hazard_probability,c38,cuckoo_double_hash_probe,large_L3,1048576,5000000,stochastic,capacity+compulsory (indirect gather/scatter),grid
1889,1889_grid_b38_decaying_hazard_probability__c39_bounded_random_walk.c,b38,decaying_hazard_probability,c39,bounded_random_walk,xlarge_DRAM,8388608,8000000,stochastic,capacity (uniform random),grid
1890,1890_grid_b38_decaying_hazard_probability__c40_causal_attention_triangular.c,b38,decaying_hazard_probability,c40,causal_attention_triangular,small_L1,4096,1000000,stochastic,mixed/unclassified,grid
1891,1891_grid_b38_decaying_hazard_probability__c41_skip_list_multilevel_hop.c,b38,decaying_hazard_probability,c41,skip_list_multilevel_hop,medium_L2,65536,3000000,stochastic,"compulsory+latency-bound (dependent loads, no prefetch)",grid
1892,1892_grid_b38_decaying_hazard_probability__c42_cache_oblivious_funnel_stride.c,b38,decaying_hazard_probability,c42,cache_oblivious_funnel_stride,large_L3,1048576,5000000,stochastic,compulsory+streaming (prefetch-friendly),grid
1893,1893_grid_b38_decaying_hazard_probability__c43_whole_buffer_rotation.c,b38,decaying_hazard_probability,c43,whole_buffer_rotation,xlarge_DRAM,8388608,8000000,stochastic,mixed/unclassified,grid
1894,1894_grid_b38_decaying_hazard_probability__c44_naive_gemm_row_col_alternation.c,b38,decaying_hazard_probability,c44,naive_gemm_row_col_alternation,small_L1,4096,1000000,stochastic,compulsory+streaming (prefetch-friendly),grid
1895,1895_grid_b38_decaying_hazard_probability__c45_read_hot_write_cold_split.c,b38,decaying_hazard_probability,c45,read_hot_write_cold_split,medium_L2,65536,3000000,stochastic,temporal reuse (skewed/hot-set),grid
1896,1896_grid_b38_decaying_hazard_probability__c46_cantor_gap_sparse.c,b38,decaying_hazard_probability,c46,cantor_gap_sparse,large_L3,1048576,5000000,stochastic,"compulsory (sparse, low reuse)",grid
1897,1897_grid_b38_decaying_hazard_probability__c47_false_sharing_line_cycle.c,b38,decaying_hazard_probability,c47,false_sharing_line_cycle,xlarge_DRAM,8388608,8000000,stochastic,conflict/associativity,grid
1898,1898_grid_b38_decaying_hazard_probability__c48_exponential_backoff_probe.c,b38,decaying_hazard_probability,c48,exponential_backoff_probe,small_L1,4096,1000000,stochastic,capacity (uniform random),grid
1899,1899_grid_b38_decaying_hazard_probability__c49_binary_heap_parent_child.c,b38,decaying_hazard_probability,c49,binary_heap_parent_child,medium_L2,65536,3000000,stochastic,capacity (uniform random),grid
1900,1900_grid_b38_decaying_hazard_probability__c50_streaming_with_periodic_flush.c,b38,decaying_hazard_probability,c50,streaming_with_periodic_flush,large_L3,1048576,5000000,stochastic,compulsory+streaming (prefetch-friendly),grid
1901,1901_grid_b39_dual_lcg_xor_chaos__c01_sequential_unit_stride.c,b39,dual_lcg_xor_chaos,c01,sequential_unit_stride,large_L3,1048576,5000000,stochastic,compulsory+streaming (prefetch-friendly),grid
1902,1902_grid_b39_dual_lcg_xor_chaos__c02_sequential_wraparound_large.c,b39,dual_lcg_xor_chaos,c02,sequential_wraparound_large,xlarge_DRAM,8388608,8000000,stochastic,compulsory+streaming (prefetch-friendly),grid
1903,1903_grid_b39_dual_lcg_xor_chaos__c03_fixed_stride_small.c,b39,dual_lcg_xor_chaos,c03,fixed_stride_small,small_L1,4096,1000000,stochastic,compulsory+streaming (prefetch-friendly),grid
1904,1904_grid_b39_dual_lcg_xor_chaos__c04_fixed_stride_large.c,b39,dual_lcg_xor_chaos,c04,fixed_stride_large,medium_L2,65536,3000000,stochastic,compulsory+streaming (prefetch-friendly),grid
1905,1905_grid_b39_dual_lcg_xor_chaos__c05_random_small_working_set.c,b39,dual_lcg_xor_chaos,c05,random_small_working_set,large_L3,1048576,5000000,stochastic,temporal reuse (capacity-sensitive),grid
1906,1906_grid_b39_dual_lcg_xor_chaos__c06_random_full_working_set.c,b39,dual_lcg_xor_chaos,c06,random_full_working_set,xlarge_DRAM,8388608,8000000,stochastic,capacity (uniform random),grid
1907,1907_grid_b39_dual_lcg_xor_chaos__c07_matrix_row_major.c,b39,dual_lcg_xor_chaos,c07,matrix_row_major,small_L1,4096,1000000,stochastic,mixed spatial (traversal-order dependent),grid
1908,1908_grid_b39_dual_lcg_xor_chaos__c08_matrix_col_major.c,b39,dual_lcg_xor_chaos,c08,matrix_col_major,medium_L2,65536,3000000,stochastic,mixed spatial (traversal-order dependent),grid
1909,1909_grid_b39_dual_lcg_xor_chaos__c09_matrix_tiled_blocked.c,b39,dual_lcg_xor_chaos,c09,matrix_tiled_blocked,large_L3,1048576,5000000,stochastic,mixed spatial (traversal-order dependent),grid
1910,1910_grid_b39_dual_lcg_xor_chaos__c10_pointer_chase_linked_list.c,b39,dual_lcg_xor_chaos,c10,pointer_chase_linked_list,xlarge_DRAM,8388608,8000000,stochastic,"compulsory+latency-bound (dependent loads, no prefetch)",grid
1911,1911_grid_b39_dual_lcg_xor_chaos__c11_sliding_window.c,b39,dual_lcg_xor_chaos,c11,sliding_window,small_L1,4096,1000000,stochastic,mixed/unclassified,grid
1912,1912_grid_b39_dual_lcg_xor_chaos__c12_prime_stride_anti_alias.c,b39,dual_lcg_xor_chaos,c12,prime_stride_anti_alias,medium_L2,65536,3000000,stochastic,compulsory+streaming (prefetch-friendly),grid
1913,1913_grid_b39_dual_lcg_xor_chaos__c13_two_stream_interleaved.c,b39,dual_lcg_xor_chaos,c13,two_stream_interleaved,large_L3,1048576,5000000,stochastic,mixed/unclassified,grid
1914,1914_grid_b39_dual_lcg_xor_chaos__c14_temporal_burst_reuse.c,b39,dual_lcg_xor_chaos,c14,temporal_burst_reuse,xlarge_DRAM,8388608,8000000,stochastic,mixed/unclassified,grid
1915,1915_grid_b39_dual_lcg_xor_chaos__c15_reverse_sequential.c,b39,dual_lcg_xor_chaos,c15,reverse_sequential,small_L1,4096,1000000,stochastic,compulsory+streaming (prefetch-friendly),grid
1916,1916_grid_b39_dual_lcg_xor_chaos__c16_block_sparse.c,b39,dual_lcg_xor_chaos,c16,block_sparse,medium_L2,65536,3000000,stochastic,mixed spatial (traversal-order dependent),grid
1917,1917_grid_b39_dual_lcg_xor_chaos__c17_zipf_like_hot_buckets.c,b39,dual_lcg_xor_chaos,c17,zipf_like_hot_buckets,large_L3,1048576,5000000,stochastic,temporal reuse (skewed/hot-set),grid
1918,1918_grid_b39_dual_lcg_xor_chaos__c18_producer_consumer_two_pointer.c,b39,dual_lcg_xor_chaos,c18,producer_consumer_two_pointer,xlarge_DRAM,8388608,8000000,stochastic,mixed/unclassified,grid
1919,1919_grid_b39_dual_lcg_xor_chaos__c19_matrix_diagonal_wavefront.c,b39,dual_lcg_xor_chaos,c19,matrix_diagonal_wavefront,small_L1,4096,1000000,stochastic,mixed spatial (traversal-order dependent),grid
1920,1920_grid_b39_dual_lcg_xor_chaos__c20_hot_cold_phase_alternation.c,b39,dual_lcg_xor_chaos,c20,hot_cold_phase_alternation,medium_L2,65536,3000000,stochastic,temporal reuse (skewed/hot-set),grid
1921,1921_grid_b39_dual_lcg_xor_chaos__c21_pyramid_multiresolution_stride.c,b39,dual_lcg_xor_chaos,c21,pyramid_multiresolution_stride,large_L3,1048576,5000000,stochastic,compulsory+streaming (prefetch-friendly),grid
1922,1922_grid_b39_dual_lcg_xor_chaos__c22_tensor_3d_slice_poor_locality.c,b39,dual_lcg_xor_chaos,c22,tensor_3d_slice_poor_locality,xlarge_DRAM,8388608,8000000,stochastic,mixed/unclassified,grid
1923,1923_grid_b39_dual_lcg_xor_chaos__c23_struct_of_array_field_burst.c,b39,dual_lcg_xor_chaos,c23,struct_of_array_field_burst,small_L1,4096,1000000,stochastic,compulsory+streaming (prefetch-friendly),grid
1924,1924_grid_b39_dual_lcg_xor_chaos__c24_banked_interleaved_access.c,b39,dual_lcg_xor_chaos,c24,banked_interleaved_access,medium_L2,65536,3000000,stochastic,compulsory+streaming (prefetch-friendly),grid
1925,1925_grid_b39_dual_lcg_xor_chaos__c25_lru_recency_weighted_reuse.c,b39,dual_lcg_xor_chaos,c25,lru_recency_weighted_reuse,large_L3,1048576,5000000,stochastic,temporal reuse (capacity-sensitive),grid
1926,1926_grid_b39_dual_lcg_xor_chaos__c26_geometric_stride_growth.c,b39,dual_lcg_xor_chaos,c26,geometric_stride_growth,xlarge_DRAM,8388608,8000000,stochastic,compulsory+streaming (prefetch-friendly),grid
1927,1927_grid_b39_dual_lcg_xor_chaos__c27_reduction_broadcast_pattern.c,b39,dual_lcg_xor_chaos,c27,reduction_broadcast_pattern,small_L1,4096,1000000,stochastic,compulsory+streaming (prefetch-friendly),grid
1928,1928_grid_b39_dual_lcg_xor_chaos__c28_morton_zorder_traversal.c,b39,dual_lcg_xor_chaos,c28,morton_zorder_traversal,medium_L2,65536,3000000,stochastic,mixed spatial (traversal-order dependent),grid
1929,1929_grid_b39_dual_lcg_xor_chaos__c29_ping_pong_cache_thrash.c,b39,dual_lcg_xor_chaos,c29,ping_pong_cache_thrash,large_L3,1048576,5000000,stochastic,conflict/associativity,grid
1930,1930_grid_b39_dual_lcg_xor_chaos__c30_gather_scatter_indirect_table.c,b39,dual_lcg_xor_chaos,c30,gather_scatter_indirect_table,xlarge_DRAM,8388608,8000000,stochastic,capacity (uniform random),grid
1931,1931_grid_b39_dual_lcg_xor_chaos__c31_fibonacci_stride.c,b39,dual_lcg_xor_chaos,c31,fibonacci_stride,small_L1,4096,1000000,stochastic,compulsory+streaming (prefetch-friendly),grid
1932,1932_grid_b39_dual_lcg_xor_chaos__c32_hilbert_curve_traversal.c,b39,dual_lcg_xor_chaos,c32,hilbert_curve_traversal,medium_L2,65536,3000000,stochastic,mixed spatial (traversal-order dependent),grid
1933,1933_grid_b39_dual_lcg_xor_chaos__c33_cache_set_conflict_stress.c,b39,dual_lcg_xor_chaos,c33,cache_set_conflict_stress,large_L3,1048576,5000000,stochastic,conflict/associativity,grid
1934,1934_grid_b39_dual_lcg_xor_chaos__c34_variable_length_burst_reuse.c,b39,dual_lcg_xor_chaos,c34,variable_length_burst_reuse,xlarge_DRAM,8388608,8000000,stochastic,capacity (uniform random),grid
1935,1935_grid_b39_dual_lcg_xor_chaos__c35_checkerboard_red_black.c,b39,dual_lcg_xor_chaos,c35,checkerboard_red_black,small_L1,4096,1000000,stochastic,mixed spatial (traversal-order dependent),grid
1936,1936_grid_b39_dual_lcg_xor_chaos__c36_im2col_overlapping_patch_gather.c,b39,dual_lcg_xor_chaos,c36,im2col_overlapping_patch_gather,medium_L2,65536,3000000,stochastic,compulsory+streaming (prefetch-friendly),grid
1937,1937_grid_b39_dual_lcg_xor_chaos__c37_double_buffer_epoch_alternation.c,b39,dual_lcg_xor_chaos,c37,double_buffer_epoch_alternation,large_L3,1048576,5000000,stochastic,conflict+capacity (thrashing/alternation),grid
1938,1938_grid_b39_dual_lcg_xor_chaos__c38_cuckoo_double_hash_probe.c,b39,dual_lcg_xor_chaos,c38,cuckoo_double_hash_probe,xlarge_DRAM,8388608,8000000,stochastic,capacity+compulsory (indirect gather/scatter),grid
1939,1939_grid_b39_dual_lcg_xor_chaos__c39_bounded_random_walk.c,b39,dual_lcg_xor_chaos,c39,bounded_random_walk,small_L1,4096,1000000,stochastic,capacity (uniform random),grid
1940,1940_grid_b39_dual_lcg_xor_chaos__c40_causal_attention_triangular.c,b39,dual_lcg_xor_chaos,c40,causal_attention_triangular,medium_L2,65536,3000000,stochastic,mixed/unclassified,grid
1941,1941_grid_b39_dual_lcg_xor_chaos__c41_skip_list_multilevel_hop.c,b39,dual_lcg_xor_chaos,c41,skip_list_multilevel_hop,large_L3,1048576,5000000,stochastic,"compulsory+latency-bound (dependent loads, no prefetch)",grid
1942,1942_grid_b39_dual_lcg_xor_chaos__c42_cache_oblivious_funnel_stride.c,b39,dual_lcg_xor_chaos,c42,cache_oblivious_funnel_stride,xlarge_DRAM,8388608,8000000,stochastic,compulsory+streaming (prefetch-friendly),grid
1943,1943_grid_b39_dual_lcg_xor_chaos__c43_whole_buffer_rotation.c,b39,dual_lcg_xor_chaos,c43,whole_buffer_rotation,small_L1,4096,1000000,stochastic,mixed/unclassified,grid
1944,1944_grid_b39_dual_lcg_xor_chaos__c44_naive_gemm_row_col_alternation.c,b39,dual_lcg_xor_chaos,c44,naive_gemm_row_col_alternation,medium_L2,65536,3000000,stochastic,compulsory+streaming (prefetch-friendly),grid
1945,1945_grid_b39_dual_lcg_xor_chaos__c45_read_hot_write_cold_split.c,b39,dual_lcg_xor_chaos,c45,read_hot_write_cold_split,large_L3,1048576,5000000,stochastic,temporal reuse (skewed/hot-set),grid
1946,1946_grid_b39_dual_lcg_xor_chaos__c46_cantor_gap_sparse.c,b39,dual_lcg_xor_chaos,c46,cantor_gap_sparse,xlarge_DRAM,8388608,8000000,stochastic,"compulsory (sparse, low reuse)",grid
1947,1947_grid_b39_dual_lcg_xor_chaos__c47_false_sharing_line_cycle.c,b39,dual_lcg_xor_chaos,c47,false_sharing_line_cycle,small_L1,4096,1000000,stochastic,conflict/associativity,grid
1948,1948_grid_b39_dual_lcg_xor_chaos__c48_exponential_backoff_probe.c,b39,dual_lcg_xor_chaos,c48,exponential_backoff_probe,medium_L2,65536,3000000,stochastic,capacity (uniform random),grid
1949,1949_grid_b39_dual_lcg_xor_chaos__c49_binary_heap_parent_child.c,b39,dual_lcg_xor_chaos,c49,binary_heap_parent_child,large_L3,1048576,5000000,stochastic,capacity (uniform random),grid
1950,1950_grid_b39_dual_lcg_xor_chaos__c50_streaming_with_periodic_flush.c,b39,dual_lcg_xor_chaos,c50,streaming_with_periodic_flush,xlarge_DRAM,8388608,8000000,stochastic,compulsory+streaming (prefetch-friendly),grid
1951,1951_grid_b40_collatz_value_transform__c01_sequential_unit_stride.c,b40,collatz_value_transform,c01,sequential_unit_stride,xlarge_DRAM,8388608,8000000,value-dependent,compulsory+streaming (prefetch-friendly),grid
1952,1952_grid_b40_collatz_value_transform__c02_sequential_wraparound_large.c,b40,collatz_value_transform,c02,sequential_wraparound_large,small_L1,4096,1000000,value-dependent,compulsory+streaming (prefetch-friendly),grid
1953,1953_grid_b40_collatz_value_transform__c03_fixed_stride_small.c,b40,collatz_value_transform,c03,fixed_stride_small,medium_L2,65536,3000000,value-dependent,compulsory+streaming (prefetch-friendly),grid
1954,1954_grid_b40_collatz_value_transform__c04_fixed_stride_large.c,b40,collatz_value_transform,c04,fixed_stride_large,large_L3,1048576,5000000,value-dependent,compulsory+streaming (prefetch-friendly),grid
1955,1955_grid_b40_collatz_value_transform__c05_random_small_working_set.c,b40,collatz_value_transform,c05,random_small_working_set,xlarge_DRAM,8388608,8000000,value-dependent,temporal reuse (capacity-sensitive),grid
1956,1956_grid_b40_collatz_value_transform__c06_random_full_working_set.c,b40,collatz_value_transform,c06,random_full_working_set,small_L1,4096,1000000,value-dependent,capacity (uniform random),grid
1957,1957_grid_b40_collatz_value_transform__c07_matrix_row_major.c,b40,collatz_value_transform,c07,matrix_row_major,medium_L2,65536,3000000,value-dependent,mixed spatial (traversal-order dependent),grid
1958,1958_grid_b40_collatz_value_transform__c08_matrix_col_major.c,b40,collatz_value_transform,c08,matrix_col_major,large_L3,1048576,5000000,value-dependent,mixed spatial (traversal-order dependent),grid
1959,1959_grid_b40_collatz_value_transform__c09_matrix_tiled_blocked.c,b40,collatz_value_transform,c09,matrix_tiled_blocked,xlarge_DRAM,8388608,8000000,value-dependent,mixed spatial (traversal-order dependent),grid
1960,1960_grid_b40_collatz_value_transform__c10_pointer_chase_linked_list.c,b40,collatz_value_transform,c10,pointer_chase_linked_list,small_L1,4096,1000000,value-dependent,"compulsory+latency-bound (dependent loads, no prefetch)",grid
1961,1961_grid_b40_collatz_value_transform__c11_sliding_window.c,b40,collatz_value_transform,c11,sliding_window,medium_L2,65536,3000000,value-dependent,mixed/unclassified,grid
1962,1962_grid_b40_collatz_value_transform__c12_prime_stride_anti_alias.c,b40,collatz_value_transform,c12,prime_stride_anti_alias,large_L3,1048576,5000000,value-dependent,compulsory+streaming (prefetch-friendly),grid
1963,1963_grid_b40_collatz_value_transform__c13_two_stream_interleaved.c,b40,collatz_value_transform,c13,two_stream_interleaved,xlarge_DRAM,8388608,8000000,value-dependent,mixed/unclassified,grid
1964,1964_grid_b40_collatz_value_transform__c14_temporal_burst_reuse.c,b40,collatz_value_transform,c14,temporal_burst_reuse,small_L1,4096,1000000,value-dependent,mixed/unclassified,grid
1965,1965_grid_b40_collatz_value_transform__c15_reverse_sequential.c,b40,collatz_value_transform,c15,reverse_sequential,medium_L2,65536,3000000,value-dependent,compulsory+streaming (prefetch-friendly),grid
1966,1966_grid_b40_collatz_value_transform__c16_block_sparse.c,b40,collatz_value_transform,c16,block_sparse,large_L3,1048576,5000000,value-dependent,mixed spatial (traversal-order dependent),grid
1967,1967_grid_b40_collatz_value_transform__c17_zipf_like_hot_buckets.c,b40,collatz_value_transform,c17,zipf_like_hot_buckets,xlarge_DRAM,8388608,8000000,value-dependent,temporal reuse (skewed/hot-set),grid
1968,1968_grid_b40_collatz_value_transform__c18_producer_consumer_two_pointer.c,b40,collatz_value_transform,c18,producer_consumer_two_pointer,small_L1,4096,1000000,value-dependent,mixed/unclassified,grid
1969,1969_grid_b40_collatz_value_transform__c19_matrix_diagonal_wavefront.c,b40,collatz_value_transform,c19,matrix_diagonal_wavefront,medium_L2,65536,3000000,value-dependent,mixed spatial (traversal-order dependent),grid
1970,1970_grid_b40_collatz_value_transform__c20_hot_cold_phase_alternation.c,b40,collatz_value_transform,c20,hot_cold_phase_alternation,large_L3,1048576,5000000,value-dependent,temporal reuse (skewed/hot-set),grid
1971,1971_grid_b40_collatz_value_transform__c21_pyramid_multiresolution_stride.c,b40,collatz_value_transform,c21,pyramid_multiresolution_stride,xlarge_DRAM,8388608,8000000,value-dependent,compulsory+streaming (prefetch-friendly),grid
1972,1972_grid_b40_collatz_value_transform__c22_tensor_3d_slice_poor_locality.c,b40,collatz_value_transform,c22,tensor_3d_slice_poor_locality,small_L1,4096,1000000,value-dependent,mixed/unclassified,grid
1973,1973_grid_b40_collatz_value_transform__c23_struct_of_array_field_burst.c,b40,collatz_value_transform,c23,struct_of_array_field_burst,medium_L2,65536,3000000,value-dependent,compulsory+streaming (prefetch-friendly),grid
1974,1974_grid_b40_collatz_value_transform__c24_banked_interleaved_access.c,b40,collatz_value_transform,c24,banked_interleaved_access,large_L3,1048576,5000000,value-dependent,compulsory+streaming (prefetch-friendly),grid
1975,1975_grid_b40_collatz_value_transform__c25_lru_recency_weighted_reuse.c,b40,collatz_value_transform,c25,lru_recency_weighted_reuse,xlarge_DRAM,8388608,8000000,value-dependent,temporal reuse (capacity-sensitive),grid
1976,1976_grid_b40_collatz_value_transform__c26_geometric_stride_growth.c,b40,collatz_value_transform,c26,geometric_stride_growth,small_L1,4096,1000000,value-dependent,compulsory+streaming (prefetch-friendly),grid
1977,1977_grid_b40_collatz_value_transform__c27_reduction_broadcast_pattern.c,b40,collatz_value_transform,c27,reduction_broadcast_pattern,medium_L2,65536,3000000,value-dependent,compulsory+streaming (prefetch-friendly),grid
1978,1978_grid_b40_collatz_value_transform__c28_morton_zorder_traversal.c,b40,collatz_value_transform,c28,morton_zorder_traversal,large_L3,1048576,5000000,value-dependent,mixed spatial (traversal-order dependent),grid
1979,1979_grid_b40_collatz_value_transform__c29_ping_pong_cache_thrash.c,b40,collatz_value_transform,c29,ping_pong_cache_thrash,xlarge_DRAM,8388608,8000000,value-dependent,conflict/associativity,grid
1980,1980_grid_b40_collatz_value_transform__c30_gather_scatter_indirect_table.c,b40,collatz_value_transform,c30,gather_scatter_indirect_table,small_L1,4096,1000000,value-dependent,capacity (uniform random),grid
1981,1981_grid_b40_collatz_value_transform__c31_fibonacci_stride.c,b40,collatz_value_transform,c31,fibonacci_stride,medium_L2,65536,3000000,value-dependent,compulsory+streaming (prefetch-friendly),grid
1982,1982_grid_b40_collatz_value_transform__c32_hilbert_curve_traversal.c,b40,collatz_value_transform,c32,hilbert_curve_traversal,large_L3,1048576,5000000,value-dependent,mixed spatial (traversal-order dependent),grid
1983,1983_grid_b40_collatz_value_transform__c33_cache_set_conflict_stress.c,b40,collatz_value_transform,c33,cache_set_conflict_stress,xlarge_DRAM,8388608,8000000,value-dependent,conflict/associativity,grid
1984,1984_grid_b40_collatz_value_transform__c34_variable_length_burst_reuse.c,b40,collatz_value_transform,c34,variable_length_burst_reuse,small_L1,4096,1000000,value-dependent,capacity (uniform random),grid
1985,1985_grid_b40_collatz_value_transform__c35_checkerboard_red_black.c,b40,collatz_value_transform,c35,checkerboard_red_black,medium_L2,65536,3000000,value-dependent,mixed spatial (traversal-order dependent),grid
1986,1986_grid_b40_collatz_value_transform__c36_im2col_overlapping_patch_gather.c,b40,collatz_value_transform,c36,im2col_overlapping_patch_gather,large_L3,1048576,5000000,value-dependent,compulsory+streaming (prefetch-friendly),grid
1987,1987_grid_b40_collatz_value_transform__c37_double_buffer_epoch_alternation.c,b40,collatz_value_transform,c37,double_buffer_epoch_alternation,xlarge_DRAM,8388608,8000000,value-dependent,conflict+capacity (thrashing/alternation),grid
1988,1988_grid_b40_collatz_value_transform__c38_cuckoo_double_hash_probe.c,b40,collatz_value_transform,c38,cuckoo_double_hash_probe,small_L1,4096,1000000,value-dependent,capacity+compulsory (indirect gather/scatter),grid
1989,1989_grid_b40_collatz_value_transform__c39_bounded_random_walk.c,b40,collatz_value_transform,c39,bounded_random_walk,medium_L2,65536,3000000,value-dependent,capacity (uniform random),grid
1990,1990_grid_b40_collatz_value_transform__c40_causal_attention_triangular.c,b40,collatz_value_transform,c40,causal_attention_triangular,large_L3,1048576,5000000,value-dependent,mixed/unclassified,grid
1991,1991_grid_b40_collatz_value_transform__c41_skip_list_multilevel_hop.c,b40,collatz_value_transform,c41,skip_list_multilevel_hop,xlarge_DRAM,8388608,8000000,value-dependent,"compulsory+latency-bound (dependent loads, no prefetch)",grid
1992,1992_grid_b40_collatz_value_transform__c42_cache_oblivious_funnel_stride.c,b40,collatz_value_transform,c42,cache_oblivious_funnel_stride,small_L1,4096,1000000,value-dependent,compulsory+streaming (prefetch-friendly),grid
1993,1993_grid_b40_collatz_value_transform__c43_whole_buffer_rotation.c,b40,collatz_value_transform,c43,whole_buffer_rotation,medium_L2,65536,3000000,value-dependent,mixed/unclassified,grid
1994,1994_grid_b40_collatz_value_transform__c44_naive_gemm_row_col_alternation.c,b40,collatz_value_transform,c44,naive_gemm_row_col_alternation,large_L3,1048576,5000000,value-dependent,compulsory+streaming (prefetch-friendly),grid
1995,1995_grid_b40_collatz_value_transform__c45_read_hot_write_cold_split.c,b40,collatz_value_transform,c45,read_hot_write_cold_split,xlarge_DRAM,8388608,8000000,value-dependent,temporal reuse (skewed/hot-set),grid
1996,1996_grid_b40_collatz_value_transform__c46_cantor_gap_sparse.c,b40,collatz_value_transform,c46,cantor_gap_sparse,small_L1,4096,1000000,value-dependent,"compulsory (sparse, low reuse)",grid
1997,1997_grid_b40_collatz_value_transform__c47_false_sharing_line_cycle.c,b40,collatz_value_transform,c47,false_sharing_line_cycle,medium_L2,65536,3000000,value-dependent,conflict/associativity,grid
1998,1998_grid_b40_collatz_value_transform__c48_exponential_backoff_probe.c,b40,collatz_value_transform,c48,exponential_backoff_probe,large_L3,1048576,5000000,value-dependent,capacity (uniform random),grid
1999,1999_grid_b40_collatz_value_transform__c49_binary_heap_parent_child.c,b40,collatz_value_transform,c49,binary_heap_parent_child,xlarge_DRAM,8388608,8000000,value-dependent,capacity (uniform random),grid
2000,2000_grid_b40_collatz_value_transform__c50_streaming_with_periodic_flush.c,b40,collatz_value_transform,c50,streaming_with_periodic_flush,small_L1,4096,1000000,value-dependent,compulsory+streaming (prefetch-friendly),grid
2001,2001_grid_b41_markov_chain_3state__c01_sequential_unit_stride.c,b41,markov_chain_3state,c01,sequential_unit_stride,small_L1,4096,1000000,history-correlated,compulsory+streaming (prefetch-friendly),grid
2002,2002_grid_b41_markov_chain_3state__c02_sequential_wraparound_large.c,b41,markov_chain_3state,c02,sequential_wraparound_large,medium_L2,65536,3000000,history-correlated,compulsory+streaming (prefetch-friendly),grid
2003,2003_grid_b41_markov_chain_3state__c03_fixed_stride_small.c,b41,markov_chain_3state,c03,fixed_stride_small,large_L3,1048576,5000000,history-correlated,compulsory+streaming (prefetch-friendly),grid
2004,2004_grid_b41_markov_chain_3state__c04_fixed_stride_large.c,b41,markov_chain_3state,c04,fixed_stride_large,xlarge_DRAM,8388608,8000000,history-correlated,compulsory+streaming (prefetch-friendly),grid
2005,2005_grid_b41_markov_chain_3state__c05_random_small_working_set.c,b41,markov_chain_3state,c05,random_small_working_set,small_L1,4096,1000000,history-correlated,temporal reuse (capacity-sensitive),grid
2006,2006_grid_b41_markov_chain_3state__c06_random_full_working_set.c,b41,markov_chain_3state,c06,random_full_working_set,medium_L2,65536,3000000,history-correlated,capacity (uniform random),grid
2007,2007_grid_b41_markov_chain_3state__c07_matrix_row_major.c,b41,markov_chain_3state,c07,matrix_row_major,large_L3,1048576,5000000,history-correlated,mixed spatial (traversal-order dependent),grid
2008,2008_grid_b41_markov_chain_3state__c08_matrix_col_major.c,b41,markov_chain_3state,c08,matrix_col_major,xlarge_DRAM,8388608,8000000,history-correlated,mixed spatial (traversal-order dependent),grid
2009,2009_grid_b41_markov_chain_3state__c09_matrix_tiled_blocked.c,b41,markov_chain_3state,c09,matrix_tiled_blocked,small_L1,4096,1000000,history-correlated,mixed spatial (traversal-order dependent),grid
2010,2010_grid_b41_markov_chain_3state__c10_pointer_chase_linked_list.c,b41,markov_chain_3state,c10,pointer_chase_linked_list,medium_L2,65536,3000000,history-correlated,"compulsory+latency-bound (dependent loads, no prefetch)",grid
2011,2011_grid_b41_markov_chain_3state__c11_sliding_window.c,b41,markov_chain_3state,c11,sliding_window,large_L3,1048576,5000000,history-correlated,mixed/unclassified,grid
2012,2012_grid_b41_markov_chain_3state__c12_prime_stride_anti_alias.c,b41,markov_chain_3state,c12,prime_stride_anti_alias,xlarge_DRAM,8388608,8000000,history-correlated,compulsory+streaming (prefetch-friendly),grid
2013,2013_grid_b41_markov_chain_3state__c13_two_stream_interleaved.c,b41,markov_chain_3state,c13,two_stream_interleaved,small_L1,4096,1000000,history-correlated,mixed/unclassified,grid
2014,2014_grid_b41_markov_chain_3state__c14_temporal_burst_reuse.c,b41,markov_chain_3state,c14,temporal_burst_reuse,medium_L2,65536,3000000,history-correlated,mixed/unclassified,grid
2015,2015_grid_b41_markov_chain_3state__c15_reverse_sequential.c,b41,markov_chain_3state,c15,reverse_sequential,large_L3,1048576,5000000,history-correlated,compulsory+streaming (prefetch-friendly),grid
2016,2016_grid_b41_markov_chain_3state__c16_block_sparse.c,b41,markov_chain_3state,c16,block_sparse,xlarge_DRAM,8388608,8000000,history-correlated,mixed spatial (traversal-order dependent),grid
2017,2017_grid_b41_markov_chain_3state__c17_zipf_like_hot_buckets.c,b41,markov_chain_3state,c17,zipf_like_hot_buckets,small_L1,4096,1000000,history-correlated,temporal reuse (skewed/hot-set),grid
2018,2018_grid_b41_markov_chain_3state__c18_producer_consumer_two_pointer.c,b41,markov_chain_3state,c18,producer_consumer_two_pointer,medium_L2,65536,3000000,history-correlated,mixed/unclassified,grid
2019,2019_grid_b41_markov_chain_3state__c19_matrix_diagonal_wavefront.c,b41,markov_chain_3state,c19,matrix_diagonal_wavefront,large_L3,1048576,5000000,history-correlated,mixed spatial (traversal-order dependent),grid
2020,2020_grid_b41_markov_chain_3state__c20_hot_cold_phase_alternation.c,b41,markov_chain_3state,c20,hot_cold_phase_alternation,xlarge_DRAM,8388608,8000000,history-correlated,temporal reuse (skewed/hot-set),grid
2021,2021_grid_b41_markov_chain_3state__c21_pyramid_multiresolution_stride.c,b41,markov_chain_3state,c21,pyramid_multiresolution_stride,small_L1,4096,1000000,history-correlated,compulsory+streaming (prefetch-friendly),grid
2022,2022_grid_b41_markov_chain_3state__c22_tensor_3d_slice_poor_locality.c,b41,markov_chain_3state,c22,tensor_3d_slice_poor_locality,medium_L2,65536,3000000,history-correlated,mixed/unclassified,grid
2023,2023_grid_b41_markov_chain_3state__c23_struct_of_array_field_burst.c,b41,markov_chain_3state,c23,struct_of_array_field_burst,large_L3,1048576,5000000,history-correlated,compulsory+streaming (prefetch-friendly),grid
2024,2024_grid_b41_markov_chain_3state__c24_banked_interleaved_access.c,b41,markov_chain_3state,c24,banked_interleaved_access,xlarge_DRAM,8388608,8000000,history-correlated,compulsory+streaming (prefetch-friendly),grid
2025,2025_grid_b41_markov_chain_3state__c25_lru_recency_weighted_reuse.c,b41,markov_chain_3state,c25,lru_recency_weighted_reuse,small_L1,4096,1000000,history-correlated,temporal reuse (capacity-sensitive),grid
2026,2026_grid_b41_markov_chain_3state__c26_geometric_stride_growth.c,b41,markov_chain_3state,c26,geometric_stride_growth,medium_L2,65536,3000000,history-correlated,compulsory+streaming (prefetch-friendly),grid
2027,2027_grid_b41_markov_chain_3state__c27_reduction_broadcast_pattern.c,b41,markov_chain_3state,c27,reduction_broadcast_pattern,large_L3,1048576,5000000,history-correlated,compulsory+streaming (prefetch-friendly),grid
2028,2028_grid_b41_markov_chain_3state__c28_morton_zorder_traversal.c,b41,markov_chain_3state,c28,morton_zorder_traversal,xlarge_DRAM,8388608,8000000,history-correlated,mixed spatial (traversal-order dependent),grid
2029,2029_grid_b41_markov_chain_3state__c29_ping_pong_cache_thrash.c,b41,markov_chain_3state,c29,ping_pong_cache_thrash,small_L1,4096,1000000,history-correlated,conflict/associativity,grid
2030,2030_grid_b41_markov_chain_3state__c30_gather_scatter_indirect_table.c,b41,markov_chain_3state,c30,gather_scatter_indirect_table,medium_L2,65536,3000000,history-correlated,capacity (uniform random),grid
2031,2031_grid_b41_markov_chain_3state__c31_fibonacci_stride.c,b41,markov_chain_3state,c31,fibonacci_stride,large_L3,1048576,5000000,history-correlated,compulsory+streaming (prefetch-friendly),grid
2032,2032_grid_b41_markov_chain_3state__c32_hilbert_curve_traversal.c,b41,markov_chain_3state,c32,hilbert_curve_traversal,xlarge_DRAM,8388608,8000000,history-correlated,mixed spatial (traversal-order dependent),grid
2033,2033_grid_b41_markov_chain_3state__c33_cache_set_conflict_stress.c,b41,markov_chain_3state,c33,cache_set_conflict_stress,small_L1,4096,1000000,history-correlated,conflict/associativity,grid
2034,2034_grid_b41_markov_chain_3state__c34_variable_length_burst_reuse.c,b41,markov_chain_3state,c34,variable_length_burst_reuse,medium_L2,65536,3000000,history-correlated,capacity (uniform random),grid
2035,2035_grid_b41_markov_chain_3state__c35_checkerboard_red_black.c,b41,markov_chain_3state,c35,checkerboard_red_black,large_L3,1048576,5000000,history-correlated,mixed spatial (traversal-order dependent),grid
2036,2036_grid_b41_markov_chain_3state__c36_im2col_overlapping_patch_gather.c,b41,markov_chain_3state,c36,im2col_overlapping_patch_gather,xlarge_DRAM,8388608,8000000,history-correlated,compulsory+streaming (prefetch-friendly),grid
2037,2037_grid_b41_markov_chain_3state__c37_double_buffer_epoch_alternation.c,b41,markov_chain_3state,c37,double_buffer_epoch_alternation,small_L1,4096,1000000,history-correlated,conflict+capacity (thrashing/alternation),grid
2038,2038_grid_b41_markov_chain_3state__c38_cuckoo_double_hash_probe.c,b41,markov_chain_3state,c38,cuckoo_double_hash_probe,medium_L2,65536,3000000,history-correlated,capacity+compulsory (indirect gather/scatter),grid
2039,2039_grid_b41_markov_chain_3state__c39_bounded_random_walk.c,b41,markov_chain_3state,c39,bounded_random_walk,large_L3,1048576,5000000,history-correlated,capacity (uniform random),grid
2040,2040_grid_b41_markov_chain_3state__c40_causal_attention_triangular.c,b41,markov_chain_3state,c40,causal_attention_triangular,xlarge_DRAM,8388608,8000000,history-correlated,mixed/unclassified,grid
2041,2041_grid_b41_markov_chain_3state__c41_skip_list_multilevel_hop.c,b41,markov_chain_3state,c41,skip_list_multilevel_hop,small_L1,4096,1000000,history-correlated,"compulsory+latency-bound (dependent loads, no prefetch)",grid
2042,2042_grid_b41_markov_chain_3state__c42_cache_oblivious_funnel_stride.c,b41,markov_chain_3state,c42,cache_oblivious_funnel_stride,medium_L2,65536,3000000,history-correlated,compulsory+streaming (prefetch-friendly),grid
2043,2043_grid_b41_markov_chain_3state__c43_whole_buffer_rotation.c,b41,markov_chain_3state,c43,whole_buffer_rotation,large_L3,1048576,5000000,history-correlated,mixed/unclassified,grid
2044,2044_grid_b41_markov_chain_3state__c44_naive_gemm_row_col_alternation.c,b41,markov_chain_3state,c44,naive_gemm_row_col_alternation,xlarge_DRAM,8388608,8000000,history-correlated,compulsory+streaming (prefetch-friendly),grid
2045,2045_grid_b41_markov_chain_3state__c45_read_hot_write_cold_split.c,b41,markov_chain_3state,c45,read_hot_write_cold_split,small_L1,4096,1000000,history-correlated,temporal reuse (skewed/hot-set),grid
2046,2046_grid_b41_markov_chain_3state__c46_cantor_gap_sparse.c,b41,markov_chain_3state,c46,cantor_gap_sparse,medium_L2,65536,3000000,history-correlated,"compulsory (sparse, low reuse)",grid
2047,2047_grid_b41_markov_chain_3state__c47_false_sharing_line_cycle.c,b41,markov_chain_3state,c47,false_sharing_line_cycle,large_L3,1048576,5000000,history-correlated,conflict/associativity,grid
2048,2048_grid_b41_markov_chain_3state__c48_exponential_backoff_probe.c,b41,markov_chain_3state,c48,exponential_backoff_probe,xlarge_DRAM,8388608,8000000,history-correlated,capacity (uniform random),grid
2049,2049_grid_b41_markov_chain_3state__c49_binary_heap_parent_child.c,b41,markov_chain_3state,c49,binary_heap_parent_child,small_L1,4096,1000000,history-correlated,capacity (uniform random),grid
2050,2050_grid_b41_markov_chain_3state__c50_streaming_with_periodic_flush.c,b41,markov_chain_3state,c50,streaming_with_periodic_flush,medium_L2,65536,3000000,history-correlated,compulsory+streaming (prefetch-friendly),grid
2051,2051_grid_b42_bit_reversal_index_data_mix__c01_sequential_unit_stride.c,b42,bit_reversal_index_data_mix,c01,sequential_unit_stride,medium_L2,65536,3000000,history-correlated,compulsory+streaming (prefetch-friendly),grid
2052,2052_grid_b42_bit_reversal_index_data_mix__c02_sequential_wraparound_large.c,b42,bit_reversal_index_data_mix,c02,sequential_wraparound_large,large_L3,1048576,5000000,history-correlated,compulsory+streaming (prefetch-friendly),grid
2053,2053_grid_b42_bit_reversal_index_data_mix__c03_fixed_stride_small.c,b42,bit_reversal_index_data_mix,c03,fixed_stride_small,xlarge_DRAM,8388608,8000000,history-correlated,compulsory+streaming (prefetch-friendly),grid
2054,2054_grid_b42_bit_reversal_index_data_mix__c04_fixed_stride_large.c,b42,bit_reversal_index_data_mix,c04,fixed_stride_large,small_L1,4096,1000000,history-correlated,compulsory+streaming (prefetch-friendly),grid
2055,2055_grid_b42_bit_reversal_index_data_mix__c05_random_small_working_set.c,b42,bit_reversal_index_data_mix,c05,random_small_working_set,medium_L2,65536,3000000,history-correlated,temporal reuse (capacity-sensitive),grid
2056,2056_grid_b42_bit_reversal_index_data_mix__c06_random_full_working_set.c,b42,bit_reversal_index_data_mix,c06,random_full_working_set,large_L3,1048576,5000000,history-correlated,capacity (uniform random),grid
2057,2057_grid_b42_bit_reversal_index_data_mix__c07_matrix_row_major.c,b42,bit_reversal_index_data_mix,c07,matrix_row_major,xlarge_DRAM,8388608,8000000,history-correlated,mixed spatial (traversal-order dependent),grid
2058,2058_grid_b42_bit_reversal_index_data_mix__c08_matrix_col_major.c,b42,bit_reversal_index_data_mix,c08,matrix_col_major,small_L1,4096,1000000,history-correlated,mixed spatial (traversal-order dependent),grid
2059,2059_grid_b42_bit_reversal_index_data_mix__c09_matrix_tiled_blocked.c,b42,bit_reversal_index_data_mix,c09,matrix_tiled_blocked,medium_L2,65536,3000000,history-correlated,mixed spatial (traversal-order dependent),grid
2060,2060_grid_b42_bit_reversal_index_data_mix__c10_pointer_chase_linked_list.c,b42,bit_reversal_index_data_mix,c10,pointer_chase_linked_list,large_L3,1048576,5000000,history-correlated,"compulsory+latency-bound (dependent loads, no prefetch)",grid
2061,2061_grid_b42_bit_reversal_index_data_mix__c11_sliding_window.c,b42,bit_reversal_index_data_mix,c11,sliding_window,xlarge_DRAM,8388608,8000000,history-correlated,mixed/unclassified,grid
2062,2062_grid_b42_bit_reversal_index_data_mix__c12_prime_stride_anti_alias.c,b42,bit_reversal_index_data_mix,c12,prime_stride_anti_alias,small_L1,4096,1000000,history-correlated,compulsory+streaming (prefetch-friendly),grid
2063,2063_grid_b42_bit_reversal_index_data_mix__c13_two_stream_interleaved.c,b42,bit_reversal_index_data_mix,c13,two_stream_interleaved,medium_L2,65536,3000000,history-correlated,mixed/unclassified,grid
2064,2064_grid_b42_bit_reversal_index_data_mix__c14_temporal_burst_reuse.c,b42,bit_reversal_index_data_mix,c14,temporal_burst_reuse,large_L3,1048576,5000000,history-correlated,mixed/unclassified,grid
2065,2065_grid_b42_bit_reversal_index_data_mix__c15_reverse_sequential.c,b42,bit_reversal_index_data_mix,c15,reverse_sequential,xlarge_DRAM,8388608,8000000,history-correlated,compulsory+streaming (prefetch-friendly),grid
2066,2066_grid_b42_bit_reversal_index_data_mix__c16_block_sparse.c,b42,bit_reversal_index_data_mix,c16,block_sparse,small_L1,4096,1000000,history-correlated,mixed spatial (traversal-order dependent),grid
2067,2067_grid_b42_bit_reversal_index_data_mix__c17_zipf_like_hot_buckets.c,b42,bit_reversal_index_data_mix,c17,zipf_like_hot_buckets,medium_L2,65536,3000000,history-correlated,temporal reuse (skewed/hot-set),grid
2068,2068_grid_b42_bit_reversal_index_data_mix__c18_producer_consumer_two_pointer.c,b42,bit_reversal_index_data_mix,c18,producer_consumer_two_pointer,large_L3,1048576,5000000,history-correlated,mixed/unclassified,grid
2069,2069_grid_b42_bit_reversal_index_data_mix__c19_matrix_diagonal_wavefront.c,b42,bit_reversal_index_data_mix,c19,matrix_diagonal_wavefront,xlarge_DRAM,8388608,8000000,history-correlated,mixed spatial (traversal-order dependent),grid
2070,2070_grid_b42_bit_reversal_index_data_mix__c20_hot_cold_phase_alternation.c,b42,bit_reversal_index_data_mix,c20,hot_cold_phase_alternation,small_L1,4096,1000000,history-correlated,temporal reuse (skewed/hot-set),grid
2071,2071_grid_b42_bit_reversal_index_data_mix__c21_pyramid_multiresolution_stride.c,b42,bit_reversal_index_data_mix,c21,pyramid_multiresolution_stride,medium_L2,65536,3000000,history-correlated,compulsory+streaming (prefetch-friendly),grid
2072,2072_grid_b42_bit_reversal_index_data_mix__c22_tensor_3d_slice_poor_locality.c,b42,bit_reversal_index_data_mix,c22,tensor_3d_slice_poor_locality,large_L3,1048576,5000000,history-correlated,mixed/unclassified,grid
2073,2073_grid_b42_bit_reversal_index_data_mix__c23_struct_of_array_field_burst.c,b42,bit_reversal_index_data_mix,c23,struct_of_array_field_burst,xlarge_DRAM,8388608,8000000,history-correlated,compulsory+streaming (prefetch-friendly),grid
2074,2074_grid_b42_bit_reversal_index_data_mix__c24_banked_interleaved_access.c,b42,bit_reversal_index_data_mix,c24,banked_interleaved_access,small_L1,4096,1000000,history-correlated,compulsory+streaming (prefetch-friendly),grid
2075,2075_grid_b42_bit_reversal_index_data_mix__c25_lru_recency_weighted_reuse.c,b42,bit_reversal_index_data_mix,c25,lru_recency_weighted_reuse,medium_L2,65536,3000000,history-correlated,temporal reuse (capacity-sensitive),grid
2076,2076_grid_b42_bit_reversal_index_data_mix__c26_geometric_stride_growth.c,b42,bit_reversal_index_data_mix,c26,geometric_stride_growth,large_L3,1048576,5000000,history-correlated,compulsory+streaming (prefetch-friendly),grid
2077,2077_grid_b42_bit_reversal_index_data_mix__c27_reduction_broadcast_pattern.c,b42,bit_reversal_index_data_mix,c27,reduction_broadcast_pattern,xlarge_DRAM,8388608,8000000,history-correlated,compulsory+streaming (prefetch-friendly),grid
2078,2078_grid_b42_bit_reversal_index_data_mix__c28_morton_zorder_traversal.c,b42,bit_reversal_index_data_mix,c28,morton_zorder_traversal,small_L1,4096,1000000,history-correlated,mixed spatial (traversal-order dependent),grid
2079,2079_grid_b42_bit_reversal_index_data_mix__c29_ping_pong_cache_thrash.c,b42,bit_reversal_index_data_mix,c29,ping_pong_cache_thrash,medium_L2,65536,3000000,history-correlated,conflict/associativity,grid
2080,2080_grid_b42_bit_reversal_index_data_mix__c30_gather_scatter_indirect_table.c,b42,bit_reversal_index_data_mix,c30,gather_scatter_indirect_table,large_L3,1048576,5000000,history-correlated,capacity (uniform random),grid
2081,2081_grid_b42_bit_reversal_index_data_mix__c31_fibonacci_stride.c,b42,bit_reversal_index_data_mix,c31,fibonacci_stride,xlarge_DRAM,8388608,8000000,history-correlated,compulsory+streaming (prefetch-friendly),grid
2082,2082_grid_b42_bit_reversal_index_data_mix__c32_hilbert_curve_traversal.c,b42,bit_reversal_index_data_mix,c32,hilbert_curve_traversal,small_L1,4096,1000000,history-correlated,mixed spatial (traversal-order dependent),grid
2083,2083_grid_b42_bit_reversal_index_data_mix__c33_cache_set_conflict_stress.c,b42,bit_reversal_index_data_mix,c33,cache_set_conflict_stress,medium_L2,65536,3000000,history-correlated,conflict/associativity,grid
2084,2084_grid_b42_bit_reversal_index_data_mix__c34_variable_length_burst_reuse.c,b42,bit_reversal_index_data_mix,c34,variable_length_burst_reuse,large_L3,1048576,5000000,history-correlated,capacity (uniform random),grid
2085,2085_grid_b42_bit_reversal_index_data_mix__c35_checkerboard_red_black.c,b42,bit_reversal_index_data_mix,c35,checkerboard_red_black,xlarge_DRAM,8388608,8000000,history-correlated,mixed spatial (traversal-order dependent),grid
2086,2086_grid_b42_bit_reversal_index_data_mix__c36_im2col_overlapping_patch_gather.c,b42,bit_reversal_index_data_mix,c36,im2col_overlapping_patch_gather,small_L1,4096,1000000,history-correlated,compulsory+streaming (prefetch-friendly),grid
2087,2087_grid_b42_bit_reversal_index_data_mix__c37_double_buffer_epoch_alternation.c,b42,bit_reversal_index_data_mix,c37,double_buffer_epoch_alternation,medium_L2,65536,3000000,history-correlated,conflict+capacity (thrashing/alternation),grid
2088,2088_grid_b42_bit_reversal_index_data_mix__c38_cuckoo_double_hash_probe.c,b42,bit_reversal_index_data_mix,c38,cuckoo_double_hash_probe,large_L3,1048576,5000000,history-correlated,capacity+compulsory (indirect gather/scatter),grid
2089,2089_grid_b42_bit_reversal_index_data_mix__c39_bounded_random_walk.c,b42,bit_reversal_index_data_mix,c39,bounded_random_walk,xlarge_DRAM,8388608,8000000,history-correlated,capacity (uniform random),grid
2090,2090_grid_b42_bit_reversal_index_data_mix__c40_causal_attention_triangular.c,b42,bit_reversal_index_data_mix,c40,causal_attention_triangular,small_L1,4096,1000000,history-correlated,mixed/unclassified,grid
2091,2091_grid_b42_bit_reversal_index_data_mix__c41_skip_list_multilevel_hop.c,b42,bit_reversal_index_data_mix,c41,skip_list_multilevel_hop,medium_L2,65536,3000000,history-correlated,"compulsory+latency-bound (dependent loads, no prefetch)",grid
2092,2092_grid_b42_bit_reversal_index_data_mix__c42_cache_oblivious_funnel_stride.c,b42,bit_reversal_index_data_mix,c42,cache_oblivious_funnel_stride,large_L3,1048576,5000000,history-correlated,compulsory+streaming (prefetch-friendly),grid
2093,2093_grid_b42_bit_reversal_index_data_mix__c43_whole_buffer_rotation.c,b42,bit_reversal_index_data_mix,c43,whole_buffer_rotation,xlarge_DRAM,8388608,8000000,history-correlated,mixed/unclassified,grid
2094,2094_grid_b42_bit_reversal_index_data_mix__c44_naive_gemm_row_col_alternation.c,b42,bit_reversal_index_data_mix,c44,naive_gemm_row_col_alternation,small_L1,4096,1000000,history-correlated,compulsory+streaming (prefetch-friendly),grid
2095,2095_grid_b42_bit_reversal_index_data_mix__c45_read_hot_write_cold_split.c,b42,bit_reversal_index_data_mix,c45,read_hot_write_cold_split,medium_L2,65536,3000000,history-correlated,temporal reuse (skewed/hot-set),grid
2096,2096_grid_b42_bit_reversal_index_data_mix__c46_cantor_gap_sparse.c,b42,bit_reversal_index_data_mix,c46,cantor_gap_sparse,large_L3,1048576,5000000,history-correlated,"compulsory (sparse, low reuse)",grid
2097,2097_grid_b42_bit_reversal_index_data_mix__c47_false_sharing_line_cycle.c,b42,bit_reversal_index_data_mix,c47,false_sharing_line_cycle,xlarge_DRAM,8388608,8000000,history-correlated,conflict/associativity,grid
2098,2098_grid_b42_bit_reversal_index_data_mix__c48_exponential_backoff_probe.c,b42,bit_reversal_index_data_mix,c48,exponential_backoff_probe,small_L1,4096,1000000,history-correlated,capacity (uniform random),grid
2099,2099_grid_b42_bit_reversal_index_data_mix__c49_binary_heap_parent_child.c,b42,bit_reversal_index_data_mix,c49,binary_heap_parent_child,medium_L2,65536,3000000,history-correlated,capacity (uniform random),grid
2100,2100_grid_b42_bit_reversal_index_data_mix__c50_streaming_with_periodic_flush.c,b42,bit_reversal_index_data_mix,c50,streaming_with_periodic_flush,large_L3,1048576,5000000,history-correlated,compulsory+streaming (prefetch-friendly),grid
2101,2101_grid_b43_moving_average_threshold__c01_sequential_unit_stride.c,b43,moving_average_threshold,c01,sequential_unit_stride,large_L3,1048576,5000000,value-dependent,compulsory+streaming (prefetch-friendly),grid
2102,2102_grid_b43_moving_average_threshold__c02_sequential_wraparound_large.c,b43,moving_average_threshold,c02,sequential_wraparound_large,xlarge_DRAM,8388608,8000000,value-dependent,compulsory+streaming (prefetch-friendly),grid
2103,2103_grid_b43_moving_average_threshold__c03_fixed_stride_small.c,b43,moving_average_threshold,c03,fixed_stride_small,small_L1,4096,1000000,value-dependent,compulsory+streaming (prefetch-friendly),grid
2104,2104_grid_b43_moving_average_threshold__c04_fixed_stride_large.c,b43,moving_average_threshold,c04,fixed_stride_large,medium_L2,65536,3000000,value-dependent,compulsory+streaming (prefetch-friendly),grid
2105,2105_grid_b43_moving_average_threshold__c05_random_small_working_set.c,b43,moving_average_threshold,c05,random_small_working_set,large_L3,1048576,5000000,value-dependent,temporal reuse (capacity-sensitive),grid
2106,2106_grid_b43_moving_average_threshold__c06_random_full_working_set.c,b43,moving_average_threshold,c06,random_full_working_set,xlarge_DRAM,8388608,8000000,value-dependent,capacity (uniform random),grid
2107,2107_grid_b43_moving_average_threshold__c07_matrix_row_major.c,b43,moving_average_threshold,c07,matrix_row_major,small_L1,4096,1000000,value-dependent,mixed spatial (traversal-order dependent),grid
2108,2108_grid_b43_moving_average_threshold__c08_matrix_col_major.c,b43,moving_average_threshold,c08,matrix_col_major,medium_L2,65536,3000000,value-dependent,mixed spatial (traversal-order dependent),grid
2109,2109_grid_b43_moving_average_threshold__c09_matrix_tiled_blocked.c,b43,moving_average_threshold,c09,matrix_tiled_blocked,large_L3,1048576,5000000,value-dependent,mixed spatial (traversal-order dependent),grid
2110,2110_grid_b43_moving_average_threshold__c10_pointer_chase_linked_list.c,b43,moving_average_threshold,c10,pointer_chase_linked_list,xlarge_DRAM,8388608,8000000,value-dependent,"compulsory+latency-bound (dependent loads, no prefetch)",grid
2111,2111_grid_b43_moving_average_threshold__c11_sliding_window.c,b43,moving_average_threshold,c11,sliding_window,small_L1,4096,1000000,value-dependent,mixed/unclassified,grid
2112,2112_grid_b43_moving_average_threshold__c12_prime_stride_anti_alias.c,b43,moving_average_threshold,c12,prime_stride_anti_alias,medium_L2,65536,3000000,value-dependent,compulsory+streaming (prefetch-friendly),grid
2113,2113_grid_b43_moving_average_threshold__c13_two_stream_interleaved.c,b43,moving_average_threshold,c13,two_stream_interleaved,large_L3,1048576,5000000,value-dependent,mixed/unclassified,grid
2114,2114_grid_b43_moving_average_threshold__c14_temporal_burst_reuse.c,b43,moving_average_threshold,c14,temporal_burst_reuse,xlarge_DRAM,8388608,8000000,value-dependent,mixed/unclassified,grid
2115,2115_grid_b43_moving_average_threshold__c15_reverse_sequential.c,b43,moving_average_threshold,c15,reverse_sequential,small_L1,4096,1000000,value-dependent,compulsory+streaming (prefetch-friendly),grid
2116,2116_grid_b43_moving_average_threshold__c16_block_sparse.c,b43,moving_average_threshold,c16,block_sparse,medium_L2,65536,3000000,value-dependent,mixed spatial (traversal-order dependent),grid
2117,2117_grid_b43_moving_average_threshold__c17_zipf_like_hot_buckets.c,b43,moving_average_threshold,c17,zipf_like_hot_buckets,large_L3,1048576,5000000,value-dependent,temporal reuse (skewed/hot-set),grid
2118,2118_grid_b43_moving_average_threshold__c18_producer_consumer_two_pointer.c,b43,moving_average_threshold,c18,producer_consumer_two_pointer,xlarge_DRAM,8388608,8000000,value-dependent,mixed/unclassified,grid
2119,2119_grid_b43_moving_average_threshold__c19_matrix_diagonal_wavefront.c,b43,moving_average_threshold,c19,matrix_diagonal_wavefront,small_L1,4096,1000000,value-dependent,mixed spatial (traversal-order dependent),grid
2120,2120_grid_b43_moving_average_threshold__c20_hot_cold_phase_alternation.c,b43,moving_average_threshold,c20,hot_cold_phase_alternation,medium_L2,65536,3000000,value-dependent,temporal reuse (skewed/hot-set),grid
2121,2121_grid_b43_moving_average_threshold__c21_pyramid_multiresolution_stride.c,b43,moving_average_threshold,c21,pyramid_multiresolution_stride,large_L3,1048576,5000000,value-dependent,compulsory+streaming (prefetch-friendly),grid
2122,2122_grid_b43_moving_average_threshold__c22_tensor_3d_slice_poor_locality.c,b43,moving_average_threshold,c22,tensor_3d_slice_poor_locality,xlarge_DRAM,8388608,8000000,value-dependent,mixed/unclassified,grid
2123,2123_grid_b43_moving_average_threshold__c23_struct_of_array_field_burst.c,b43,moving_average_threshold,c23,struct_of_array_field_burst,small_L1,4096,1000000,value-dependent,compulsory+streaming (prefetch-friendly),grid
2124,2124_grid_b43_moving_average_threshold__c24_banked_interleaved_access.c,b43,moving_average_threshold,c24,banked_interleaved_access,medium_L2,65536,3000000,value-dependent,compulsory+streaming (prefetch-friendly),grid
2125,2125_grid_b43_moving_average_threshold__c25_lru_recency_weighted_reuse.c,b43,moving_average_threshold,c25,lru_recency_weighted_reuse,large_L3,1048576,5000000,value-dependent,temporal reuse (capacity-sensitive),grid
2126,2126_grid_b43_moving_average_threshold__c26_geometric_stride_growth.c,b43,moving_average_threshold,c26,geometric_stride_growth,xlarge_DRAM,8388608,8000000,value-dependent,compulsory+streaming (prefetch-friendly),grid
2127,2127_grid_b43_moving_average_threshold__c27_reduction_broadcast_pattern.c,b43,moving_average_threshold,c27,reduction_broadcast_pattern,small_L1,4096,1000000,value-dependent,compulsory+streaming (prefetch-friendly),grid
2128,2128_grid_b43_moving_average_threshold__c28_morton_zorder_traversal.c,b43,moving_average_threshold,c28,morton_zorder_traversal,medium_L2,65536,3000000,value-dependent,mixed spatial (traversal-order dependent),grid
2129,2129_grid_b43_moving_average_threshold__c29_ping_pong_cache_thrash.c,b43,moving_average_threshold,c29,ping_pong_cache_thrash,large_L3,1048576,5000000,value-dependent,conflict/associativity,grid
2130,2130_grid_b43_moving_average_threshold__c30_gather_scatter_indirect_table.c,b43,moving_average_threshold,c30,gather_scatter_indirect_table,xlarge_DRAM,8388608,8000000,value-dependent,capacity (uniform random),grid
2131,2131_grid_b43_moving_average_threshold__c31_fibonacci_stride.c,b43,moving_average_threshold,c31,fibonacci_stride,small_L1,4096,1000000,value-dependent,compulsory+streaming (prefetch-friendly),grid
2132,2132_grid_b43_moving_average_threshold__c32_hilbert_curve_traversal.c,b43,moving_average_threshold,c32,hilbert_curve_traversal,medium_L2,65536,3000000,value-dependent,mixed spatial (traversal-order dependent),grid
2133,2133_grid_b43_moving_average_threshold__c33_cache_set_conflict_stress.c,b43,moving_average_threshold,c33,cache_set_conflict_stress,large_L3,1048576,5000000,value-dependent,conflict/associativity,grid
2134,2134_grid_b43_moving_average_threshold__c34_variable_length_burst_reuse.c,b43,moving_average_threshold,c34,variable_length_burst_reuse,xlarge_DRAM,8388608,8000000,value-dependent,capacity (uniform random),grid
2135,2135_grid_b43_moving_average_threshold__c35_checkerboard_red_black.c,b43,moving_average_threshold,c35,checkerboard_red_black,small_L1,4096,1000000,value-dependent,mixed spatial (traversal-order dependent),grid
2136,2136_grid_b43_moving_average_threshold__c36_im2col_overlapping_patch_gather.c,b43,moving_average_threshold,c36,im2col_overlapping_patch_gather,medium_L2,65536,3000000,value-dependent,compulsory+streaming (prefetch-friendly),grid
2137,2137_grid_b43_moving_average_threshold__c37_double_buffer_epoch_alternation.c,b43,moving_average_threshold,c37,double_buffer_epoch_alternation,large_L3,1048576,5000000,value-dependent,conflict+capacity (thrashing/alternation),grid
2138,2138_grid_b43_moving_average_threshold__c38_cuckoo_double_hash_probe.c,b43,moving_average_threshold,c38,cuckoo_double_hash_probe,xlarge_DRAM,8388608,8000000,value-dependent,capacity+compulsory (indirect gather/scatter),grid
2139,2139_grid_b43_moving_average_threshold__c39_bounded_random_walk.c,b43,moving_average_threshold,c39,bounded_random_walk,small_L1,4096,1000000,value-dependent,capacity (uniform random),grid
2140,2140_grid_b43_moving_average_threshold__c40_causal_attention_triangular.c,b43,moving_average_threshold,c40,causal_attention_triangular,medium_L2,65536,3000000,value-dependent,mixed/unclassified,grid
2141,2141_grid_b43_moving_average_threshold__c41_skip_list_multilevel_hop.c,b43,moving_average_threshold,c41,skip_list_multilevel_hop,large_L3,1048576,5000000,value-dependent,"compulsory+latency-bound (dependent loads, no prefetch)",grid
2142,2142_grid_b43_moving_average_threshold__c42_cache_oblivious_funnel_stride.c,b43,moving_average_threshold,c42,cache_oblivious_funnel_stride,xlarge_DRAM,8388608,8000000,value-dependent,compulsory+streaming (prefetch-friendly),grid
2143,2143_grid_b43_moving_average_threshold__c43_whole_buffer_rotation.c,b43,moving_average_threshold,c43,whole_buffer_rotation,small_L1,4096,1000000,value-dependent,mixed/unclassified,grid
2144,2144_grid_b43_moving_average_threshold__c44_naive_gemm_row_col_alternation.c,b43,moving_average_threshold,c44,naive_gemm_row_col_alternation,medium_L2,65536,3000000,value-dependent,compulsory+streaming (prefetch-friendly),grid
2145,2145_grid_b43_moving_average_threshold__c45_read_hot_write_cold_split.c,b43,moving_average_threshold,c45,read_hot_write_cold_split,large_L3,1048576,5000000,value-dependent,temporal reuse (skewed/hot-set),grid
2146,2146_grid_b43_moving_average_threshold__c46_cantor_gap_sparse.c,b43,moving_average_threshold,c46,cantor_gap_sparse,xlarge_DRAM,8388608,8000000,value-dependent,"compulsory (sparse, low reuse)",grid
2147,2147_grid_b43_moving_average_threshold__c47_false_sharing_line_cycle.c,b43,moving_average_threshold,c47,false_sharing_line_cycle,small_L1,4096,1000000,value-dependent,conflict/associativity,grid
2148,2148_grid_b43_moving_average_threshold__c48_exponential_backoff_probe.c,b43,moving_average_threshold,c48,exponential_backoff_probe,medium_L2,65536,3000000,value-dependent,capacity (uniform random),grid
2149,2149_grid_b43_moving_average_threshold__c49_binary_heap_parent_child.c,b43,moving_average_threshold,c49,binary_heap_parent_child,large_L3,1048576,5000000,value-dependent,capacity (uniform random),grid
2150,2150_grid_b43_moving_average_threshold__c50_streaming_with_periodic_flush.c,b43,moving_average_threshold,c50,streaming_with_periodic_flush,xlarge_DRAM,8388608,8000000,value-dependent,compulsory+streaming (prefetch-friendly),grid
2151,2151_grid_b44_exception_then_recovery_burst__c01_sequential_unit_stride.c,b44,exception_then_recovery_burst,c01,sequential_unit_stride,xlarge_DRAM,8388608,8000000,stochastic,compulsory+streaming (prefetch-friendly),grid
2152,2152_grid_b44_exception_then_recovery_burst__c02_sequential_wraparound_large.c,b44,exception_then_recovery_burst,c02,sequential_wraparound_large,small_L1,4096,1000000,stochastic,compulsory+streaming (prefetch-friendly),grid
2153,2153_grid_b44_exception_then_recovery_burst__c03_fixed_stride_small.c,b44,exception_then_recovery_burst,c03,fixed_stride_small,medium_L2,65536,3000000,stochastic,compulsory+streaming (prefetch-friendly),grid
2154,2154_grid_b44_exception_then_recovery_burst__c04_fixed_stride_large.c,b44,exception_then_recovery_burst,c04,fixed_stride_large,large_L3,1048576,5000000,stochastic,compulsory+streaming (prefetch-friendly),grid
2155,2155_grid_b44_exception_then_recovery_burst__c05_random_small_working_set.c,b44,exception_then_recovery_burst,c05,random_small_working_set,xlarge_DRAM,8388608,8000000,stochastic,temporal reuse (capacity-sensitive),grid
2156,2156_grid_b44_exception_then_recovery_burst__c06_random_full_working_set.c,b44,exception_then_recovery_burst,c06,random_full_working_set,small_L1,4096,1000000,stochastic,capacity (uniform random),grid
2157,2157_grid_b44_exception_then_recovery_burst__c07_matrix_row_major.c,b44,exception_then_recovery_burst,c07,matrix_row_major,medium_L2,65536,3000000,stochastic,mixed spatial (traversal-order dependent),grid
2158,2158_grid_b44_exception_then_recovery_burst__c08_matrix_col_major.c,b44,exception_then_recovery_burst,c08,matrix_col_major,large_L3,1048576,5000000,stochastic,mixed spatial (traversal-order dependent),grid
2159,2159_grid_b44_exception_then_recovery_burst__c09_matrix_tiled_blocked.c,b44,exception_then_recovery_burst,c09,matrix_tiled_blocked,xlarge_DRAM,8388608,8000000,stochastic,mixed spatial (traversal-order dependent),grid
2160,2160_grid_b44_exception_then_recovery_burst__c10_pointer_chase_linked_list.c,b44,exception_then_recovery_burst,c10,pointer_chase_linked_list,small_L1,4096,1000000,stochastic,"compulsory+latency-bound (dependent loads, no prefetch)",grid
2161,2161_grid_b44_exception_then_recovery_burst__c11_sliding_window.c,b44,exception_then_recovery_burst,c11,sliding_window,medium_L2,65536,3000000,stochastic,mixed/unclassified,grid
2162,2162_grid_b44_exception_then_recovery_burst__c12_prime_stride_anti_alias.c,b44,exception_then_recovery_burst,c12,prime_stride_anti_alias,large_L3,1048576,5000000,stochastic,compulsory+streaming (prefetch-friendly),grid
2163,2163_grid_b44_exception_then_recovery_burst__c13_two_stream_interleaved.c,b44,exception_then_recovery_burst,c13,two_stream_interleaved,xlarge_DRAM,8388608,8000000,stochastic,mixed/unclassified,grid
2164,2164_grid_b44_exception_then_recovery_burst__c14_temporal_burst_reuse.c,b44,exception_then_recovery_burst,c14,temporal_burst_reuse,small_L1,4096,1000000,stochastic,mixed/unclassified,grid
2165,2165_grid_b44_exception_then_recovery_burst__c15_reverse_sequential.c,b44,exception_then_recovery_burst,c15,reverse_sequential,medium_L2,65536,3000000,stochastic,compulsory+streaming (prefetch-friendly),grid
2166,2166_grid_b44_exception_then_recovery_burst__c16_block_sparse.c,b44,exception_then_recovery_burst,c16,block_sparse,large_L3,1048576,5000000,stochastic,mixed spatial (traversal-order dependent),grid
2167,2167_grid_b44_exception_then_recovery_burst__c17_zipf_like_hot_buckets.c,b44,exception_then_recovery_burst,c17,zipf_like_hot_buckets,xlarge_DRAM,8388608,8000000,stochastic,temporal reuse (skewed/hot-set),grid
2168,2168_grid_b44_exception_then_recovery_burst__c18_producer_consumer_two_pointer.c,b44,exception_then_recovery_burst,c18,producer_consumer_two_pointer,small_L1,4096,1000000,stochastic,mixed/unclassified,grid
2169,2169_grid_b44_exception_then_recovery_burst__c19_matrix_diagonal_wavefront.c,b44,exception_then_recovery_burst,c19,matrix_diagonal_wavefront,medium_L2,65536,3000000,stochastic,mixed spatial (traversal-order dependent),grid
2170,2170_grid_b44_exception_then_recovery_burst__c20_hot_cold_phase_alternation.c,b44,exception_then_recovery_burst,c20,hot_cold_phase_alternation,large_L3,1048576,5000000,stochastic,temporal reuse (skewed/hot-set),grid
2171,2171_grid_b44_exception_then_recovery_burst__c21_pyramid_multiresolution_stride.c,b44,exception_then_recovery_burst,c21,pyramid_multiresolution_stride,xlarge_DRAM,8388608,8000000,stochastic,compulsory+streaming (prefetch-friendly),grid
2172,2172_grid_b44_exception_then_recovery_burst__c22_tensor_3d_slice_poor_locality.c,b44,exception_then_recovery_burst,c22,tensor_3d_slice_poor_locality,small_L1,4096,1000000,stochastic,mixed/unclassified,grid
2173,2173_grid_b44_exception_then_recovery_burst__c23_struct_of_array_field_burst.c,b44,exception_then_recovery_burst,c23,struct_of_array_field_burst,medium_L2,65536,3000000,stochastic,compulsory+streaming (prefetch-friendly),grid
2174,2174_grid_b44_exception_then_recovery_burst__c24_banked_interleaved_access.c,b44,exception_then_recovery_burst,c24,banked_interleaved_access,large_L3,1048576,5000000,stochastic,compulsory+streaming (prefetch-friendly),grid
2175,2175_grid_b44_exception_then_recovery_burst__c25_lru_recency_weighted_reuse.c,b44,exception_then_recovery_burst,c25,lru_recency_weighted_reuse,xlarge_DRAM,8388608,8000000,stochastic,temporal reuse (capacity-sensitive),grid
2176,2176_grid_b44_exception_then_recovery_burst__c26_geometric_stride_growth.c,b44,exception_then_recovery_burst,c26,geometric_stride_growth,small_L1,4096,1000000,stochastic,compulsory+streaming (prefetch-friendly),grid
2177,2177_grid_b44_exception_then_recovery_burst__c27_reduction_broadcast_pattern.c,b44,exception_then_recovery_burst,c27,reduction_broadcast_pattern,medium_L2,65536,3000000,stochastic,compulsory+streaming (prefetch-friendly),grid
2178,2178_grid_b44_exception_then_recovery_burst__c28_morton_zorder_traversal.c,b44,exception_then_recovery_burst,c28,morton_zorder_traversal,large_L3,1048576,5000000,stochastic,mixed spatial (traversal-order dependent),grid
2179,2179_grid_b44_exception_then_recovery_burst__c29_ping_pong_cache_thrash.c,b44,exception_then_recovery_burst,c29,ping_pong_cache_thrash,xlarge_DRAM,8388608,8000000,stochastic,conflict/associativity,grid
2180,2180_grid_b44_exception_then_recovery_burst__c30_gather_scatter_indirect_table.c,b44,exception_then_recovery_burst,c30,gather_scatter_indirect_table,small_L1,4096,1000000,stochastic,capacity (uniform random),grid
2181,2181_grid_b44_exception_then_recovery_burst__c31_fibonacci_stride.c,b44,exception_then_recovery_burst,c31,fibonacci_stride,medium_L2,65536,3000000,stochastic,compulsory+streaming (prefetch-friendly),grid
2182,2182_grid_b44_exception_then_recovery_burst__c32_hilbert_curve_traversal.c,b44,exception_then_recovery_burst,c32,hilbert_curve_traversal,large_L3,1048576,5000000,stochastic,mixed spatial (traversal-order dependent),grid
2183,2183_grid_b44_exception_then_recovery_burst__c33_cache_set_conflict_stress.c,b44,exception_then_recovery_burst,c33,cache_set_conflict_stress,xlarge_DRAM,8388608,8000000,stochastic,conflict/associativity,grid
2184,2184_grid_b44_exception_then_recovery_burst__c34_variable_length_burst_reuse.c,b44,exception_then_recovery_burst,c34,variable_length_burst_reuse,small_L1,4096,1000000,stochastic,capacity (uniform random),grid
2185,2185_grid_b44_exception_then_recovery_burst__c35_checkerboard_red_black.c,b44,exception_then_recovery_burst,c35,checkerboard_red_black,medium_L2,65536,3000000,stochastic,mixed spatial (traversal-order dependent),grid
2186,2186_grid_b44_exception_then_recovery_burst__c36_im2col_overlapping_patch_gather.c,b44,exception_then_recovery_burst,c36,im2col_overlapping_patch_gather,large_L3,1048576,5000000,stochastic,compulsory+streaming (prefetch-friendly),grid
2187,2187_grid_b44_exception_then_recovery_burst__c37_double_buffer_epoch_alternation.c,b44,exception_then_recovery_burst,c37,double_buffer_epoch_alternation,xlarge_DRAM,8388608,8000000,stochastic,conflict+capacity (thrashing/alternation),grid
2188,2188_grid_b44_exception_then_recovery_burst__c38_cuckoo_double_hash_probe.c,b44,exception_then_recovery_burst,c38,cuckoo_double_hash_probe,small_L1,4096,1000000,stochastic,capacity+compulsory (indirect gather/scatter),grid
2189,2189_grid_b44_exception_then_recovery_burst__c39_bounded_random_walk.c,b44,exception_then_recovery_burst,c39,bounded_random_walk,medium_L2,65536,3000000,stochastic,capacity (uniform random),grid
2190,2190_grid_b44_exception_then_recovery_burst__c40_causal_attention_triangular.c,b44,exception_then_recovery_burst,c40,causal_attention_triangular,large_L3,1048576,5000000,stochastic,mixed/unclassified,grid
2191,2191_grid_b44_exception_then_recovery_burst__c41_skip_list_multilevel_hop.c,b44,exception_then_recovery_burst,c41,skip_list_multilevel_hop,xlarge_DRAM,8388608,8000000,stochastic,"compulsory+latency-bound (dependent loads, no prefetch)",grid
2192,2192_grid_b44_exception_then_recovery_burst__c42_cache_oblivious_funnel_stride.c,b44,exception_then_recovery_burst,c42,cache_oblivious_funnel_stride,small_L1,4096,1000000,stochastic,compulsory+streaming (prefetch-friendly),grid
2193,2193_grid_b44_exception_then_recovery_burst__c43_whole_buffer_rotation.c,b44,exception_then_recovery_burst,c43,whole_buffer_rotation,medium_L2,65536,3000000,stochastic,mixed/unclassified,grid
2194,2194_grid_b44_exception_then_recovery_burst__c44_naive_gemm_row_col_alternation.c,b44,exception_then_recovery_burst,c44,naive_gemm_row_col_alternation,large_L3,1048576,5000000,stochastic,compulsory+streaming (prefetch-friendly),grid
2195,2195_grid_b44_exception_then_recovery_burst__c45_read_hot_write_cold_split.c,b44,exception_then_recovery_burst,c45,read_hot_write_cold_split,xlarge_DRAM,8388608,8000000,stochastic,temporal reuse (skewed/hot-set),grid
2196,2196_grid_b44_exception_then_recovery_burst__c46_cantor_gap_sparse.c,b44,exception_then_recovery_burst,c46,cantor_gap_sparse,small_L1,4096,1000000,stochastic,"compulsory (sparse, low reuse)",grid
2197,2197_grid_b44_exception_then_recovery_burst__c47_false_sharing_line_cycle.c,b44,exception_then_recovery_burst,c47,false_sharing_line_cycle,medium_L2,65536,3000000,stochastic,conflict/associativity,grid
2198,2198_grid_b44_exception_then_recovery_burst__c48_exponential_backoff_probe.c,b44,exception_then_recovery_burst,c48,exponential_backoff_probe,large_L3,1048576,5000000,stochastic,capacity (uniform random),grid
2199,2199_grid_b44_exception_then_recovery_burst__c49_binary_heap_parent_child.c,b44,exception_then_recovery_burst,c49,binary_heap_parent_child,xlarge_DRAM,8388608,8000000,stochastic,capacity (uniform random),grid
2200,2200_grid_b44_exception_then_recovery_burst__c50_streaming_with_periodic_flush.c,b44,exception_then_recovery_burst,c50,streaming_with_periodic_flush,small_L1,4096,1000000,stochastic,compulsory+streaming (prefetch-friendly),grid
2201,2201_grid_b45_two_counters_race__c01_sequential_unit_stride.c,b45,two_counters_race,c01,sequential_unit_stride,small_L1,4096,1000000,value-dependent,compulsory+streaming (prefetch-friendly),grid
2202,2202_grid_b45_two_counters_race__c02_sequential_wraparound_large.c,b45,two_counters_race,c02,sequential_wraparound_large,medium_L2,65536,3000000,value-dependent,compulsory+streaming (prefetch-friendly),grid
2203,2203_grid_b45_two_counters_race__c03_fixed_stride_small.c,b45,two_counters_race,c03,fixed_stride_small,large_L3,1048576,5000000,value-dependent,compulsory+streaming (prefetch-friendly),grid
2204,2204_grid_b45_two_counters_race__c04_fixed_stride_large.c,b45,two_counters_race,c04,fixed_stride_large,xlarge_DRAM,8388608,8000000,value-dependent,compulsory+streaming (prefetch-friendly),grid
2205,2205_grid_b45_two_counters_race__c05_random_small_working_set.c,b45,two_counters_race,c05,random_small_working_set,small_L1,4096,1000000,value-dependent,temporal reuse (capacity-sensitive),grid
2206,2206_grid_b45_two_counters_race__c06_random_full_working_set.c,b45,two_counters_race,c06,random_full_working_set,medium_L2,65536,3000000,value-dependent,capacity (uniform random),grid
2207,2207_grid_b45_two_counters_race__c07_matrix_row_major.c,b45,two_counters_race,c07,matrix_row_major,large_L3,1048576,5000000,value-dependent,mixed spatial (traversal-order dependent),grid
2208,2208_grid_b45_two_counters_race__c08_matrix_col_major.c,b45,two_counters_race,c08,matrix_col_major,xlarge_DRAM,8388608,8000000,value-dependent,mixed spatial (traversal-order dependent),grid
2209,2209_grid_b45_two_counters_race__c09_matrix_tiled_blocked.c,b45,two_counters_race,c09,matrix_tiled_blocked,small_L1,4096,1000000,value-dependent,mixed spatial (traversal-order dependent),grid
2210,2210_grid_b45_two_counters_race__c10_pointer_chase_linked_list.c,b45,two_counters_race,c10,pointer_chase_linked_list,medium_L2,65536,3000000,value-dependent,"compulsory+latency-bound (dependent loads, no prefetch)",grid
2211,2211_grid_b45_two_counters_race__c11_sliding_window.c,b45,two_counters_race,c11,sliding_window,large_L3,1048576,5000000,value-dependent,mixed/unclassified,grid
2212,2212_grid_b45_two_counters_race__c12_prime_stride_anti_alias.c,b45,two_counters_race,c12,prime_stride_anti_alias,xlarge_DRAM,8388608,8000000,value-dependent,compulsory+streaming (prefetch-friendly),grid
2213,2213_grid_b45_two_counters_race__c13_two_stream_interleaved.c,b45,two_counters_race,c13,two_stream_interleaved,small_L1,4096,1000000,value-dependent,mixed/unclassified,grid
2214,2214_grid_b45_two_counters_race__c14_temporal_burst_reuse.c,b45,two_counters_race,c14,temporal_burst_reuse,medium_L2,65536,3000000,value-dependent,mixed/unclassified,grid
2215,2215_grid_b45_two_counters_race__c15_reverse_sequential.c,b45,two_counters_race,c15,reverse_sequential,large_L3,1048576,5000000,value-dependent,compulsory+streaming (prefetch-friendly),grid
2216,2216_grid_b45_two_counters_race__c16_block_sparse.c,b45,two_counters_race,c16,block_sparse,xlarge_DRAM,8388608,8000000,value-dependent,mixed spatial (traversal-order dependent),grid
2217,2217_grid_b45_two_counters_race__c17_zipf_like_hot_buckets.c,b45,two_counters_race,c17,zipf_like_hot_buckets,small_L1,4096,1000000,value-dependent,temporal reuse (skewed/hot-set),grid
2218,2218_grid_b45_two_counters_race__c18_producer_consumer_two_pointer.c,b45,two_counters_race,c18,producer_consumer_two_pointer,medium_L2,65536,3000000,value-dependent,mixed/unclassified,grid
2219,2219_grid_b45_two_counters_race__c19_matrix_diagonal_wavefront.c,b45,two_counters_race,c19,matrix_diagonal_wavefront,large_L3,1048576,5000000,value-dependent,mixed spatial (traversal-order dependent),grid
2220,2220_grid_b45_two_counters_race__c20_hot_cold_phase_alternation.c,b45,two_counters_race,c20,hot_cold_phase_alternation,xlarge_DRAM,8388608,8000000,value-dependent,temporal reuse (skewed/hot-set),grid
2221,2221_grid_b45_two_counters_race__c21_pyramid_multiresolution_stride.c,b45,two_counters_race,c21,pyramid_multiresolution_stride,small_L1,4096,1000000,value-dependent,compulsory+streaming (prefetch-friendly),grid
2222,2222_grid_b45_two_counters_race__c22_tensor_3d_slice_poor_locality.c,b45,two_counters_race,c22,tensor_3d_slice_poor_locality,medium_L2,65536,3000000,value-dependent,mixed/unclassified,grid
2223,2223_grid_b45_two_counters_race__c23_struct_of_array_field_burst.c,b45,two_counters_race,c23,struct_of_array_field_burst,large_L3,1048576,5000000,value-dependent,compulsory+streaming (prefetch-friendly),grid
2224,2224_grid_b45_two_counters_race__c24_banked_interleaved_access.c,b45,two_counters_race,c24,banked_interleaved_access,xlarge_DRAM,8388608,8000000,value-dependent,compulsory+streaming (prefetch-friendly),grid
2225,2225_grid_b45_two_counters_race__c25_lru_recency_weighted_reuse.c,b45,two_counters_race,c25,lru_recency_weighted_reuse,small_L1,4096,1000000,value-dependent,temporal reuse (capacity-sensitive),grid
2226,2226_grid_b45_two_counters_race__c26_geometric_stride_growth.c,b45,two_counters_race,c26,geometric_stride_growth,medium_L2,65536,3000000,value-dependent,compulsory+streaming (prefetch-friendly),grid
2227,2227_grid_b45_two_counters_race__c27_reduction_broadcast_pattern.c,b45,two_counters_race,c27,reduction_broadcast_pattern,large_L3,1048576,5000000,value-dependent,compulsory+streaming (prefetch-friendly),grid
2228,2228_grid_b45_two_counters_race__c28_morton_zorder_traversal.c,b45,two_counters_race,c28,morton_zorder_traversal,xlarge_DRAM,8388608,8000000,value-dependent,mixed spatial (traversal-order dependent),grid
2229,2229_grid_b45_two_counters_race__c29_ping_pong_cache_thrash.c,b45,two_counters_race,c29,ping_pong_cache_thrash,small_L1,4096,1000000,value-dependent,conflict/associativity,grid
2230,2230_grid_b45_two_counters_race__c30_gather_scatter_indirect_table.c,b45,two_counters_race,c30,gather_scatter_indirect_table,medium_L2,65536,3000000,value-dependent,capacity (uniform random),grid
2231,2231_grid_b45_two_counters_race__c31_fibonacci_stride.c,b45,two_counters_race,c31,fibonacci_stride,large_L3,1048576,5000000,value-dependent,compulsory+streaming (prefetch-friendly),grid
2232,2232_grid_b45_two_counters_race__c32_hilbert_curve_traversal.c,b45,two_counters_race,c32,hilbert_curve_traversal,xlarge_DRAM,8388608,8000000,value-dependent,mixed spatial (traversal-order dependent),grid
2233,2233_grid_b45_two_counters_race__c33_cache_set_conflict_stress.c,b45,two_counters_race,c33,cache_set_conflict_stress,small_L1,4096,1000000,value-dependent,conflict/associativity,grid
2234,2234_grid_b45_two_counters_race__c34_variable_length_burst_reuse.c,b45,two_counters_race,c34,variable_length_burst_reuse,medium_L2,65536,3000000,value-dependent,capacity (uniform random),grid
2235,2235_grid_b45_two_counters_race__c35_checkerboard_red_black.c,b45,two_counters_race,c35,checkerboard_red_black,large_L3,1048576,5000000,value-dependent,mixed spatial (traversal-order dependent),grid
2236,2236_grid_b45_two_counters_race__c36_im2col_overlapping_patch_gather.c,b45,two_counters_race,c36,im2col_overlapping_patch_gather,xlarge_DRAM,8388608,8000000,value-dependent,compulsory+streaming (prefetch-friendly),grid
2237,2237_grid_b45_two_counters_race__c37_double_buffer_epoch_alternation.c,b45,two_counters_race,c37,double_buffer_epoch_alternation,small_L1,4096,1000000,value-dependent,conflict+capacity (thrashing/alternation),grid
2238,2238_grid_b45_two_counters_race__c38_cuckoo_double_hash_probe.c,b45,two_counters_race,c38,cuckoo_double_hash_probe,medium_L2,65536,3000000,value-dependent,capacity+compulsory (indirect gather/scatter),grid
2239,2239_grid_b45_two_counters_race__c39_bounded_random_walk.c,b45,two_counters_race,c39,bounded_random_walk,large_L3,1048576,5000000,value-dependent,capacity (uniform random),grid
2240,2240_grid_b45_two_counters_race__c40_causal_attention_triangular.c,b45,two_counters_race,c40,causal_attention_triangular,xlarge_DRAM,8388608,8000000,value-dependent,mixed/unclassified,grid
2241,2241_grid_b45_two_counters_race__c41_skip_list_multilevel_hop.c,b45,two_counters_race,c41,skip_list_multilevel_hop,small_L1,4096,1000000,value-dependent,"compulsory+latency-bound (dependent loads, no prefetch)",grid
2242,2242_grid_b45_two_counters_race__c42_cache_oblivious_funnel_stride.c,b45,two_counters_race,c42,cache_oblivious_funnel_stride,medium_L2,65536,3000000,value-dependent,compulsory+streaming (prefetch-friendly),grid
2243,2243_grid_b45_two_counters_race__c43_whole_buffer_rotation.c,b45,two_counters_race,c43,whole_buffer_rotation,large_L3,1048576,5000000,value-dependent,mixed/unclassified,grid
2244,2244_grid_b45_two_counters_race__c44_naive_gemm_row_col_alternation.c,b45,two_counters_race,c44,naive_gemm_row_col_alternation,xlarge_DRAM,8388608,8000000,value-dependent,compulsory+streaming (prefetch-friendly),grid
2245,2245_grid_b45_two_counters_race__c45_read_hot_write_cold_split.c,b45,two_counters_race,c45,read_hot_write_cold_split,small_L1,4096,1000000,value-dependent,temporal reuse (skewed/hot-set),grid
2246,2246_grid_b45_two_counters_race__c46_cantor_gap_sparse.c,b45,two_counters_race,c46,cantor_gap_sparse,medium_L2,65536,3000000,value-dependent,"compulsory (sparse, low reuse)",grid
2247,2247_grid_b45_two_counters_race__c47_false_sharing_line_cycle.c,b45,two_counters_race,c47,false_sharing_line_cycle,large_L3,1048576,5000000,value-dependent,conflict/associativity,grid
2248,2248_grid_b45_two_counters_race__c48_exponential_backoff_probe.c,b45,two_counters_race,c48,exponential_backoff_probe,xlarge_DRAM,8388608,8000000,value-dependent,capacity (uniform random),grid
2249,2249_grid_b45_two_counters_race__c49_binary_heap_parent_child.c,b45,two_counters_race,c49,binary_heap_parent_child,small_L1,4096,1000000,value-dependent,capacity (uniform random),grid
2250,2250_grid_b45_two_counters_race__c50_streaming_with_periodic_flush.c,b45,two_counters_race,c50,streaming_with_periodic_flush,medium_L2,65536,3000000,value-dependent,compulsory+streaming (prefetch-friendly),grid
2251,2251_grid_b46_lookup_table_driven__c01_sequential_unit_stride.c,b46,lookup_table_driven,c01,sequential_unit_stride,medium_L2,65536,3000000,stochastic,compulsory+streaming (prefetch-friendly),grid
2252,2252_grid_b46_lookup_table_driven__c02_sequential_wraparound_large.c,b46,lookup_table_driven,c02,sequential_wraparound_large,large_L3,1048576,5000000,stochastic,compulsory+streaming (prefetch-friendly),grid
2253,2253_grid_b46_lookup_table_driven__c03_fixed_stride_small.c,b46,lookup_table_driven,c03,fixed_stride_small,xlarge_DRAM,8388608,8000000,stochastic,compulsory+streaming (prefetch-friendly),grid
2254,2254_grid_b46_lookup_table_driven__c04_fixed_stride_large.c,b46,lookup_table_driven,c04,fixed_stride_large,small_L1,4096,1000000,stochastic,compulsory+streaming (prefetch-friendly),grid
2255,2255_grid_b46_lookup_table_driven__c05_random_small_working_set.c,b46,lookup_table_driven,c05,random_small_working_set,medium_L2,65536,3000000,stochastic,temporal reuse (capacity-sensitive),grid
2256,2256_grid_b46_lookup_table_driven__c06_random_full_working_set.c,b46,lookup_table_driven,c06,random_full_working_set,large_L3,1048576,5000000,stochastic,capacity (uniform random),grid
2257,2257_grid_b46_lookup_table_driven__c07_matrix_row_major.c,b46,lookup_table_driven,c07,matrix_row_major,xlarge_DRAM,8388608,8000000,stochastic,mixed spatial (traversal-order dependent),grid
2258,2258_grid_b46_lookup_table_driven__c08_matrix_col_major.c,b46,lookup_table_driven,c08,matrix_col_major,small_L1,4096,1000000,stochastic,mixed spatial (traversal-order dependent),grid
2259,2259_grid_b46_lookup_table_driven__c09_matrix_tiled_blocked.c,b46,lookup_table_driven,c09,matrix_tiled_blocked,medium_L2,65536,3000000,stochastic,mixed spatial (traversal-order dependent),grid
2260,2260_grid_b46_lookup_table_driven__c10_pointer_chase_linked_list.c,b46,lookup_table_driven,c10,pointer_chase_linked_list,large_L3,1048576,5000000,stochastic,"compulsory+latency-bound (dependent loads, no prefetch)",grid
2261,2261_grid_b46_lookup_table_driven__c11_sliding_window.c,b46,lookup_table_driven,c11,sliding_window,xlarge_DRAM,8388608,8000000,stochastic,mixed/unclassified,grid
2262,2262_grid_b46_lookup_table_driven__c12_prime_stride_anti_alias.c,b46,lookup_table_driven,c12,prime_stride_anti_alias,small_L1,4096,1000000,stochastic,compulsory+streaming (prefetch-friendly),grid
2263,2263_grid_b46_lookup_table_driven__c13_two_stream_interleaved.c,b46,lookup_table_driven,c13,two_stream_interleaved,medium_L2,65536,3000000,stochastic,mixed/unclassified,grid
2264,2264_grid_b46_lookup_table_driven__c14_temporal_burst_reuse.c,b46,lookup_table_driven,c14,temporal_burst_reuse,large_L3,1048576,5000000,stochastic,mixed/unclassified,grid
2265,2265_grid_b46_lookup_table_driven__c15_reverse_sequential.c,b46,lookup_table_driven,c15,reverse_sequential,xlarge_DRAM,8388608,8000000,stochastic,compulsory+streaming (prefetch-friendly),grid
2266,2266_grid_b46_lookup_table_driven__c16_block_sparse.c,b46,lookup_table_driven,c16,block_sparse,small_L1,4096,1000000,stochastic,mixed spatial (traversal-order dependent),grid
2267,2267_grid_b46_lookup_table_driven__c17_zipf_like_hot_buckets.c,b46,lookup_table_driven,c17,zipf_like_hot_buckets,medium_L2,65536,3000000,stochastic,temporal reuse (skewed/hot-set),grid
2268,2268_grid_b46_lookup_table_driven__c18_producer_consumer_two_pointer.c,b46,lookup_table_driven,c18,producer_consumer_two_pointer,large_L3,1048576,5000000,stochastic,mixed/unclassified,grid
2269,2269_grid_b46_lookup_table_driven__c19_matrix_diagonal_wavefront.c,b46,lookup_table_driven,c19,matrix_diagonal_wavefront,xlarge_DRAM,8388608,8000000,stochastic,mixed spatial (traversal-order dependent),grid
2270,2270_grid_b46_lookup_table_driven__c20_hot_cold_phase_alternation.c,b46,lookup_table_driven,c20,hot_cold_phase_alternation,small_L1,4096,1000000,stochastic,temporal reuse (skewed/hot-set),grid
2271,2271_grid_b46_lookup_table_driven__c21_pyramid_multiresolution_stride.c,b46,lookup_table_driven,c21,pyramid_multiresolution_stride,medium_L2,65536,3000000,stochastic,compulsory+streaming (prefetch-friendly),grid
2272,2272_grid_b46_lookup_table_driven__c22_tensor_3d_slice_poor_locality.c,b46,lookup_table_driven,c22,tensor_3d_slice_poor_locality,large_L3,1048576,5000000,stochastic,mixed/unclassified,grid
2273,2273_grid_b46_lookup_table_driven__c23_struct_of_array_field_burst.c,b46,lookup_table_driven,c23,struct_of_array_field_burst,xlarge_DRAM,8388608,8000000,stochastic,compulsory+streaming (prefetch-friendly),grid
2274,2274_grid_b46_lookup_table_driven__c24_banked_interleaved_access.c,b46,lookup_table_driven,c24,banked_interleaved_access,small_L1,4096,1000000,stochastic,compulsory+streaming (prefetch-friendly),grid
2275,2275_grid_b46_lookup_table_driven__c25_lru_recency_weighted_reuse.c,b46,lookup_table_driven,c25,lru_recency_weighted_reuse,medium_L2,65536,3000000,stochastic,temporal reuse (capacity-sensitive),grid
2276,2276_grid_b46_lookup_table_driven__c26_geometric_stride_growth.c,b46,lookup_table_driven,c26,geometric_stride_growth,large_L3,1048576,5000000,stochastic,compulsory+streaming (prefetch-friendly),grid
2277,2277_grid_b46_lookup_table_driven__c27_reduction_broadcast_pattern.c,b46,lookup_table_driven,c27,reduction_broadcast_pattern,xlarge_DRAM,8388608,8000000,stochastic,compulsory+streaming (prefetch-friendly),grid
2278,2278_grid_b46_lookup_table_driven__c28_morton_zorder_traversal.c,b46,lookup_table_driven,c28,morton_zorder_traversal,small_L1,4096,1000000,stochastic,mixed spatial (traversal-order dependent),grid
2279,2279_grid_b46_lookup_table_driven__c29_ping_pong_cache_thrash.c,b46,lookup_table_driven,c29,ping_pong_cache_thrash,medium_L2,65536,3000000,stochastic,conflict/associativity,grid
2280,2280_grid_b46_lookup_table_driven__c30_gather_scatter_indirect_table.c,b46,lookup_table_driven,c30,gather_scatter_indirect_table,large_L3,1048576,5000000,stochastic,capacity (uniform random),grid
2281,2281_grid_b46_lookup_table_driven__c31_fibonacci_stride.c,b46,lookup_table_driven,c31,fibonacci_stride,xlarge_DRAM,8388608,8000000,stochastic,compulsory+streaming (prefetch-friendly),grid
2282,2282_grid_b46_lookup_table_driven__c32_hilbert_curve_traversal.c,b46,lookup_table_driven,c32,hilbert_curve_traversal,small_L1,4096,1000000,stochastic,mixed spatial (traversal-order dependent),grid
2283,2283_grid_b46_lookup_table_driven__c33_cache_set_conflict_stress.c,b46,lookup_table_driven,c33,cache_set_conflict_stress,medium_L2,65536,3000000,stochastic,conflict/associativity,grid
2284,2284_grid_b46_lookup_table_driven__c34_variable_length_burst_reuse.c,b46,lookup_table_driven,c34,variable_length_burst_reuse,large_L3,1048576,5000000,stochastic,capacity (uniform random),grid
2285,2285_grid_b46_lookup_table_driven__c35_checkerboard_red_black.c,b46,lookup_table_driven,c35,checkerboard_red_black,xlarge_DRAM,8388608,8000000,stochastic,mixed spatial (traversal-order dependent),grid
2286,2286_grid_b46_lookup_table_driven__c36_im2col_overlapping_patch_gather.c,b46,lookup_table_driven,c36,im2col_overlapping_patch_gather,small_L1,4096,1000000,stochastic,compulsory+streaming (prefetch-friendly),grid
2287,2287_grid_b46_lookup_table_driven__c37_double_buffer_epoch_alternation.c,b46,lookup_table_driven,c37,double_buffer_epoch_alternation,medium_L2,65536,3000000,stochastic,conflict+capacity (thrashing/alternation),grid
2288,2288_grid_b46_lookup_table_driven__c38_cuckoo_double_hash_probe.c,b46,lookup_table_driven,c38,cuckoo_double_hash_probe,large_L3,1048576,5000000,stochastic,capacity+compulsory (indirect gather/scatter),grid
2289,2289_grid_b46_lookup_table_driven__c39_bounded_random_walk.c,b46,lookup_table_driven,c39,bounded_random_walk,xlarge_DRAM,8388608,8000000,stochastic,capacity (uniform random),grid
2290,2290_grid_b46_lookup_table_driven__c40_causal_attention_triangular.c,b46,lookup_table_driven,c40,causal_attention_triangular,small_L1,4096,1000000,stochastic,mixed/unclassified,grid
2291,2291_grid_b46_lookup_table_driven__c41_skip_list_multilevel_hop.c,b46,lookup_table_driven,c41,skip_list_multilevel_hop,medium_L2,65536,3000000,stochastic,"compulsory+latency-bound (dependent loads, no prefetch)",grid
2292,2292_grid_b46_lookup_table_driven__c42_cache_oblivious_funnel_stride.c,b46,lookup_table_driven,c42,cache_oblivious_funnel_stride,large_L3,1048576,5000000,stochastic,compulsory+streaming (prefetch-friendly),grid
2293,2293_grid_b46_lookup_table_driven__c43_whole_buffer_rotation.c,b46,lookup_table_driven,c43,whole_buffer_rotation,xlarge_DRAM,8388608,8000000,stochastic,mixed/unclassified,grid
2294,2294_grid_b46_lookup_table_driven__c44_naive_gemm_row_col_alternation.c,b46,lookup_table_driven,c44,naive_gemm_row_col_alternation,small_L1,4096,1000000,stochastic,compulsory+streaming (prefetch-friendly),grid
2295,2295_grid_b46_lookup_table_driven__c45_read_hot_write_cold_split.c,b46,lookup_table_driven,c45,read_hot_write_cold_split,medium_L2,65536,3000000,stochastic,temporal reuse (skewed/hot-set),grid
2296,2296_grid_b46_lookup_table_driven__c46_cantor_gap_sparse.c,b46,lookup_table_driven,c46,cantor_gap_sparse,large_L3,1048576,5000000,stochastic,"compulsory (sparse, low reuse)",grid
2297,2297_grid_b46_lookup_table_driven__c47_false_sharing_line_cycle.c,b46,lookup_table_driven,c47,false_sharing_line_cycle,xlarge_DRAM,8388608,8000000,stochastic,conflict/associativity,grid
2298,2298_grid_b46_lookup_table_driven__c48_exponential_backoff_probe.c,b46,lookup_table_driven,c48,exponential_backoff_probe,small_L1,4096,1000000,stochastic,capacity (uniform random),grid
2299,2299_grid_b46_lookup_table_driven__c49_binary_heap_parent_child.c,b46,lookup_table_driven,c49,binary_heap_parent_child,medium_L2,65536,3000000,stochastic,capacity (uniform random),grid
2300,2300_grid_b46_lookup_table_driven__c50_streaming_with_periodic_flush.c,b46,lookup_table_driven,c50,streaming_with_periodic_flush,large_L3,1048576,5000000,stochastic,compulsory+streaming (prefetch-friendly),grid
2301,2301_grid_b47_mutual_ping_pong_recursion__c01_sequential_unit_stride.c,b47,mutual_ping_pong_recursion,c01,sequential_unit_stride,large_L3,1048576,5000000,control-flow/call-return,compulsory+streaming (prefetch-friendly),grid
2302,2302_grid_b47_mutual_ping_pong_recursion__c02_sequential_wraparound_large.c,b47,mutual_ping_pong_recursion,c02,sequential_wraparound_large,xlarge_DRAM,8388608,8000000,control-flow/call-return,compulsory+streaming (prefetch-friendly),grid
2303,2303_grid_b47_mutual_ping_pong_recursion__c03_fixed_stride_small.c,b47,mutual_ping_pong_recursion,c03,fixed_stride_small,small_L1,4096,1000000,control-flow/call-return,compulsory+streaming (prefetch-friendly),grid
2304,2304_grid_b47_mutual_ping_pong_recursion__c04_fixed_stride_large.c,b47,mutual_ping_pong_recursion,c04,fixed_stride_large,medium_L2,65536,3000000,control-flow/call-return,compulsory+streaming (prefetch-friendly),grid
2305,2305_grid_b47_mutual_ping_pong_recursion__c05_random_small_working_set.c,b47,mutual_ping_pong_recursion,c05,random_small_working_set,large_L3,1048576,5000000,control-flow/call-return,temporal reuse (capacity-sensitive),grid
2306,2306_grid_b47_mutual_ping_pong_recursion__c06_random_full_working_set.c,b47,mutual_ping_pong_recursion,c06,random_full_working_set,xlarge_DRAM,8388608,8000000,control-flow/call-return,capacity (uniform random),grid
2307,2307_grid_b47_mutual_ping_pong_recursion__c07_matrix_row_major.c,b47,mutual_ping_pong_recursion,c07,matrix_row_major,small_L1,4096,1000000,control-flow/call-return,mixed spatial (traversal-order dependent),grid
2308,2308_grid_b47_mutual_ping_pong_recursion__c08_matrix_col_major.c,b47,mutual_ping_pong_recursion,c08,matrix_col_major,medium_L2,65536,3000000,control-flow/call-return,mixed spatial (traversal-order dependent),grid
2309,2309_grid_b47_mutual_ping_pong_recursion__c09_matrix_tiled_blocked.c,b47,mutual_ping_pong_recursion,c09,matrix_tiled_blocked,large_L3,1048576,5000000,control-flow/call-return,mixed spatial (traversal-order dependent),grid
2310,2310_grid_b47_mutual_ping_pong_recursion__c10_pointer_chase_linked_list.c,b47,mutual_ping_pong_recursion,c10,pointer_chase_linked_list,xlarge_DRAM,8388608,8000000,control-flow/call-return,"compulsory+latency-bound (dependent loads, no prefetch)",grid
2311,2311_grid_b47_mutual_ping_pong_recursion__c11_sliding_window.c,b47,mutual_ping_pong_recursion,c11,sliding_window,small_L1,4096,1000000,control-flow/call-return,mixed/unclassified,grid
2312,2312_grid_b47_mutual_ping_pong_recursion__c12_prime_stride_anti_alias.c,b47,mutual_ping_pong_recursion,c12,prime_stride_anti_alias,medium_L2,65536,3000000,control-flow/call-return,compulsory+streaming (prefetch-friendly),grid
2313,2313_grid_b47_mutual_ping_pong_recursion__c13_two_stream_interleaved.c,b47,mutual_ping_pong_recursion,c13,two_stream_interleaved,large_L3,1048576,5000000,control-flow/call-return,mixed/unclassified,grid
2314,2314_grid_b47_mutual_ping_pong_recursion__c14_temporal_burst_reuse.c,b47,mutual_ping_pong_recursion,c14,temporal_burst_reuse,xlarge_DRAM,8388608,8000000,control-flow/call-return,mixed/unclassified,grid
2315,2315_grid_b47_mutual_ping_pong_recursion__c15_reverse_sequential.c,b47,mutual_ping_pong_recursion,c15,reverse_sequential,small_L1,4096,1000000,control-flow/call-return,compulsory+streaming (prefetch-friendly),grid
2316,2316_grid_b47_mutual_ping_pong_recursion__c16_block_sparse.c,b47,mutual_ping_pong_recursion,c16,block_sparse,medium_L2,65536,3000000,control-flow/call-return,mixed spatial (traversal-order dependent),grid
2317,2317_grid_b47_mutual_ping_pong_recursion__c17_zipf_like_hot_buckets.c,b47,mutual_ping_pong_recursion,c17,zipf_like_hot_buckets,large_L3,1048576,5000000,control-flow/call-return,temporal reuse (skewed/hot-set),grid
2318,2318_grid_b47_mutual_ping_pong_recursion__c18_producer_consumer_two_pointer.c,b47,mutual_ping_pong_recursion,c18,producer_consumer_two_pointer,xlarge_DRAM,8388608,8000000,control-flow/call-return,mixed/unclassified,grid
2319,2319_grid_b47_mutual_ping_pong_recursion__c19_matrix_diagonal_wavefront.c,b47,mutual_ping_pong_recursion,c19,matrix_diagonal_wavefront,small_L1,4096,1000000,control-flow/call-return,mixed spatial (traversal-order dependent),grid
2320,2320_grid_b47_mutual_ping_pong_recursion__c20_hot_cold_phase_alternation.c,b47,mutual_ping_pong_recursion,c20,hot_cold_phase_alternation,medium_L2,65536,3000000,control-flow/call-return,temporal reuse (skewed/hot-set),grid
2321,2321_grid_b47_mutual_ping_pong_recursion__c21_pyramid_multiresolution_stride.c,b47,mutual_ping_pong_recursion,c21,pyramid_multiresolution_stride,large_L3,1048576,5000000,control-flow/call-return,compulsory+streaming (prefetch-friendly),grid
2322,2322_grid_b47_mutual_ping_pong_recursion__c22_tensor_3d_slice_poor_locality.c,b47,mutual_ping_pong_recursion,c22,tensor_3d_slice_poor_locality,xlarge_DRAM,8388608,8000000,control-flow/call-return,mixed/unclassified,grid
2323,2323_grid_b47_mutual_ping_pong_recursion__c23_struct_of_array_field_burst.c,b47,mutual_ping_pong_recursion,c23,struct_of_array_field_burst,small_L1,4096,1000000,control-flow/call-return,compulsory+streaming (prefetch-friendly),grid
2324,2324_grid_b47_mutual_ping_pong_recursion__c24_banked_interleaved_access.c,b47,mutual_ping_pong_recursion,c24,banked_interleaved_access,medium_L2,65536,3000000,control-flow/call-return,compulsory+streaming (prefetch-friendly),grid
2325,2325_grid_b47_mutual_ping_pong_recursion__c25_lru_recency_weighted_reuse.c,b47,mutual_ping_pong_recursion,c25,lru_recency_weighted_reuse,large_L3,1048576,5000000,control-flow/call-return,temporal reuse (capacity-sensitive),grid
2326,2326_grid_b47_mutual_ping_pong_recursion__c26_geometric_stride_growth.c,b47,mutual_ping_pong_recursion,c26,geometric_stride_growth,xlarge_DRAM,8388608,8000000,control-flow/call-return,compulsory+streaming (prefetch-friendly),grid
2327,2327_grid_b47_mutual_ping_pong_recursion__c27_reduction_broadcast_pattern.c,b47,mutual_ping_pong_recursion,c27,reduction_broadcast_pattern,small_L1,4096,1000000,control-flow/call-return,compulsory+streaming (prefetch-friendly),grid
2328,2328_grid_b47_mutual_ping_pong_recursion__c28_morton_zorder_traversal.c,b47,mutual_ping_pong_recursion,c28,morton_zorder_traversal,medium_L2,65536,3000000,control-flow/call-return,mixed spatial (traversal-order dependent),grid
2329,2329_grid_b47_mutual_ping_pong_recursion__c29_ping_pong_cache_thrash.c,b47,mutual_ping_pong_recursion,c29,ping_pong_cache_thrash,large_L3,1048576,5000000,control-flow/call-return,conflict/associativity,grid
2330,2330_grid_b47_mutual_ping_pong_recursion__c30_gather_scatter_indirect_table.c,b47,mutual_ping_pong_recursion,c30,gather_scatter_indirect_table,xlarge_DRAM,8388608,8000000,control-flow/call-return,capacity (uniform random),grid
2331,2331_grid_b47_mutual_ping_pong_recursion__c31_fibonacci_stride.c,b47,mutual_ping_pong_recursion,c31,fibonacci_stride,small_L1,4096,1000000,control-flow/call-return,compulsory+streaming (prefetch-friendly),grid
2332,2332_grid_b47_mutual_ping_pong_recursion__c32_hilbert_curve_traversal.c,b47,mutual_ping_pong_recursion,c32,hilbert_curve_traversal,medium_L2,65536,3000000,control-flow/call-return,mixed spatial (traversal-order dependent),grid
2333,2333_grid_b47_mutual_ping_pong_recursion__c33_cache_set_conflict_stress.c,b47,mutual_ping_pong_recursion,c33,cache_set_conflict_stress,large_L3,1048576,5000000,control-flow/call-return,conflict/associativity,grid
2334,2334_grid_b47_mutual_ping_pong_recursion__c34_variable_length_burst_reuse.c,b47,mutual_ping_pong_recursion,c34,variable_length_burst_reuse,xlarge_DRAM,8388608,8000000,control-flow/call-return,capacity (uniform random),grid
2335,2335_grid_b47_mutual_ping_pong_recursion__c35_checkerboard_red_black.c,b47,mutual_ping_pong_recursion,c35,checkerboard_red_black,small_L1,4096,1000000,control-flow/call-return,mixed spatial (traversal-order dependent),grid
2336,2336_grid_b47_mutual_ping_pong_recursion__c36_im2col_overlapping_patch_gather.c,b47,mutual_ping_pong_recursion,c36,im2col_overlapping_patch_gather,medium_L2,65536,3000000,control-flow/call-return,compulsory+streaming (prefetch-friendly),grid
2337,2337_grid_b47_mutual_ping_pong_recursion__c37_double_buffer_epoch_alternation.c,b47,mutual_ping_pong_recursion,c37,double_buffer_epoch_alternation,large_L3,1048576,5000000,control-flow/call-return,conflict+capacity (thrashing/alternation),grid
2338,2338_grid_b47_mutual_ping_pong_recursion__c38_cuckoo_double_hash_probe.c,b47,mutual_ping_pong_recursion,c38,cuckoo_double_hash_probe,xlarge_DRAM,8388608,8000000,control-flow/call-return,capacity+compulsory (indirect gather/scatter),grid
2339,2339_grid_b47_mutual_ping_pong_recursion__c39_bounded_random_walk.c,b47,mutual_ping_pong_recursion,c39,bounded_random_walk,small_L1,4096,1000000,control-flow/call-return,capacity (uniform random),grid
2340,2340_grid_b47_mutual_ping_pong_recursion__c40_causal_attention_triangular.c,b47,mutual_ping_pong_recursion,c40,causal_attention_triangular,medium_L2,65536,3000000,control-flow/call-return,mixed/unclassified,grid
2341,2341_grid_b47_mutual_ping_pong_recursion__c41_skip_list_multilevel_hop.c,b47,mutual_ping_pong_recursion,c41,skip_list_multilevel_hop,large_L3,1048576,5000000,control-flow/call-return,"compulsory+latency-bound (dependent loads, no prefetch)",grid
2342,2342_grid_b47_mutual_ping_pong_recursion__c42_cache_oblivious_funnel_stride.c,b47,mutual_ping_pong_recursion,c42,cache_oblivious_funnel_stride,xlarge_DRAM,8388608,8000000,control-flow/call-return,compulsory+streaming (prefetch-friendly),grid
2343,2343_grid_b47_mutual_ping_pong_recursion__c43_whole_buffer_rotation.c,b47,mutual_ping_pong_recursion,c43,whole_buffer_rotation,small_L1,4096,1000000,control-flow/call-return,mixed/unclassified,grid
2344,2344_grid_b47_mutual_ping_pong_recursion__c44_naive_gemm_row_col_alternation.c,b47,mutual_ping_pong_recursion,c44,naive_gemm_row_col_alternation,medium_L2,65536,3000000,control-flow/call-return,compulsory+streaming (prefetch-friendly),grid
2345,2345_grid_b47_mutual_ping_pong_recursion__c45_read_hot_write_cold_split.c,b47,mutual_ping_pong_recursion,c45,read_hot_write_cold_split,large_L3,1048576,5000000,control-flow/call-return,temporal reuse (skewed/hot-set),grid
2346,2346_grid_b47_mutual_ping_pong_recursion__c46_cantor_gap_sparse.c,b47,mutual_ping_pong_recursion,c46,cantor_gap_sparse,xlarge_DRAM,8388608,8000000,control-flow/call-return,"compulsory (sparse, low reuse)",grid
2347,2347_grid_b47_mutual_ping_pong_recursion__c47_false_sharing_line_cycle.c,b47,mutual_ping_pong_recursion,c47,false_sharing_line_cycle,small_L1,4096,1000000,control-flow/call-return,conflict/associativity,grid
2348,2348_grid_b47_mutual_ping_pong_recursion__c48_exponential_backoff_probe.c,b47,mutual_ping_pong_recursion,c48,exponential_backoff_probe,medium_L2,65536,3000000,control-flow/call-return,capacity (uniform random),grid
2349,2349_grid_b47_mutual_ping_pong_recursion__c49_binary_heap_parent_child.c,b47,mutual_ping_pong_recursion,c49,binary_heap_parent_child,large_L3,1048576,5000000,control-flow/call-return,capacity (uniform random),grid
2350,2350_grid_b47_mutual_ping_pong_recursion__c50_streaming_with_periodic_flush.c,b47,mutual_ping_pong_recursion,c50,streaming_with_periodic_flush,xlarge_DRAM,8388608,8000000,control-flow/call-return,compulsory+streaming (prefetch-friendly),grid
2351,2351_grid_b48_variable_step_signed_countdown__c01_sequential_unit_stride.c,b48,variable_step_signed_countdown,c01,sequential_unit_stride,xlarge_DRAM,8388608,8000000,value-dependent,compulsory+streaming (prefetch-friendly),grid
2352,2352_grid_b48_variable_step_signed_countdown__c02_sequential_wraparound_large.c,b48,variable_step_signed_countdown,c02,sequential_wraparound_large,small_L1,4096,1000000,value-dependent,compulsory+streaming (prefetch-friendly),grid
2353,2353_grid_b48_variable_step_signed_countdown__c03_fixed_stride_small.c,b48,variable_step_signed_countdown,c03,fixed_stride_small,medium_L2,65536,3000000,value-dependent,compulsory+streaming (prefetch-friendly),grid
2354,2354_grid_b48_variable_step_signed_countdown__c04_fixed_stride_large.c,b48,variable_step_signed_countdown,c04,fixed_stride_large,large_L3,1048576,5000000,value-dependent,compulsory+streaming (prefetch-friendly),grid
2355,2355_grid_b48_variable_step_signed_countdown__c05_random_small_working_set.c,b48,variable_step_signed_countdown,c05,random_small_working_set,xlarge_DRAM,8388608,8000000,value-dependent,temporal reuse (capacity-sensitive),grid
2356,2356_grid_b48_variable_step_signed_countdown__c06_random_full_working_set.c,b48,variable_step_signed_countdown,c06,random_full_working_set,small_L1,4096,1000000,value-dependent,capacity (uniform random),grid
2357,2357_grid_b48_variable_step_signed_countdown__c07_matrix_row_major.c,b48,variable_step_signed_countdown,c07,matrix_row_major,medium_L2,65536,3000000,value-dependent,mixed spatial (traversal-order dependent),grid
2358,2358_grid_b48_variable_step_signed_countdown__c08_matrix_col_major.c,b48,variable_step_signed_countdown,c08,matrix_col_major,large_L3,1048576,5000000,value-dependent,mixed spatial (traversal-order dependent),grid
2359,2359_grid_b48_variable_step_signed_countdown__c09_matrix_tiled_blocked.c,b48,variable_step_signed_countdown,c09,matrix_tiled_blocked,xlarge_DRAM,8388608,8000000,value-dependent,mixed spatial (traversal-order dependent),grid
2360,2360_grid_b48_variable_step_signed_countdown__c10_pointer_chase_linked_list.c,b48,variable_step_signed_countdown,c10,pointer_chase_linked_list,small_L1,4096,1000000,value-dependent,"compulsory+latency-bound (dependent loads, no prefetch)",grid
2361,2361_grid_b48_variable_step_signed_countdown__c11_sliding_window.c,b48,variable_step_signed_countdown,c11,sliding_window,medium_L2,65536,3000000,value-dependent,mixed/unclassified,grid
2362,2362_grid_b48_variable_step_signed_countdown__c12_prime_stride_anti_alias.c,b48,variable_step_signed_countdown,c12,prime_stride_anti_alias,large_L3,1048576,5000000,value-dependent,compulsory+streaming (prefetch-friendly),grid
2363,2363_grid_b48_variable_step_signed_countdown__c13_two_stream_interleaved.c,b48,variable_step_signed_countdown,c13,two_stream_interleaved,xlarge_DRAM,8388608,8000000,value-dependent,mixed/unclassified,grid
2364,2364_grid_b48_variable_step_signed_countdown__c14_temporal_burst_reuse.c,b48,variable_step_signed_countdown,c14,temporal_burst_reuse,small_L1,4096,1000000,value-dependent,mixed/unclassified,grid
2365,2365_grid_b48_variable_step_signed_countdown__c15_reverse_sequential.c,b48,variable_step_signed_countdown,c15,reverse_sequential,medium_L2,65536,3000000,value-dependent,compulsory+streaming (prefetch-friendly),grid
2366,2366_grid_b48_variable_step_signed_countdown__c16_block_sparse.c,b48,variable_step_signed_countdown,c16,block_sparse,large_L3,1048576,5000000,value-dependent,mixed spatial (traversal-order dependent),grid
2367,2367_grid_b48_variable_step_signed_countdown__c17_zipf_like_hot_buckets.c,b48,variable_step_signed_countdown,c17,zipf_like_hot_buckets,xlarge_DRAM,8388608,8000000,value-dependent,temporal reuse (skewed/hot-set),grid
2368,2368_grid_b48_variable_step_signed_countdown__c18_producer_consumer_two_pointer.c,b48,variable_step_signed_countdown,c18,producer_consumer_two_pointer,small_L1,4096,1000000,value-dependent,mixed/unclassified,grid
2369,2369_grid_b48_variable_step_signed_countdown__c19_matrix_diagonal_wavefront.c,b48,variable_step_signed_countdown,c19,matrix_diagonal_wavefront,medium_L2,65536,3000000,value-dependent,mixed spatial (traversal-order dependent),grid
2370,2370_grid_b48_variable_step_signed_countdown__c20_hot_cold_phase_alternation.c,b48,variable_step_signed_countdown,c20,hot_cold_phase_alternation,large_L3,1048576,5000000,value-dependent,temporal reuse (skewed/hot-set),grid
2371,2371_grid_b48_variable_step_signed_countdown__c21_pyramid_multiresolution_stride.c,b48,variable_step_signed_countdown,c21,pyramid_multiresolution_stride,xlarge_DRAM,8388608,8000000,value-dependent,compulsory+streaming (prefetch-friendly),grid
2372,2372_grid_b48_variable_step_signed_countdown__c22_tensor_3d_slice_poor_locality.c,b48,variable_step_signed_countdown,c22,tensor_3d_slice_poor_locality,small_L1,4096,1000000,value-dependent,mixed/unclassified,grid
2373,2373_grid_b48_variable_step_signed_countdown__c23_struct_of_array_field_burst.c,b48,variable_step_signed_countdown,c23,struct_of_array_field_burst,medium_L2,65536,3000000,value-dependent,compulsory+streaming (prefetch-friendly),grid
2374,2374_grid_b48_variable_step_signed_countdown__c24_banked_interleaved_access.c,b48,variable_step_signed_countdown,c24,banked_interleaved_access,large_L3,1048576,5000000,value-dependent,compulsory+streaming (prefetch-friendly),grid
2375,2375_grid_b48_variable_step_signed_countdown__c25_lru_recency_weighted_reuse.c,b48,variable_step_signed_countdown,c25,lru_recency_weighted_reuse,xlarge_DRAM,8388608,8000000,value-dependent,temporal reuse (capacity-sensitive),grid
2376,2376_grid_b48_variable_step_signed_countdown__c26_geometric_stride_growth.c,b48,variable_step_signed_countdown,c26,geometric_stride_growth,small_L1,4096,1000000,value-dependent,compulsory+streaming (prefetch-friendly),grid
2377,2377_grid_b48_variable_step_signed_countdown__c27_reduction_broadcast_pattern.c,b48,variable_step_signed_countdown,c27,reduction_broadcast_pattern,medium_L2,65536,3000000,value-dependent,compulsory+streaming (prefetch-friendly),grid
2378,2378_grid_b48_variable_step_signed_countdown__c28_morton_zorder_traversal.c,b48,variable_step_signed_countdown,c28,morton_zorder_traversal,large_L3,1048576,5000000,value-dependent,mixed spatial (traversal-order dependent),grid
2379,2379_grid_b48_variable_step_signed_countdown__c29_ping_pong_cache_thrash.c,b48,variable_step_signed_countdown,c29,ping_pong_cache_thrash,xlarge_DRAM,8388608,8000000,value-dependent,conflict/associativity,grid
2380,2380_grid_b48_variable_step_signed_countdown__c30_gather_scatter_indirect_table.c,b48,variable_step_signed_countdown,c30,gather_scatter_indirect_table,small_L1,4096,1000000,value-dependent,capacity (uniform random),grid
2381,2381_grid_b48_variable_step_signed_countdown__c31_fibonacci_stride.c,b48,variable_step_signed_countdown,c31,fibonacci_stride,medium_L2,65536,3000000,value-dependent,compulsory+streaming (prefetch-friendly),grid
2382,2382_grid_b48_variable_step_signed_countdown__c32_hilbert_curve_traversal.c,b48,variable_step_signed_countdown,c32,hilbert_curve_traversal,large_L3,1048576,5000000,value-dependent,mixed spatial (traversal-order dependent),grid
2383,2383_grid_b48_variable_step_signed_countdown__c33_cache_set_conflict_stress.c,b48,variable_step_signed_countdown,c33,cache_set_conflict_stress,xlarge_DRAM,8388608,8000000,value-dependent,conflict/associativity,grid
2384,2384_grid_b48_variable_step_signed_countdown__c34_variable_length_burst_reuse.c,b48,variable_step_signed_countdown,c34,variable_length_burst_reuse,small_L1,4096,1000000,value-dependent,capacity (uniform random),grid
2385,2385_grid_b48_variable_step_signed_countdown__c35_checkerboard_red_black.c,b48,variable_step_signed_countdown,c35,checkerboard_red_black,medium_L2,65536,3000000,value-dependent,mixed spatial (traversal-order dependent),grid
2386,2386_grid_b48_variable_step_signed_countdown__c36_im2col_overlapping_patch_gather.c,b48,variable_step_signed_countdown,c36,im2col_overlapping_patch_gather,large_L3,1048576,5000000,value-dependent,compulsory+streaming (prefetch-friendly),grid
2387,2387_grid_b48_variable_step_signed_countdown__c37_double_buffer_epoch_alternation.c,b48,variable_step_signed_countdown,c37,double_buffer_epoch_alternation,xlarge_DRAM,8388608,8000000,value-dependent,conflict+capacity (thrashing/alternation),grid
2388,2388_grid_b48_variable_step_signed_countdown__c38_cuckoo_double_hash_probe.c,b48,variable_step_signed_countdown,c38,cuckoo_double_hash_probe,small_L1,4096,1000000,value-dependent,capacity+compulsory (indirect gather/scatter),grid
2389,2389_grid_b48_variable_step_signed_countdown__c39_bounded_random_walk.c,b48,variable_step_signed_countdown,c39,bounded_random_walk,medium_L2,65536,3000000,value-dependent,capacity (uniform random),grid
2390,2390_grid_b48_variable_step_signed_countdown__c40_causal_attention_triangular.c,b48,variable_step_signed_countdown,c40,causal_attention_triangular,large_L3,1048576,5000000,value-dependent,mixed/unclassified,grid
2391,2391_grid_b48_variable_step_signed_countdown__c41_skip_list_multilevel_hop.c,b48,variable_step_signed_countdown,c41,skip_list_multilevel_hop,xlarge_DRAM,8388608,8000000,value-dependent,"compulsory+latency-bound (dependent loads, no prefetch)",grid
2392,2392_grid_b48_variable_step_signed_countdown__c42_cache_oblivious_funnel_stride.c,b48,variable_step_signed_countdown,c42,cache_oblivious_funnel_stride,small_L1,4096,1000000,value-dependent,compulsory+streaming (prefetch-friendly),grid
2393,2393_grid_b48_variable_step_signed_countdown__c43_whole_buffer_rotation.c,b48,variable_step_signed_countdown,c43,whole_buffer_rotation,medium_L2,65536,3000000,value-dependent,mixed/unclassified,grid
2394,2394_grid_b48_variable_step_signed_countdown__c44_naive_gemm_row_col_alternation.c,b48,variable_step_signed_countdown,c44,naive_gemm_row_col_alternation,large_L3,1048576,5000000,value-dependent,compulsory+streaming (prefetch-friendly),grid
2395,2395_grid_b48_variable_step_signed_countdown__c45_read_hot_write_cold_split.c,b48,variable_step_signed_countdown,c45,read_hot_write_cold_split,xlarge_DRAM,8388608,8000000,value-dependent,temporal reuse (skewed/hot-set),grid
2396,2396_grid_b48_variable_step_signed_countdown__c46_cantor_gap_sparse.c,b48,variable_step_signed_countdown,c46,cantor_gap_sparse,small_L1,4096,1000000,value-dependent,"compulsory (sparse, low reuse)",grid
2397,2397_grid_b48_variable_step_signed_countdown__c47_false_sharing_line_cycle.c,b48,variable_step_signed_countdown,c47,false_sharing_line_cycle,medium_L2,65536,3000000,value-dependent,conflict/associativity,grid
2398,2398_grid_b48_variable_step_signed_countdown__c48_exponential_backoff_probe.c,b48,variable_step_signed_countdown,c48,exponential_backoff_probe,large_L3,1048576,5000000,value-dependent,capacity (uniform random),grid
2399,2399_grid_b48_variable_step_signed_countdown__c49_binary_heap_parent_child.c,b48,variable_step_signed_countdown,c49,binary_heap_parent_child,xlarge_DRAM,8388608,8000000,value-dependent,capacity (uniform random),grid
2400,2400_grid_b48_variable_step_signed_countdown__c50_streaming_with_periodic_flush.c,b48,variable_step_signed_countdown,c50,streaming_with_periodic_flush,small_L1,4096,1000000,value-dependent,compulsory+streaming (prefetch-friendly),grid
2401,2401_grid_b49_interleaved_two_pattern_multiplex__c01_sequential_unit_stride.c,b49,interleaved_two_pattern_multiplex,c01,sequential_unit_stride,small_L1,4096,1000000,stochastic,compulsory+streaming (prefetch-friendly),grid
2402,2402_grid_b49_interleaved_two_pattern_multiplex__c02_sequential_wraparound_large.c,b49,interleaved_two_pattern_multiplex,c02,sequential_wraparound_large,medium_L2,65536,3000000,stochastic,compulsory+streaming (prefetch-friendly),grid
2403,2403_grid_b49_interleaved_two_pattern_multiplex__c03_fixed_stride_small.c,b49,interleaved_two_pattern_multiplex,c03,fixed_stride_small,large_L3,1048576,5000000,stochastic,compulsory+streaming (prefetch-friendly),grid
2404,2404_grid_b49_interleaved_two_pattern_multiplex__c04_fixed_stride_large.c,b49,interleaved_two_pattern_multiplex,c04,fixed_stride_large,xlarge_DRAM,8388608,8000000,stochastic,compulsory+streaming (prefetch-friendly),grid
2405,2405_grid_b49_interleaved_two_pattern_multiplex__c05_random_small_working_set.c,b49,interleaved_two_pattern_multiplex,c05,random_small_working_set,small_L1,4096,1000000,stochastic,temporal reuse (capacity-sensitive),grid
2406,2406_grid_b49_interleaved_two_pattern_multiplex__c06_random_full_working_set.c,b49,interleaved_two_pattern_multiplex,c06,random_full_working_set,medium_L2,65536,3000000,stochastic,capacity (uniform random),grid
2407,2407_grid_b49_interleaved_two_pattern_multiplex__c07_matrix_row_major.c,b49,interleaved_two_pattern_multiplex,c07,matrix_row_major,large_L3,1048576,5000000,stochastic,mixed spatial (traversal-order dependent),grid
2408,2408_grid_b49_interleaved_two_pattern_multiplex__c08_matrix_col_major.c,b49,interleaved_two_pattern_multiplex,c08,matrix_col_major,xlarge_DRAM,8388608,8000000,stochastic,mixed spatial (traversal-order dependent),grid
2409,2409_grid_b49_interleaved_two_pattern_multiplex__c09_matrix_tiled_blocked.c,b49,interleaved_two_pattern_multiplex,c09,matrix_tiled_blocked,small_L1,4096,1000000,stochastic,mixed spatial (traversal-order dependent),grid
2410,2410_grid_b49_interleaved_two_pattern_multiplex__c10_pointer_chase_linked_list.c,b49,interleaved_two_pattern_multiplex,c10,pointer_chase_linked_list,medium_L2,65536,3000000,stochastic,"compulsory+latency-bound (dependent loads, no prefetch)",grid
2411,2411_grid_b49_interleaved_two_pattern_multiplex__c11_sliding_window.c,b49,interleaved_two_pattern_multiplex,c11,sliding_window,large_L3,1048576,5000000,stochastic,mixed/unclassified,grid
2412,2412_grid_b49_interleaved_two_pattern_multiplex__c12_prime_stride_anti_alias.c,b49,interleaved_two_pattern_multiplex,c12,prime_stride_anti_alias,xlarge_DRAM,8388608,8000000,stochastic,compulsory+streaming (prefetch-friendly),grid
2413,2413_grid_b49_interleaved_two_pattern_multiplex__c13_two_stream_interleaved.c,b49,interleaved_two_pattern_multiplex,c13,two_stream_interleaved,small_L1,4096,1000000,stochastic,mixed/unclassified,grid
2414,2414_grid_b49_interleaved_two_pattern_multiplex__c14_temporal_burst_reuse.c,b49,interleaved_two_pattern_multiplex,c14,temporal_burst_reuse,medium_L2,65536,3000000,stochastic,mixed/unclassified,grid
2415,2415_grid_b49_interleaved_two_pattern_multiplex__c15_reverse_sequential.c,b49,interleaved_two_pattern_multiplex,c15,reverse_sequential,large_L3,1048576,5000000,stochastic,compulsory+streaming (prefetch-friendly),grid
2416,2416_grid_b49_interleaved_two_pattern_multiplex__c16_block_sparse.c,b49,interleaved_two_pattern_multiplex,c16,block_sparse,xlarge_DRAM,8388608,8000000,stochastic,mixed spatial (traversal-order dependent),grid
2417,2417_grid_b49_interleaved_two_pattern_multiplex__c17_zipf_like_hot_buckets.c,b49,interleaved_two_pattern_multiplex,c17,zipf_like_hot_buckets,small_L1,4096,1000000,stochastic,temporal reuse (skewed/hot-set),grid
2418,2418_grid_b49_interleaved_two_pattern_multiplex__c18_producer_consumer_two_pointer.c,b49,interleaved_two_pattern_multiplex,c18,producer_consumer_two_pointer,medium_L2,65536,3000000,stochastic,mixed/unclassified,grid
2419,2419_grid_b49_interleaved_two_pattern_multiplex__c19_matrix_diagonal_wavefront.c,b49,interleaved_two_pattern_multiplex,c19,matrix_diagonal_wavefront,large_L3,1048576,5000000,stochastic,mixed spatial (traversal-order dependent),grid
2420,2420_grid_b49_interleaved_two_pattern_multiplex__c20_hot_cold_phase_alternation.c,b49,interleaved_two_pattern_multiplex,c20,hot_cold_phase_alternation,xlarge_DRAM,8388608,8000000,stochastic,temporal reuse (skewed/hot-set),grid
2421,2421_grid_b49_interleaved_two_pattern_multiplex__c21_pyramid_multiresolution_stride.c,b49,interleaved_two_pattern_multiplex,c21,pyramid_multiresolution_stride,small_L1,4096,1000000,stochastic,compulsory+streaming (prefetch-friendly),grid
2422,2422_grid_b49_interleaved_two_pattern_multiplex__c22_tensor_3d_slice_poor_locality.c,b49,interleaved_two_pattern_multiplex,c22,tensor_3d_slice_poor_locality,medium_L2,65536,3000000,stochastic,mixed/unclassified,grid
2423,2423_grid_b49_interleaved_two_pattern_multiplex__c23_struct_of_array_field_burst.c,b49,interleaved_two_pattern_multiplex,c23,struct_of_array_field_burst,large_L3,1048576,5000000,stochastic,compulsory+streaming (prefetch-friendly),grid
2424,2424_grid_b49_interleaved_two_pattern_multiplex__c24_banked_interleaved_access.c,b49,interleaved_two_pattern_multiplex,c24,banked_interleaved_access,xlarge_DRAM,8388608,8000000,stochastic,compulsory+streaming (prefetch-friendly),grid
2425,2425_grid_b49_interleaved_two_pattern_multiplex__c25_lru_recency_weighted_reuse.c,b49,interleaved_two_pattern_multiplex,c25,lru_recency_weighted_reuse,small_L1,4096,1000000,stochastic,temporal reuse (capacity-sensitive),grid
2426,2426_grid_b49_interleaved_two_pattern_multiplex__c26_geometric_stride_growth.c,b49,interleaved_two_pattern_multiplex,c26,geometric_stride_growth,medium_L2,65536,3000000,stochastic,compulsory+streaming (prefetch-friendly),grid
2427,2427_grid_b49_interleaved_two_pattern_multiplex__c27_reduction_broadcast_pattern.c,b49,interleaved_two_pattern_multiplex,c27,reduction_broadcast_pattern,large_L3,1048576,5000000,stochastic,compulsory+streaming (prefetch-friendly),grid
2428,2428_grid_b49_interleaved_two_pattern_multiplex__c28_morton_zorder_traversal.c,b49,interleaved_two_pattern_multiplex,c28,morton_zorder_traversal,xlarge_DRAM,8388608,8000000,stochastic,mixed spatial (traversal-order dependent),grid
2429,2429_grid_b49_interleaved_two_pattern_multiplex__c29_ping_pong_cache_thrash.c,b49,interleaved_two_pattern_multiplex,c29,ping_pong_cache_thrash,small_L1,4096,1000000,stochastic,conflict/associativity,grid
2430,2430_grid_b49_interleaved_two_pattern_multiplex__c30_gather_scatter_indirect_table.c,b49,interleaved_two_pattern_multiplex,c30,gather_scatter_indirect_table,medium_L2,65536,3000000,stochastic,capacity (uniform random),grid
2431,2431_grid_b49_interleaved_two_pattern_multiplex__c31_fibonacci_stride.c,b49,interleaved_two_pattern_multiplex,c31,fibonacci_stride,large_L3,1048576,5000000,stochastic,compulsory+streaming (prefetch-friendly),grid
2432,2432_grid_b49_interleaved_two_pattern_multiplex__c32_hilbert_curve_traversal.c,b49,interleaved_two_pattern_multiplex,c32,hilbert_curve_traversal,xlarge_DRAM,8388608,8000000,stochastic,mixed spatial (traversal-order dependent),grid
2433,2433_grid_b49_interleaved_two_pattern_multiplex__c33_cache_set_conflict_stress.c,b49,interleaved_two_pattern_multiplex,c33,cache_set_conflict_stress,small_L1,4096,1000000,stochastic,conflict/associativity,grid
2434,2434_grid_b49_interleaved_two_pattern_multiplex__c34_variable_length_burst_reuse.c,b49,interleaved_two_pattern_multiplex,c34,variable_length_burst_reuse,medium_L2,65536,3000000,stochastic,capacity (uniform random),grid
2435,2435_grid_b49_interleaved_two_pattern_multiplex__c35_checkerboard_red_black.c,b49,interleaved_two_pattern_multiplex,c35,checkerboard_red_black,large_L3,1048576,5000000,stochastic,mixed spatial (traversal-order dependent),grid
2436,2436_grid_b49_interleaved_two_pattern_multiplex__c36_im2col_overlapping_patch_gather.c,b49,interleaved_two_pattern_multiplex,c36,im2col_overlapping_patch_gather,xlarge_DRAM,8388608,8000000,stochastic,compulsory+streaming (prefetch-friendly),grid
2437,2437_grid_b49_interleaved_two_pattern_multiplex__c37_double_buffer_epoch_alternation.c,b49,interleaved_two_pattern_multiplex,c37,double_buffer_epoch_alternation,small_L1,4096,1000000,stochastic,conflict+capacity (thrashing/alternation),grid
2438,2438_grid_b49_interleaved_two_pattern_multiplex__c38_cuckoo_double_hash_probe.c,b49,interleaved_two_pattern_multiplex,c38,cuckoo_double_hash_probe,medium_L2,65536,3000000,stochastic,capacity+compulsory (indirect gather/scatter),grid
2439,2439_grid_b49_interleaved_two_pattern_multiplex__c39_bounded_random_walk.c,b49,interleaved_two_pattern_multiplex,c39,bounded_random_walk,large_L3,1048576,5000000,stochastic,capacity (uniform random),grid
2440,2440_grid_b49_interleaved_two_pattern_multiplex__c40_causal_attention_triangular.c,b49,interleaved_two_pattern_multiplex,c40,causal_attention_triangular,xlarge_DRAM,8388608,8000000,stochastic,mixed/unclassified,grid
2441,2441_grid_b49_interleaved_two_pattern_multiplex__c41_skip_list_multilevel_hop.c,b49,interleaved_two_pattern_multiplex,c41,skip_list_multilevel_hop,small_L1,4096,1000000,stochastic,"compulsory+latency-bound (dependent loads, no prefetch)",grid
2442,2442_grid_b49_interleaved_two_pattern_multiplex__c42_cache_oblivious_funnel_stride.c,b49,interleaved_two_pattern_multiplex,c42,cache_oblivious_funnel_stride,medium_L2,65536,3000000,stochastic,compulsory+streaming (prefetch-friendly),grid
2443,2443_grid_b49_interleaved_two_pattern_multiplex__c43_whole_buffer_rotation.c,b49,interleaved_two_pattern_multiplex,c43,whole_buffer_rotation,large_L3,1048576,5000000,stochastic,mixed/unclassified,grid
2444,2444_grid_b49_interleaved_two_pattern_multiplex__c44_naive_gemm_row_col_alternation.c,b49,interleaved_two_pattern_multiplex,c44,naive_gemm_row_col_alternation,xlarge_DRAM,8388608,8000000,stochastic,compulsory+streaming (prefetch-friendly),grid
2445,2445_grid_b49_interleaved_two_pattern_multiplex__c45_read_hot_write_cold_split.c,b49,interleaved_two_pattern_multiplex,c45,read_hot_write_cold_split,small_L1,4096,1000000,stochastic,temporal reuse (skewed/hot-set),grid
2446,2446_grid_b49_interleaved_two_pattern_multiplex__c46_cantor_gap_sparse.c,b49,interleaved_two_pattern_multiplex,c46,cantor_gap_sparse,medium_L2,65536,3000000,stochastic,"compulsory (sparse, low reuse)",grid
2447,2447_grid_b49_interleaved_two_pattern_multiplex__c47_false_sharing_line_cycle.c,b49,interleaved_two_pattern_multiplex,c47,false_sharing_line_cycle,large_L3,1048576,5000000,stochastic,conflict/associativity,grid
2448,2448_grid_b49_interleaved_two_pattern_multiplex__c48_exponential_backoff_probe.c,b49,interleaved_two_pattern_multiplex,c48,exponential_backoff_probe,xlarge_DRAM,8388608,8000000,stochastic,capacity (uniform random),grid
2449,2449_grid_b49_interleaved_two_pattern_multiplex__c49_binary_heap_parent_child.c,b49,interleaved_two_pattern_multiplex,c49,binary_heap_parent_child,small_L1,4096,1000000,stochastic,capacity (uniform random),grid
2450,2450_grid_b49_interleaved_two_pattern_multiplex__c50_streaming_with_periodic_flush.c,b49,interleaved_two_pattern_multiplex,c50,streaming_with_periodic_flush,medium_L2,65536,3000000,stochastic,compulsory+streaming (prefetch-friendly),grid
2451,2451_grid_b50_hysteresis_debounce__c01_sequential_unit_stride.c,b50,hysteresis_debounce,c01,sequential_unit_stride,medium_L2,65536,3000000,phase-changing/non-stationary,compulsory+streaming (prefetch-friendly),grid
2452,2452_grid_b50_hysteresis_debounce__c02_sequential_wraparound_large.c,b50,hysteresis_debounce,c02,sequential_wraparound_large,large_L3,1048576,5000000,phase-changing/non-stationary,compulsory+streaming (prefetch-friendly),grid
2453,2453_grid_b50_hysteresis_debounce__c03_fixed_stride_small.c,b50,hysteresis_debounce,c03,fixed_stride_small,xlarge_DRAM,8388608,8000000,phase-changing/non-stationary,compulsory+streaming (prefetch-friendly),grid
2454,2454_grid_b50_hysteresis_debounce__c04_fixed_stride_large.c,b50,hysteresis_debounce,c04,fixed_stride_large,small_L1,4096,1000000,phase-changing/non-stationary,compulsory+streaming (prefetch-friendly),grid
2455,2455_grid_b50_hysteresis_debounce__c05_random_small_working_set.c,b50,hysteresis_debounce,c05,random_small_working_set,medium_L2,65536,3000000,phase-changing/non-stationary,temporal reuse (capacity-sensitive),grid
2456,2456_grid_b50_hysteresis_debounce__c06_random_full_working_set.c,b50,hysteresis_debounce,c06,random_full_working_set,large_L3,1048576,5000000,phase-changing/non-stationary,capacity (uniform random),grid
2457,2457_grid_b50_hysteresis_debounce__c07_matrix_row_major.c,b50,hysteresis_debounce,c07,matrix_row_major,xlarge_DRAM,8388608,8000000,phase-changing/non-stationary,mixed spatial (traversal-order dependent),grid
2458,2458_grid_b50_hysteresis_debounce__c08_matrix_col_major.c,b50,hysteresis_debounce,c08,matrix_col_major,small_L1,4096,1000000,phase-changing/non-stationary,mixed spatial (traversal-order dependent),grid
2459,2459_grid_b50_hysteresis_debounce__c09_matrix_tiled_blocked.c,b50,hysteresis_debounce,c09,matrix_tiled_blocked,medium_L2,65536,3000000,phase-changing/non-stationary,mixed spatial (traversal-order dependent),grid
2460,2460_grid_b50_hysteresis_debounce__c10_pointer_chase_linked_list.c,b50,hysteresis_debounce,c10,pointer_chase_linked_list,large_L3,1048576,5000000,phase-changing/non-stationary,"compulsory+latency-bound (dependent loads, no prefetch)",grid
2461,2461_grid_b50_hysteresis_debounce__c11_sliding_window.c,b50,hysteresis_debounce,c11,sliding_window,xlarge_DRAM,8388608,8000000,phase-changing/non-stationary,mixed/unclassified,grid
2462,2462_grid_b50_hysteresis_debounce__c12_prime_stride_anti_alias.c,b50,hysteresis_debounce,c12,prime_stride_anti_alias,small_L1,4096,1000000,phase-changing/non-stationary,compulsory+streaming (prefetch-friendly),grid
2463,2463_grid_b50_hysteresis_debounce__c13_two_stream_interleaved.c,b50,hysteresis_debounce,c13,two_stream_interleaved,medium_L2,65536,3000000,phase-changing/non-stationary,mixed/unclassified,grid
2464,2464_grid_b50_hysteresis_debounce__c14_temporal_burst_reuse.c,b50,hysteresis_debounce,c14,temporal_burst_reuse,large_L3,1048576,5000000,phase-changing/non-stationary,mixed/unclassified,grid
2465,2465_grid_b50_hysteresis_debounce__c15_reverse_sequential.c,b50,hysteresis_debounce,c15,reverse_sequential,xlarge_DRAM,8388608,8000000,phase-changing/non-stationary,compulsory+streaming (prefetch-friendly),grid
2466,2466_grid_b50_hysteresis_debounce__c16_block_sparse.c,b50,hysteresis_debounce,c16,block_sparse,small_L1,4096,1000000,phase-changing/non-stationary,mixed spatial (traversal-order dependent),grid
2467,2467_grid_b50_hysteresis_debounce__c17_zipf_like_hot_buckets.c,b50,hysteresis_debounce,c17,zipf_like_hot_buckets,medium_L2,65536,3000000,phase-changing/non-stationary,temporal reuse (skewed/hot-set),grid
2468,2468_grid_b50_hysteresis_debounce__c18_producer_consumer_two_pointer.c,b50,hysteresis_debounce,c18,producer_consumer_two_pointer,large_L3,1048576,5000000,phase-changing/non-stationary,mixed/unclassified,grid
2469,2469_grid_b50_hysteresis_debounce__c19_matrix_diagonal_wavefront.c,b50,hysteresis_debounce,c19,matrix_diagonal_wavefront,xlarge_DRAM,8388608,8000000,phase-changing/non-stationary,mixed spatial (traversal-order dependent),grid
2470,2470_grid_b50_hysteresis_debounce__c20_hot_cold_phase_alternation.c,b50,hysteresis_debounce,c20,hot_cold_phase_alternation,small_L1,4096,1000000,phase-changing/non-stationary,temporal reuse (skewed/hot-set),grid
2471,2471_grid_b50_hysteresis_debounce__c21_pyramid_multiresolution_stride.c,b50,hysteresis_debounce,c21,pyramid_multiresolution_stride,medium_L2,65536,3000000,phase-changing/non-stationary,compulsory+streaming (prefetch-friendly),grid
2472,2472_grid_b50_hysteresis_debounce__c22_tensor_3d_slice_poor_locality.c,b50,hysteresis_debounce,c22,tensor_3d_slice_poor_locality,large_L3,1048576,5000000,phase-changing/non-stationary,mixed/unclassified,grid
2473,2473_grid_b50_hysteresis_debounce__c23_struct_of_array_field_burst.c,b50,hysteresis_debounce,c23,struct_of_array_field_burst,xlarge_DRAM,8388608,8000000,phase-changing/non-stationary,compulsory+streaming (prefetch-friendly),grid
2474,2474_grid_b50_hysteresis_debounce__c24_banked_interleaved_access.c,b50,hysteresis_debounce,c24,banked_interleaved_access,small_L1,4096,1000000,phase-changing/non-stationary,compulsory+streaming (prefetch-friendly),grid
2475,2475_grid_b50_hysteresis_debounce__c25_lru_recency_weighted_reuse.c,b50,hysteresis_debounce,c25,lru_recency_weighted_reuse,medium_L2,65536,3000000,phase-changing/non-stationary,temporal reuse (capacity-sensitive),grid
2476,2476_grid_b50_hysteresis_debounce__c26_geometric_stride_growth.c,b50,hysteresis_debounce,c26,geometric_stride_growth,large_L3,1048576,5000000,phase-changing/non-stationary,compulsory+streaming (prefetch-friendly),grid
2477,2477_grid_b50_hysteresis_debounce__c27_reduction_broadcast_pattern.c,b50,hysteresis_debounce,c27,reduction_broadcast_pattern,xlarge_DRAM,8388608,8000000,phase-changing/non-stationary,compulsory+streaming (prefetch-friendly),grid
2478,2478_grid_b50_hysteresis_debounce__c28_morton_zorder_traversal.c,b50,hysteresis_debounce,c28,morton_zorder_traversal,small_L1,4096,1000000,phase-changing/non-stationary,mixed spatial (traversal-order dependent),grid
2479,2479_grid_b50_hysteresis_debounce__c29_ping_pong_cache_thrash.c,b50,hysteresis_debounce,c29,ping_pong_cache_thrash,medium_L2,65536,3000000,phase-changing/non-stationary,conflict/associativity,grid
2480,2480_grid_b50_hysteresis_debounce__c30_gather_scatter_indirect_table.c,b50,hysteresis_debounce,c30,gather_scatter_indirect_table,large_L3,1048576,5000000,phase-changing/non-stationary,capacity (uniform random),grid
2481,2481_grid_b50_hysteresis_debounce__c31_fibonacci_stride.c,b50,hysteresis_debounce,c31,fibonacci_stride,xlarge_DRAM,8388608,8000000,phase-changing/non-stationary,compulsory+streaming (prefetch-friendly),grid
2482,2482_grid_b50_hysteresis_debounce__c32_hilbert_curve_traversal.c,b50,hysteresis_debounce,c32,hilbert_curve_traversal,small_L1,4096,1000000,phase-changing/non-stationary,mixed spatial (traversal-order dependent),grid
2483,2483_grid_b50_hysteresis_debounce__c33_cache_set_conflict_stress.c,b50,hysteresis_debounce,c33,cache_set_conflict_stress,medium_L2,65536,3000000,phase-changing/non-stationary,conflict/associativity,grid
2484,2484_grid_b50_hysteresis_debounce__c34_variable_length_burst_reuse.c,b50,hysteresis_debounce,c34,variable_length_burst_reuse,large_L3,1048576,5000000,phase-changing/non-stationary,capacity (uniform random),grid
2485,2485_grid_b50_hysteresis_debounce__c35_checkerboard_red_black.c,b50,hysteresis_debounce,c35,checkerboard_red_black,xlarge_DRAM,8388608,8000000,phase-changing/non-stationary,mixed spatial (traversal-order dependent),grid
2486,2486_grid_b50_hysteresis_debounce__c36_im2col_overlapping_patch_gather.c,b50,hysteresis_debounce,c36,im2col_overlapping_patch_gather,small_L1,4096,1000000,phase-changing/non-stationary,compulsory+streaming (prefetch-friendly),grid
2487,2487_grid_b50_hysteresis_debounce__c37_double_buffer_epoch_alternation.c,b50,hysteresis_debounce,c37,double_buffer_epoch_alternation,medium_L2,65536,3000000,phase-changing/non-stationary,conflict+capacity (thrashing/alternation),grid
2488,2488_grid_b50_hysteresis_debounce__c38_cuckoo_double_hash_probe.c,b50,hysteresis_debounce,c38,cuckoo_double_hash_probe,large_L3,1048576,5000000,phase-changing/non-stationary,capacity+compulsory (indirect gather/scatter),grid
2489,2489_grid_b50_hysteresis_debounce__c39_bounded_random_walk.c,b50,hysteresis_debounce,c39,bounded_random_walk,xlarge_DRAM,8388608,8000000,phase-changing/non-stationary,capacity (uniform random),grid
2490,2490_grid_b50_hysteresis_debounce__c40_causal_attention_triangular.c,b50,hysteresis_debounce,c40,causal_attention_triangular,small_L1,4096,1000000,phase-changing/non-stationary,mixed/unclassified,grid
2491,2491_grid_b50_hysteresis_debounce__c41_skip_list_multilevel_hop.c,b50,hysteresis_debounce,c41,skip_list_multilevel_hop,medium_L2,65536,3000000,phase-changing/non-stationary,"compulsory+latency-bound (dependent loads, no prefetch)",grid
2492,2492_grid_b50_hysteresis_debounce__c42_cache_oblivious_funnel_stride.c,b50,hysteresis_debounce,c42,cache_oblivious_funnel_stride,large_L3,1048576,5000000,phase-changing/non-stationary,compulsory+streaming (prefetch-friendly),grid
2493,2493_grid_b50_hysteresis_debounce__c43_whole_buffer_rotation.c,b50,hysteresis_debounce,c43,whole_buffer_rotation,xlarge_DRAM,8388608,8000000,phase-changing/non-stationary,mixed/unclassified,grid
2494,2494_grid_b50_hysteresis_debounce__c44_naive_gemm_row_col_alternation.c,b50,hysteresis_debounce,c44,naive_gemm_row_col_alternation,small_L1,4096,1000000,phase-changing/non-stationary,compulsory+streaming (prefetch-friendly),grid
2495,2495_grid_b50_hysteresis_debounce__c45_read_hot_write_cold_split.c,b50,hysteresis_debounce,c45,read_hot_write_cold_split,medium_L2,65536,3000000,phase-changing/non-stationary,temporal reuse (skewed/hot-set),grid
2496,2496_grid_b50_hysteresis_debounce__c46_cantor_gap_sparse.c,b50,hysteresis_debounce,c46,cantor_gap_sparse,large_L3,1048576,5000000,phase-changing/non-stationary,"compulsory (sparse, low reuse)",grid
2497,2497_grid_b50_hysteresis_debounce__c47_false_sharing_line_cycle.c,b50,hysteresis_debounce,c47,false_sharing_line_cycle,xlarge_DRAM,8388608,8000000,phase-changing/non-stationary,conflict/associativity,grid
2498,2498_grid_b50_hysteresis_debounce__c48_exponential_backoff_probe.c,b50,hysteresis_debounce,c48,exponential_backoff_probe,small_L1,4096,1000000,phase-changing/non-stationary,capacity (uniform random),grid
2499,2499_grid_b50_hysteresis_debounce__c49_binary_heap_parent_child.c,b50,hysteresis_debounce,c49,binary_heap_parent_child,medium_L2,65536,3000000,phase-changing/non-stationary,capacity (uniform random),grid
2500,2500_grid_b50_hysteresis_debounce__c50_streaming_with_periodic_flush.c,b50,hysteresis_debounce,c50,streaming_with_periodic_flush,large_L3,1048576,5000000,phase-changing/non-stationary,compulsory+streaming (prefetch-friendly),grid
2501,2501_base_branch_b01_always_taken.c,b01,always_taken,,synthetic_sequential_scan,small_L1,4096,1000000,static/trivial,n/a (synthetic baseline),branch_only
2502,2502_base_branch_b02_always_not_taken.c,b02,always_not_taken,,synthetic_sequential_scan,small_L1,4096,1000000,static/trivial,n/a (synthetic baseline),branch_only
2503,2503_base_branch_b03_alternating.c,b03,alternating,,synthetic_sequential_scan,small_L1,4096,1000000,static/periodic,n/a (synthetic baseline),branch_only
2504,2504_base_branch_b04_periodic3.c,b04,periodic3,,synthetic_sequential_scan,small_L1,4096,1000000,static/periodic,n/a (synthetic baseline),branch_only
2505,2505_base_branch_b05_periodic8_biased.c,b05,periodic8_biased,,synthetic_sequential_scan,small_L1,4096,1000000,static/periodic,n/a (synthetic baseline),branch_only
2506,2506_base_branch_b06_pseudo_random_50.c,b06,pseudo_random_50,,synthetic_sequential_scan,small_L1,4096,1000000,stochastic,n/a (synthetic baseline),branch_only
2507,2507_base_branch_b07_nested_dependent.c,b07,nested_dependent,,synthetic_sequential_scan,small_L1,4096,1000000,value-dependent,n/a (synthetic baseline),branch_only
2508,2508_base_branch_b08_switch_multiway.c,b08,switch_multiway,,synthetic_sequential_scan,small_L1,4096,1000000,indirect-branch,n/a (synthetic baseline),branch_only
2509,2509_base_branch_b09_recursive_calls.c,b09,recursive_calls,,synthetic_sequential_scan,small_L1,4096,1000000,control-flow/call-return,n/a (synthetic baseline),branch_only
2510,2510_base_branch_b10_correlated_history.c,b10,correlated_history,,synthetic_sequential_scan,small_L1,4096,1000000,history-correlated,n/a (synthetic baseline),branch_only
2511,2511_base_branch_b11_value_dependent_threshold.c,b11,value_dependent_threshold,,synthetic_sequential_scan,small_L1,4096,1000000,value-dependent,n/a (synthetic baseline),branch_only
2512,2512_base_branch_b12_doubling_run_lengths.c,b12,doubling_run_lengths,,synthetic_sequential_scan,small_L1,4096,1000000,phase-changing/non-stationary,n/a (synthetic baseline),branch_only
2513,2513_base_branch_b13_single_phase_change.c,b13,single_phase_change,,synthetic_sequential_scan,small_L1,4096,1000000,static/trivial,n/a (synthetic baseline),branch_only
2514,2514_base_branch_b14_four_way_skewed.c,b14,four_way_skewed,,synthetic_sequential_scan,small_L1,4096,1000000,value-dependent,n/a (synthetic baseline),branch_only
2515,2515_base_branch_b15_manual_unroll4_sparse.c,b15,manual_unroll4_sparse,,synthetic_sequential_scan,small_L1,4096,1000000,mixed/other,n/a (synthetic baseline),branch_only
2516,2516_base_branch_b16_sentinel_search_loop.c,b16,sentinel_search_loop,,synthetic_sequential_scan,small_L1,4096,1000000,value-dependent,n/a (synthetic baseline),branch_only
2517,2517_base_branch_b17_correlated_two_branch_xor.c,b17,correlated_two_branch_xor,,synthetic_sequential_scan,small_L1,4096,1000000,history-correlated,n/a (synthetic baseline),branch_only
2518,2518_base_branch_b18_indirect_fn_dispatch.c,b18,indirect_fn_dispatch,,synthetic_sequential_scan,small_L1,4096,1000000,control-flow/call-return,n/a (synthetic baseline),branch_only
2519,2519_base_branch_b19_data_dependent_break_trip.c,b19,data_dependent_break_trip,,synthetic_sequential_scan,small_L1,4096,1000000,mixed/other,n/a (synthetic baseline),branch_only
2520,2520_base_branch_b20_random_threshold_walk.c,b20,random_threshold_walk,,synthetic_sequential_scan,small_L1,4096,1000000,stochastic,n/a (synthetic baseline),branch_only
2521,2521_base_branch_b21_loop_carried_running_state.c,b21,loop_carried_running_state,,synthetic_sequential_scan,small_L1,4096,1000000,value-dependent,n/a (synthetic baseline),branch_only
2522,2522_base_branch_b22_drifting_threshold_periodic_reset.c,b22,drifting_threshold_periodic_reset,,synthetic_sequential_scan,small_L1,4096,1000000,stochastic,n/a (synthetic baseline),branch_only
2523,2523_base_branch_b23_popcount_parity.c,b23,popcount_parity,,synthetic_sequential_scan,small_L1,4096,1000000,value-dependent,n/a (synthetic baseline),branch_only
2524,2524_base_branch_b24_monotonic_drift_saturating.c,b24,monotonic_drift_saturating,,synthetic_sequential_scan,small_L1,4096,1000000,static/trivial,n/a (synthetic baseline),branch_only
2525,2525_base_branch_b25_rare_exception_1_in_1024.c,b25,rare_exception_1_in_1024,,synthetic_sequential_scan,small_L1,4096,1000000,mixed/other,n/a (synthetic baseline),branch_only
2526,2526_base_branch_b26_warmup_then_steady.c,b26,warmup_then_steady,,synthetic_sequential_scan,small_L1,4096,1000000,static/trivial,n/a (synthetic baseline),branch_only
2527,2527_base_branch_b27_meta_correlated_nested.c,b27,meta_correlated_nested,,synthetic_sequential_scan,small_L1,4096,1000000,history-correlated,n/a (synthetic baseline),branch_only
2528,2528_base_branch_b28_data_driven_stack_machine.c,b28,data_driven_stack_machine,,synthetic_sequential_scan,small_L1,4096,1000000,control-flow/call-return,n/a (synthetic baseline),branch_only
2529,2529_base_branch_b29_bursty_streak_pattern.c,b29,bursty_streak_pattern,,synthetic_sequential_scan,small_L1,4096,1000000,static/trivial,n/a (synthetic baseline),branch_only
2530,2530_base_branch_b30_periodic_interrupt_override.c,b30,periodic_interrupt_override,,synthetic_sequential_scan,small_L1,4096,1000000,static/trivial,n/a (synthetic baseline),branch_only
2531,2531_base_branch_b31_prime_period13.c,b31,prime_period13,,synthetic_sequential_scan,small_L1,4096,1000000,static/periodic,n/a (synthetic baseline),branch_only
2532,2532_base_branch_b32_emulated_2bit_saturating_counter.c,b32,emulated_2bit_saturating_counter,,synthetic_sequential_scan,small_L1,4096,1000000,value-dependent,n/a (synthetic baseline),branch_only
2533,2533_base_branch_b33_uniform_random_block_runs.c,b33,uniform_random_block_runs,,synthetic_sequential_scan,small_L1,4096,1000000,stochastic,n/a (synthetic baseline),branch_only
2534,2534_base_branch_b34_data_driven_countdown.c,b34,data_driven_countdown,,synthetic_sequential_scan,small_L1,4096,1000000,value-dependent,n/a (synthetic baseline),branch_only
2535,2535_base_branch_b35_xorshift_hash_mix.c,b35,xorshift_hash_mix,,synthetic_sequential_scan,small_L1,4096,1000000,stochastic,n/a (synthetic baseline),branch_only
2536,2536_base_branch_b36_traffic_light_fsm.c,b36,traffic_light_fsm,,synthetic_sequential_scan,small_L1,4096,1000000,mixed/other,n/a (synthetic baseline),branch_only
2537,2537_base_branch_b37_value_driven_unswitch_run.c,b37,value_driven_unswitch_run,,synthetic_sequential_scan,small_L1,4096,1000000,indirect-branch,n/a (synthetic baseline),branch_only
2538,2538_base_branch_b38_decaying_hazard_probability.c,b38,decaying_hazard_probability,,synthetic_sequential_scan,small_L1,4096,1000000,stochastic,n/a (synthetic baseline),branch_only
2539,2539_base_branch_b39_dual_lcg_xor_chaos.c,b39,dual_lcg_xor_chaos,,synthetic_sequential_scan,small_L1,4096,1000000,stochastic,n/a (synthetic baseline),branch_only
2540,2540_base_branch_b40_collatz_value_transform.c,b40,collatz_value_transform,,synthetic_sequential_scan,small_L1,4096,1000000,value-dependent,n/a (synthetic baseline),branch_only
2541,2541_base_branch_b41_markov_chain_3state.c,b41,markov_chain_3state,,synthetic_sequential_scan,small_L1,4096,1000000,history-correlated,n/a (synthetic baseline),branch_only
2542,2542_base_branch_b42_bit_reversal_index_data_mix.c,b42,bit_reversal_index_data_mix,,synthetic_sequential_scan,small_L1,4096,1000000,history-correlated,n/a (synthetic baseline),branch_only
2543,2543_base_branch_b43_moving_average_threshold.c,b43,moving_average_threshold,,synthetic_sequential_scan,small_L1,4096,1000000,value-dependent,n/a (synthetic baseline),branch_only
2544,2544_base_branch_b44_exception_then_recovery_burst.c,b44,exception_then_recovery_burst,,synthetic_sequential_scan,small_L1,4096,1000000,stochastic,n/a (synthetic baseline),branch_only
2545,2545_base_branch_b45_two_counters_race.c,b45,two_counters_race,,synthetic_sequential_scan,small_L1,4096,1000000,value-dependent,n/a (synthetic baseline),branch_only
2546,2546_base_branch_b46_lookup_table_driven.c,b46,lookup_table_driven,,synthetic_sequential_scan,small_L1,4096,1000000,stochastic,n/a (synthetic baseline),branch_only
2547,2547_base_branch_b47_mutual_ping_pong_recursion.c,b47,mutual_ping_pong_recursion,,synthetic_sequential_scan,small_L1,4096,1000000,control-flow/call-return,n/a (synthetic baseline),branch_only
2548,2548_base_branch_b48_variable_step_signed_countdown.c,b48,variable_step_signed_countdown,,synthetic_sequential_scan,small_L1,4096,1000000,value-dependent,n/a (synthetic baseline),branch_only
2549,2549_base_branch_b49_interleaved_two_pattern_multiplex.c,b49,interleaved_two_pattern_multiplex,,synthetic_sequential_scan,small_L1,4096,1000000,stochastic,n/a (synthetic baseline),branch_only
2550,2550_base_branch_b50_hysteresis_debounce.c,b50,hysteresis_debounce,,synthetic_sequential_scan,small_L1,4096,1000000,phase-changing/non-stationary,n/a (synthetic baseline),branch_only
2551,2551_base_cache_c01_sequential_unit_stride.c,,synthetic_always_taken,c01,sequential_unit_stride,small_L1,4096,1000000,n/a (synthetic baseline),compulsory+streaming (prefetch-friendly),cache_only
2552,2552_base_cache_c02_sequential_wraparound_large.c,,synthetic_always_taken,c02,sequential_wraparound_large,small_L1,4096,1000000,n/a (synthetic baseline),compulsory+streaming (prefetch-friendly),cache_only
2553,2553_base_cache_c03_fixed_stride_small.c,,synthetic_always_taken,c03,fixed_stride_small,small_L1,4096,1000000,n/a (synthetic baseline),compulsory+streaming (prefetch-friendly),cache_only
2554,2554_base_cache_c04_fixed_stride_large.c,,synthetic_always_taken,c04,fixed_stride_large,small_L1,4096,1000000,n/a (synthetic baseline),compulsory+streaming (prefetch-friendly),cache_only
2555,2555_base_cache_c05_random_small_working_set.c,,synthetic_always_taken,c05,random_small_working_set,small_L1,4096,1000000,n/a (synthetic baseline),temporal reuse (capacity-sensitive),cache_only
2556,2556_base_cache_c06_random_full_working_set.c,,synthetic_always_taken,c06,random_full_working_set,small_L1,4096,1000000,n/a (synthetic baseline),capacity (uniform random),cache_only
2557,2557_base_cache_c07_matrix_row_major.c,,synthetic_always_taken,c07,matrix_row_major,small_L1,4096,1000000,n/a (synthetic baseline),mixed spatial (traversal-order dependent),cache_only
2558,2558_base_cache_c08_matrix_col_major.c,,synthetic_always_taken,c08,matrix_col_major,small_L1,4096,1000000,n/a (synthetic baseline),mixed spatial (traversal-order dependent),cache_only
2559,2559_base_cache_c09_matrix_tiled_blocked.c,,synthetic_always_taken,c09,matrix_tiled_blocked,small_L1,4096,1000000,n/a (synthetic baseline),mixed spatial (traversal-order dependent),cache_only
2560,2560_base_cache_c10_pointer_chase_linked_list.c,,synthetic_always_taken,c10,pointer_chase_linked_list,small_L1,4096,1000000,n/a (synthetic baseline),"compulsory+latency-bound (dependent loads, no prefetch)",cache_only
2561,2561_base_cache_c11_sliding_window.c,,synthetic_always_taken,c11,sliding_window,small_L1,4096,1000000,n/a (synthetic baseline),mixed/unclassified,cache_only
2562,2562_base_cache_c12_prime_stride_anti_alias.c,,synthetic_always_taken,c12,prime_stride_anti_alias,small_L1,4096,1000000,n/a (synthetic baseline),compulsory+streaming (prefetch-friendly),cache_only
2563,2563_base_cache_c13_two_stream_interleaved.c,,synthetic_always_taken,c13,two_stream_interleaved,small_L1,4096,1000000,n/a (synthetic baseline),mixed/unclassified,cache_only
2564,2564_base_cache_c14_temporal_burst_reuse.c,,synthetic_always_taken,c14,temporal_burst_reuse,small_L1,4096,1000000,n/a (synthetic baseline),mixed/unclassified,cache_only
2565,2565_base_cache_c15_reverse_sequential.c,,synthetic_always_taken,c15,reverse_sequential,small_L1,4096,1000000,n/a (synthetic baseline),compulsory+streaming (prefetch-friendly),cache_only
2566,2566_base_cache_c16_block_sparse.c,,synthetic_always_taken,c16,block_sparse,small_L1,4096,1000000,n/a (synthetic baseline),mixed spatial (traversal-order dependent),cache_only
2567,2567_base_cache_c17_zipf_like_hot_buckets.c,,synthetic_always_taken,c17,zipf_like_hot_buckets,small_L1,4096,1000000,n/a (synthetic baseline),temporal reuse (skewed/hot-set),cache_only
2568,2568_base_cache_c18_producer_consumer_two_pointer.c,,synthetic_always_taken,c18,producer_consumer_two_pointer,small_L1,4096,1000000,n/a (synthetic baseline),mixed/unclassified,cache_only
2569,2569_base_cache_c19_matrix_diagonal_wavefront.c,,synthetic_always_taken,c19,matrix_diagonal_wavefront,small_L1,4096,1000000,n/a (synthetic baseline),mixed spatial (traversal-order dependent),cache_only
2570,2570_base_cache_c20_hot_cold_phase_alternation.c,,synthetic_always_taken,c20,hot_cold_phase_alternation,small_L1,4096,1000000,n/a (synthetic baseline),temporal reuse (skewed/hot-set),cache_only
2571,2571_base_cache_c21_pyramid_multiresolution_stride.c,,synthetic_always_taken,c21,pyramid_multiresolution_stride,small_L1,4096,1000000,n/a (synthetic baseline),compulsory+streaming (prefetch-friendly),cache_only
2572,2572_base_cache_c22_tensor_3d_slice_poor_locality.c,,synthetic_always_taken,c22,tensor_3d_slice_poor_locality,small_L1,4096,1000000,n/a (synthetic baseline),mixed/unclassified,cache_only
2573,2573_base_cache_c23_struct_of_array_field_burst.c,,synthetic_always_taken,c23,struct_of_array_field_burst,small_L1,4096,1000000,n/a (synthetic baseline),compulsory+streaming (prefetch-friendly),cache_only
2574,2574_base_cache_c24_banked_interleaved_access.c,,synthetic_always_taken,c24,banked_interleaved_access,small_L1,4096,1000000,n/a (synthetic baseline),compulsory+streaming (prefetch-friendly),cache_only
2575,2575_base_cache_c25_lru_recency_weighted_reuse.c,,synthetic_always_taken,c25,lru_recency_weighted_reuse,small_L1,4096,1000000,n/a (synthetic baseline),temporal reuse (capacity-sensitive),cache_only
2576,2576_base_cache_c26_geometric_stride_growth.c,,synthetic_always_taken,c26,geometric_stride_growth,small_L1,4096,1000000,n/a (synthetic baseline),compulsory+streaming (prefetch-friendly),cache_only
2577,2577_base_cache_c27_reduction_broadcast_pattern.c,,synthetic_always_taken,c27,reduction_broadcast_pattern,small_L1,4096,1000000,n/a (synthetic baseline),compulsory+streaming (prefetch-friendly),cache_only
2578,2578_base_cache_c28_morton_zorder_traversal.c,,synthetic_always_taken,c28,morton_zorder_traversal,small_L1,4096,1000000,n/a (synthetic baseline),mixed spatial (traversal-order dependent),cache_only
2579,2579_base_cache_c29_ping_pong_cache_thrash.c,,synthetic_always_taken,c29,ping_pong_cache_thrash,small_L1,4096,1000000,n/a (synthetic baseline),conflict/associativity,cache_only
2580,2580_base_cache_c30_gather_scatter_indirect_table.c,,synthetic_always_taken,c30,gather_scatter_indirect_table,small_L1,4096,1000000,n/a (synthetic baseline),capacity (uniform random),cache_only
2581,2581_base_cache_c31_fibonacci_stride.c,,synthetic_always_taken,c31,fibonacci_stride,small_L1,4096,1000000,n/a (synthetic baseline),compulsory+streaming (prefetch-friendly),cache_only
2582,2582_base_cache_c32_hilbert_curve_traversal.c,,synthetic_always_taken,c32,hilbert_curve_traversal,small_L1,4096,1000000,n/a (synthetic baseline),mixed spatial (traversal-order dependent),cache_only
2583,2583_base_cache_c33_cache_set_conflict_stress.c,,synthetic_always_taken,c33,cache_set_conflict_stress,small_L1,4096,1000000,n/a (synthetic baseline),conflict/associativity,cache_only
2584,2584_base_cache_c34_variable_length_burst_reuse.c,,synthetic_always_taken,c34,variable_length_burst_reuse,small_L1,4096,1000000,n/a (synthetic baseline),capacity (uniform random),cache_only
2585,2585_base_cache_c35_checkerboard_red_black.c,,synthetic_always_taken,c35,checkerboard_red_black,small_L1,4096,1000000,n/a (synthetic baseline),mixed spatial (traversal-order dependent),cache_only
2586,2586_base_cache_c36_im2col_overlapping_patch_gather.c,,synthetic_always_taken,c36,im2col_overlapping_patch_gather,small_L1,4096,1000000,n/a (synthetic baseline),compulsory+streaming (prefetch-friendly),cache_only
2587,2587_base_cache_c37_double_buffer_epoch_alternation.c,,synthetic_always_taken,c37,double_buffer_epoch_alternation,small_L1,4096,1000000,n/a (synthetic baseline),conflict+capacity (thrashing/alternation),cache_only
2588,2588_base_cache_c38_cuckoo_double_hash_probe.c,,synthetic_always_taken,c38,cuckoo_double_hash_probe,small_L1,4096,1000000,n/a (synthetic baseline),capacity+compulsory (indirect gather/scatter),cache_only
2589,2589_base_cache_c39_bounded_random_walk.c,,synthetic_always_taken,c39,bounded_random_walk,small_L1,4096,1000000,n/a (synthetic baseline),capacity (uniform random),cache_only
2590,2590_base_cache_c40_causal_attention_triangular.c,,synthetic_always_taken,c40,causal_attention_triangular,small_L1,4096,1000000,n/a (synthetic baseline),mixed/unclassified,cache_only
2591,2591_base_cache_c41_skip_list_multilevel_hop.c,,synthetic_always_taken,c41,skip_list_multilevel_hop,small_L1,4096,1000000,n/a (synthetic baseline),"compulsory+latency-bound (dependent loads, no prefetch)",cache_only
2592,2592_base_cache_c42_cache_oblivious_funnel_stride.c,,synthetic_always_taken,c42,cache_oblivious_funnel_stride,small_L1,4096,1000000,n/a (synthetic baseline),compulsory+streaming (prefetch-friendly),cache_only
2593,2593_base_cache_c43_whole_buffer_rotation.c,,synthetic_always_taken,c43,whole_buffer_rotation,small_L1,4096,1000000,n/a (synthetic baseline),mixed/unclassified,cache_only
2594,2594_base_cache_c44_naive_gemm_row_col_alternation.c,,synthetic_always_taken,c44,naive_gemm_row_col_alternation,small_L1,4096,1000000,n/a (synthetic baseline),compulsory+streaming (prefetch-friendly),cache_only
2595,2595_base_cache_c45_read_hot_write_cold_split.c,,synthetic_always_taken,c45,read_hot_write_cold_split,small_L1,4096,1000000,n/a (synthetic baseline),temporal reuse (skewed/hot-set),cache_only
2596,2596_base_cache_c46_cantor_gap_sparse.c,,synthetic_always_taken,c46,cantor_gap_sparse,small_L1,4096,1000000,n/a (synthetic baseline),"compulsory (sparse, low reuse)",cache_only
2597,2597_base_cache_c47_false_sharing_line_cycle.c,,synthetic_always_taken,c47,false_sharing_line_cycle,small_L1,4096,1000000,n/a (synthetic baseline),conflict/associativity,cache_only
2598,2598_base_cache_c48_exponential_backoff_probe.c,,synthetic_always_taken,c48,exponential_backoff_probe,small_L1,4096,1000000,n/a (synthetic baseline),capacity (uniform random),cache_only
2599,2599_base_cache_c49_binary_heap_parent_child.c,,synthetic_always_taken,c49,binary_heap_parent_child,small_L1,4096,1000000,n/a (synthetic baseline),capacity (uniform random),cache_only
2600,2600_base_cache_c50_streaming_with_periodic_flush.c,,synthetic_always_taken,c50,streaming_with_periodic_flush,small_L1,4096,1000000,n/a (synthetic baseline),compulsory+streaming (prefetch-friendly),cache_only
