run_dir,program,backend,cpu_type,bp_type_raw,l1d_size,l1i_size,l2_size,n_override,stats_available,instructions_total,cycles_total,branches_total,branch_misses_total,dcache_accesses,dcache_misses,icache_accesses,icache_misses,l2_accesses,l2_misses,sim_seconds,observed_ipc,observed_cpi,observed_branch_miss_rate,observed_cache_miss_rate,observed_icache_miss_rate,unmatched_metrics
001_b01_always_taken__c01_sequential_unit_stride,001_b01_always_taken__c01_sequential_unit_stride,gem5,AtomicSimpleCPU,default (CPU model's built-in predictor; GEM5_BP_TYPE not set),32kB,32kB,256kB,20000,1,366496.0,463379.0,0.0,0.0,120793.0,1358.0,463305.0,454.0,1813.0,1763.0,0.000232,0.7909,1.2643,0.0,0.011242,0.00098,branches_total;branch_misses_total
002_b01_always_taken__c02_sequential_wraparound_large,002_b01_always_taken__c02_sequential_wraparound_large,gem5,AtomicSimpleCPU,default (CPU model's built-in predictor; GEM5_BP_TYPE not set),32kB,32kB,256kB,20000,1,366750.0,463665.0,0.0,0.0,120892.0,1350.0,463591.0,454.0,1805.0,1754.0,0.000232,0.791,1.2643,0.0,0.011167,0.000979,branches_total;branch_misses_total
003_b01_always_taken__c03_fixed_stride_small,003_b01_always_taken__c03_fixed_stride_small,gem5,AtomicSimpleCPU,default (CPU model's built-in predictor; GEM5_BP_TYPE not set),32kB,32kB,256kB,20000,1,370292.0,467147.0,0.0,0.0,120728.0,1358.0,467073.0,475.0,1834.0,1783.0,0.000234,0.7927,1.2616,0.0,0.011248,0.001017,branches_total;branch_misses_total
004_b01_always_taken__c04_fixed_stride_large,004_b01_always_taken__c04_fixed_stride_large,gem5,AtomicSimpleCPU,default (CPU model's built-in predictor; GEM5_BP_TYPE not set),32kB,32kB,256kB,20000,1,370293.0,433149.0,0.0,0.0,120728.0,1358.0,433075.0,468.0,1827.0,1777.0,0.000217,0.8549,1.1697,0.0,0.011248,0.001081,branches_total;branch_misses_total
005_b01_always_taken__c05_random_small_working_set,005_b01_always_taken__c05_random_small_working_set,gem5,AtomicSimpleCPU,default (CPU model's built-in predictor; GEM5_BP_TYPE not set),32kB,32kB,256kB,20000,1,414586.0,541196.0,0.0,0.0,120822.0,1357.0,541122.0,464.0,1822.0,1771.0,0.000271,0.7661,1.3054,0.0,0.011231,0.000857,branches_total;branch_misses_total
006_b01_always_taken__c06_random_full_working_set,006_b01_always_taken__c06_random_full_working_set,gem5,AtomicSimpleCPU,default (CPU model's built-in predictor; GEM5_BP_TYPE not set),32kB,32kB,256kB,20000,1,414524.0,541126.0,0.0,0.0,120819.0,1353.0,541052.0,464.0,1818.0,1767.0,0.000271,0.766,1.3054,0.0,0.011199,0.000858,branches_total;branch_misses_total
007_b01_always_taken__c07_matrix_row_major,007_b01_always_taken__c07_matrix_row_major,gem5,AtomicSimpleCPU,default (CPU model's built-in predictor; GEM5_BP_TYPE not set),32kB,32kB,256kB,20000,1,458503.0,615411.0,0.0,0.0,120681.0,1359.0,615337.0,476.0,1836.0,1785.0,0.000308,0.745,1.3422,0.0,0.011261,0.000774,branches_total;branch_misses_total
008_b01_always_taken__c08_matrix_col_major,008_b01_always_taken__c08_matrix_col_major,gem5,AtomicSimpleCPU,default (CPU model's built-in predictor; GEM5_BP_TYPE not set),32kB,32kB,256kB,20000,1,458503.0,561406.0,0.0,0.0,120681.0,1359.0,561332.0,476.0,1836.0,1785.0,0.000281,0.8167,1.2244,0.0,0.011261,0.000848,branches_total;branch_misses_total
009_b01_always_taken__c09_matrix_tiled_blocked,009_b01_always_taken__c09_matrix_tiled_blocked,gem5,AtomicSimpleCPU,default (CPU model's built-in predictor; GEM5_BP_TYPE not set),32kB,32kB,256kB,20000,1,702738.0,843680.0,0.0,0.0,120744.0,1348.0,843606.0,458.0,1807.0,1759.0,0.000422,0.8329,1.2006,0.0,0.011164,0.000543,branches_total;branch_misses_total
010_b01_always_taken__c10_pointer_chase_linked_list,010_b01_always_taken__c10_pointer_chase_linked_list,gem5,AtomicSimpleCPU,default (CPU model's built-in predictor; GEM5_BP_TYPE not set),32kB,32kB,256kB,20000,1,454397.0,557582.0,0.0,0.0,163402.0,2094.0,557508.0,463.0,2558.0,2026.0,0.000279,0.8149,1.2271,0.0,0.012815,0.00083,branches_total;branch_misses_total
011_b02_always_not_taken__c01_sequential_unit_stride,011_b02_always_not_taken__c01_sequential_unit_stride,gem5,AtomicSimpleCPU,default (CPU model's built-in predictor; GEM5_BP_TYPE not set),32kB,32kB,256kB,20000,1,388767.0,483687.0,0.0,0.0,120871.0,1358.0,483613.0,454.0,1813.0,1763.0,0.000242,0.8038,1.2442,0.0,0.011235,0.000939,branches_total;branch_misses_total
012_b02_always_not_taken__c02_sequential_wraparound_large,012_b02_always_not_taken__c02_sequential_wraparound_large,gem5,AtomicSimpleCPU,default (CPU model's built-in predictor; GEM5_BP_TYPE not set),32kB,32kB,256kB,20000,1,389052.0,484025.0,0.0,0.0,120961.0,1349.0,483949.0,456.0,1806.0,1757.0,0.000242,0.8038,1.2441,0.0,0.011152,0.000942,branches_total;branch_misses_total
013_b02_always_not_taken__c03_fixed_stride_small,013_b02_always_not_taken__c03_fixed_stride_small,gem5,AtomicSimpleCPU,default (CPU model's built-in predictor; GEM5_BP_TYPE not set),32kB,32kB,256kB,20000,1,392588.0,487494.0,0.0,0.0,120823.0,1352.0,487420.0,478.0,1831.0,1779.0,0.000244,0.8053,1.2417,0.0,0.01119,0.000981,branches_total;branch_misses_total
014_b02_always_not_taken__c04_fixed_stride_large,014_b02_always_not_taken__c04_fixed_stride_large,gem5,AtomicSimpleCPU,default (CPU model's built-in predictor; GEM5_BP_TYPE not set),32kB,32kB,256kB,20000,1,392576.0,453470.0,0.0,0.0,120820.0,1352.0,453396.0,468.0,1821.0,1770.0,0.000227,0.8657,1.1551,0.0,0.01119,0.001032,branches_total;branch_misses_total
015_b02_always_not_taken__c05_random_small_working_set,015_b02_always_not_taken__c05_random_small_working_set,gem5,AtomicSimpleCPU,default (CPU model's built-in predictor; GEM5_BP_TYPE not set),32kB,32kB,256kB,20000,1,436877.0,563531.0,0.0,0.0,120901.0,1357.0,563457.0,464.0,1822.0,1772.0,0.000282,0.7752,1.2899,0.0,0.011224,0.000823,branches_total;branch_misses_total
016_b02_always_not_taken__c06_random_full_working_set,016_b02_always_not_taken__c06_random_full_working_set,gem5,AtomicSimpleCPU,default (CPU model's built-in predictor; GEM5_BP_TYPE not set),32kB,32kB,256kB,20000,1,436802.0,563443.0,0.0,0.0,120880.0,1358.0,563369.0,464.0,1823.0,1772.0,0.000282,0.7752,1.2899,0.0,0.011234,0.000824,branches_total;branch_misses_total
017_b02_always_not_taken__c07_matrix_row_major,017_b02_always_not_taken__c07_matrix_row_major,gem5,AtomicSimpleCPU,default (CPU model's built-in predictor; GEM5_BP_TYPE not set),32kB,32kB,256kB,20000,1,480787.0,617734.0,0.0,0.0,120774.0,1356.0,617660.0,476.0,1833.0,1783.0,0.000309,0.7783,1.2848,0.0,0.011228,0.000771,branches_total;branch_misses_total
018_b02_always_not_taken__c08_matrix_col_major,018_b02_always_not_taken__c08_matrix_col_major,gem5,AtomicSimpleCPU,default (CPU model's built-in predictor; GEM5_BP_TYPE not set),32kB,32kB,256kB,20000,1,480787.0,581729.0,0.0,0.0,120774.0,1356.0,581655.0,476.0,1833.0,1783.0,0.000291,0.8265,1.21,0.0,0.011228,0.000818,branches_total;branch_misses_total
019_b02_always_not_taken__c09_matrix_tiled_blocked,019_b02_always_not_taken__c09_matrix_tiled_blocked,gem5,AtomicSimpleCPU,default (CPU model's built-in predictor; GEM5_BP_TYPE not set),32kB,32kB,256kB,20000,1,725010.0,865989.0,0.0,0.0,120822.0,1348.0,865915.0,458.0,1807.0,1759.0,0.000433,0.8372,1.1945,0.0,0.011157,0.000529,branches_total;branch_misses_total
020_b02_always_not_taken__c10_pointer_chase_linked_list,020_b02_always_not_taken__c10_pointer_chase_linked_list,gem5,AtomicSimpleCPU,default (CPU model's built-in predictor; GEM5_BP_TYPE not set),32kB,32kB,256kB,20000,1,476688.0,557917.0,0.0,0.0,163477.0,2103.0,557843.0,463.0,2567.0,2035.0,0.000279,0.8544,1.1704,0.0,0.012864,0.00083,branches_total;branch_misses_total
021_b03_alternating__c01_sequential_unit_stride,021_b03_alternating__c01_sequential_unit_stride,gem5,AtomicSimpleCPU,default (CPU model's built-in predictor; GEM5_BP_TYPE not set),32kB,32kB,256kB,20000,1,474519.0,530218.0,0.0,0.0,120777.0,1367.0,530144.0,470.0,1838.0,1790.0,0.000265,0.895,1.1174,0.0,0.011318,0.000887,branches_total;branch_misses_total
022_b03_alternating__c02_sequential_wraparound_large,022_b03_alternating__c02_sequential_wraparound_large,gem5,AtomicSimpleCPU,default (CPU model's built-in predictor; GEM5_BP_TYPE not set),32kB,32kB,256kB,20000,1,474766.0,530496.0,0.0,0.0,120858.0,1352.0,530422.0,470.0,1823.0,1777.0,0.000265,0.8949,1.1174,0.0,0.011187,0.000886,branches_total;branch_misses_total
023_b03_alternating__c03_fixed_stride_small,023_b03_alternating__c03_fixed_stride_small,gem5,AtomicSimpleCPU,default (CPU model's built-in predictor; GEM5_BP_TYPE not set),32kB,32kB,256kB,20000,1,500320.0,686003.0,0.0,0.0,120709.0,1352.0,685929.0,462.0,1815.0,1768.0,0.000343,0.7293,1.3711,0.0,0.0112,0.000674,branches_total;branch_misses_total
024_b03_alternating__c04_fixed_stride_large,024_b03_alternating__c04_fixed_stride_large,gem5,AtomicSimpleCPU,default (CPU model's built-in predictor; GEM5_BP_TYPE not set),32kB,32kB,256kB,20000,1,500308.0,674991.0,0.0,0.0,120707.0,1352.0,674917.0,455.0,1808.0,1761.0,0.000337,0.7412,1.3492,0.0,0.011201,0.000674,branches_total;branch_misses_total
025_b03_alternating__c05_random_small_working_set,025_b03_alternating__c05_random_small_working_set,gem5,AtomicSimpleCPU,default (CPU model's built-in predictor; GEM5_BP_TYPE not set),32kB,32kB,256kB,20000,1,489615.0,664321.0,0.0,0.0,120801.0,1364.0,664247.0,466.0,1831.0,1784.0,0.000332,0.737,1.3568,0.0,0.011291,0.000702,branches_total;branch_misses_total
026_b03_alternating__c06_random_full_working_set,026_b03_alternating__c06_random_full_working_set,gem5,AtomicSimpleCPU,default (CPU model's built-in predictor; GEM5_BP_TYPE not set),32kB,32kB,256kB,20000,1,489553.0,664251.0,0.0,0.0,120798.0,1358.0,664177.0,466.0,1825.0,1778.0,0.000332,0.737,1.3569,0.0,0.011242,0.000702,branches_total;branch_misses_total
027_b03_alternating__c07_matrix_row_major,027_b03_alternating__c07_matrix_row_major,gem5,AtomicSimpleCPU,default (CPU model's built-in predictor; GEM5_BP_TYPE not set),32kB,32kB,256kB,20000,1,544534.0,622258.0,0.0,0.0,120679.0,1365.0,622184.0,462.0,1828.0,1780.0,0.000311,0.8751,1.1427,0.0,0.011311,0.000743,branches_total;branch_misses_total
028_b03_alternating__c08_matrix_col_major,028_b03_alternating__c08_matrix_col_major,gem5,AtomicSimpleCPU,default (CPU model's built-in predictor; GEM5_BP_TYPE not set),32kB,32kB,256kB,20000,1,544534.0,622258.0,0.0,0.0,120679.0,1365.0,622184.0,462.0,1828.0,1780.0,0.000311,0.8751,1.1427,0.0,0.011311,0.000743,branches_total;branch_misses_total
029_b03_alternating__c09_matrix_tiled_blocked,029_b03_alternating__c09_matrix_tiled_blocked,gem5,AtomicSimpleCPU,default (CPU model's built-in predictor; GEM5_BP_TYPE not set),32kB,32kB,256kB,20000,1,786764.0,1104533.0,0.0,0.0,120751.0,1367.0,1104459.0,474.0,1842.0,1794.0,0.000552,0.7123,1.4039,0.0,0.011321,0.000429,branches_total;branch_misses_total
030_b03_alternating__c10_pointer_chase_linked_list,030_b03_alternating__c10_pointer_chase_linked_list,gem5,AtomicSimpleCPU,default (CPU model's built-in predictor; GEM5_BP_TYPE not set),32kB,32kB,256kB,20000,1,518406.0,694478.0,0.0,0.0,163377.0,2115.0,694404.0,476.0,2592.0,2041.0,0.000347,0.7465,1.3396,0.0,0.012946,0.000685,branches_total;branch_misses_total
031_b04_periodic3__c01_sequential_unit_stride,031_b04_periodic3__c01_sequential_unit_stride,gem5,AtomicSimpleCPU,default (CPU model's built-in predictor; GEM5_BP_TYPE not set),32kB,32kB,256kB,20000,1,447077.0,585771.0,0.0,0.0,120757.0,1361.0,585697.0,474.0,1836.0,1786.0,0.000293,0.7632,1.3102,0.0,0.011271,0.000809,branches_total;branch_misses_total
032_b04_periodic3__c02_sequential_wraparound_large,032_b04_periodic3__c02_sequential_wraparound_large,gem5,AtomicSimpleCPU,default (CPU model's built-in predictor; GEM5_BP_TYPE not set),32kB,32kB,256kB,20000,1,447330.0,586056.0,0.0,0.0,120828.0,1367.0,585982.0,474.0,1842.0,1792.0,0.000293,0.7633,1.3101,0.0,0.011314,0.000809,branches_total;branch_misses_total
033_b04_periodic3__c03_fixed_stride_small,033_b04_periodic3__c03_fixed_stride_small,gem5,AtomicSimpleCPU,default (CPU model's built-in predictor; GEM5_BP_TYPE not set),32kB,32kB,256kB,20000,1,470882.0,628217.0,0.0,0.0,120676.0,1365.0,628143.0,464.0,1830.0,1782.0,0.000314,0.7496,1.3341,0.0,0.011311,0.000739,branches_total;branch_misses_total
034_b04_periodic3__c04_fixed_stride_large,034_b04_periodic3__c04_fixed_stride_large,gem5,AtomicSimpleCPU,default (CPU model's built-in predictor; GEM5_BP_TYPE not set),32kB,32kB,256kB,20000,1,470882.0,638217.0,0.0,0.0,120675.0,1352.0,638143.0,462.0,1815.0,1768.0,0.000319,0.7378,1.3554,0.0,0.011204,0.000724,branches_total;branch_misses_total
035_b04_periodic3__c05_random_small_working_set,035_b04_periodic3__c05_random_small_working_set,gem5,AtomicSimpleCPU,default (CPU model's built-in predictor; GEM5_BP_TYPE not set),32kB,32kB,256kB,20000,1,493180.0,670548.0,0.0,0.0,120773.0,1363.0,670474.0,473.0,1837.0,1790.0,0.000335,0.7355,1.3596,0.0,0.011286,0.000705,branches_total;branch_misses_total
036_b04_periodic3__c06_random_full_working_set,036_b04_periodic3__c06_random_full_working_set,gem5,AtomicSimpleCPU,default (CPU model's built-in predictor; GEM5_BP_TYPE not set),32kB,32kB,256kB,20000,1,493118.0,670478.0,0.0,0.0,120768.0,1357.0,670404.0,473.0,1831.0,1784.0,0.000335,0.7355,1.3597,0.0,0.011236,0.000706,branches_total;branch_misses_total
037_b04_periodic3__c07_matrix_row_major,037_b04_periodic3__c07_matrix_row_major,gem5,AtomicSimpleCPU,default (CPU model's built-in predictor; GEM5_BP_TYPE not set),32kB,32kB,256kB,20000,1,537094.0,601805.0,0.0,0.0,120644.0,1366.0,601731.0,456.0,1823.0,1775.0,0.000301,0.8925,1.1205,0.0,0.011323,0.000758,branches_total;branch_misses_total
038_b04_periodic3__c08_matrix_col_major,038_b04_periodic3__c08_matrix_col_major,gem5,AtomicSimpleCPU,default (CPU model's built-in predictor; GEM5_BP_TYPE not set),32kB,32kB,256kB,20000,1,537094.0,601805.0,0.0,0.0,120644.0,1366.0,601731.0,456.0,1823.0,1775.0,0.000301,0.8925,1.1205,0.0,0.011323,0.000758,branches_total;branch_misses_total
039_b04_periodic3__c09_matrix_tiled_blocked,039_b04_periodic3__c09_matrix_tiled_blocked,gem5,AtomicSimpleCPU,default (CPU model's built-in predictor; GEM5_BP_TYPE not set),32kB,32kB,256kB,20000,1,779319.0,916724.0,0.0,0.0,120715.0,1365.0,916650.0,468.0,1834.0,1786.0,0.000458,0.8501,1.1763,0.0,0.011308,0.000511,branches_total;branch_misses_total
040_b04_periodic3__c10_pointer_chase_linked_list,040_b04_periodic3__c10_pointer_chase_linked_list,gem5,AtomicSimpleCPU,default (CPU model's built-in predictor; GEM5_BP_TYPE not set),32kB,32kB,256kB,20000,1,591640.0,710131.0,0.0,0.0,163345.0,2144.0,710057.0,480.0,2625.0,2044.0,0.000355,0.8331,1.2003,0.0,0.013126,0.000676,branches_total;branch_misses_total
041_b05_periodic8_biased__c01_sequential_unit_stride,041_b05_periodic8_biased__c01_sequential_unit_stride,gem5,AtomicSimpleCPU,default (CPU model's built-in predictor; GEM5_BP_TYPE not set),32kB,32kB,256kB,20000,1,449258.0,515246.0,0.0,0.0,120854.0,1352.0,515172.0,470.0,1823.0,1777.0,0.000258,0.8719,1.1469,0.0,0.011187,0.000912,branches_total;branch_misses_total
042_b05_periodic8_biased__c02_sequential_wraparound_large,042_b05_periodic8_biased__c02_sequential_wraparound_large,gem5,AtomicSimpleCPU,default (CPU model's built-in predictor; GEM5_BP_TYPE not set),32kB,32kB,256kB,20000,1,449532.0,515560.0,0.0,0.0,120963.0,1358.0,515484.0,470.0,1829.0,1782.0,0.000258,0.8719,1.1469,0.0,0.011227,0.000912,branches_total;branch_misses_total
043_b05_periodic8_biased__c03_fixed_stride_small,043_b05_periodic8_biased__c03_fixed_stride_small,gem5,AtomicSimpleCPU,default (CPU model's built-in predictor; GEM5_BP_TYPE not set),32kB,32kB,256kB,20000,1,473067.0,537780.0,0.0,0.0,120808.0,1359.0,537706.0,461.0,1821.0,1773.0,0.000269,0.8797,1.1368,0.0,0.011249,0.000857,branches_total;branch_misses_total
044_b05_periodic8_biased__c04_fixed_stride_large,044_b05_periodic8_biased__c04_fixed_stride_large,gem5,AtomicSimpleCPU,default (CPU model's built-in predictor; GEM5_BP_TYPE not set),32kB,32kB,256kB,20000,1,473067.0,548534.0,0.0,0.0,120808.0,1359.0,548460.0,454.0,1814.0,1766.0,0.000274,0.8624,1.1595,0.0,0.011249,0.000828,branches_total;branch_misses_total
045_b05_periodic8_biased__c05_random_small_working_set,045_b05_periodic8_biased__c05_random_small_working_set,gem5,AtomicSimpleCPU,default (CPU model's built-in predictor; GEM5_BP_TYPE not set),32kB,32kB,256kB,20000,1,495373.0,560123.0,0.0,0.0,120889.0,1351.0,560049.0,471.0,1823.0,1776.0,0.00028,0.8844,1.1307,0.0,0.011176,0.000841,branches_total;branch_misses_total
046_b05_periodic8_biased__c06_random_full_working_set,046_b05_periodic8_biased__c06_random_full_working_set,gem5,AtomicSimpleCPU,default (CPU model's built-in predictor; GEM5_BP_TYPE not set),32kB,32kB,256kB,20000,1,495298.0,560035.0,0.0,0.0,120866.0,1365.0,559961.0,471.0,1837.0,1790.0,0.00028,0.8844,1.1307,0.0,0.011293,0.000841,branches_total;branch_misses_total
047_b05_periodic8_biased__c07_matrix_row_major,047_b05_periodic8_biased__c07_matrix_row_major,gem5,AtomicSimpleCPU,default (CPU model's built-in predictor; GEM5_BP_TYPE not set),32kB,32kB,256kB,20000,1,539294.0,738060.0,0.0,0.0,120763.0,1353.0,737986.0,452.0,1806.0,1758.0,0.000369,0.7307,1.3686,0.0,0.011204,0.000612,branches_total;branch_misses_total
048_b05_periodic8_biased__c08_matrix_col_major,048_b05_periodic8_biased__c08_matrix_col_major,gem5,AtomicSimpleCPU,default (CPU model's built-in predictor; GEM5_BP_TYPE not set),32kB,32kB,256kB,20000,1,539294.0,738060.0,0.0,0.0,120763.0,1353.0,737986.0,452.0,1806.0,1758.0,0.000369,0.7307,1.3686,0.0,0.011204,0.000612,branches_total;branch_misses_total
049_b05_periodic8_biased__c09_matrix_tiled_blocked,049_b05_periodic8_biased__c09_matrix_tiled_blocked,gem5,AtomicSimpleCPU,default (CPU model's built-in predictor; GEM5_BP_TYPE not set),32kB,32kB,256kB,20000,1,781505.0,1113786.0,0.0,0.0,120830.0,1353.0,1113712.0,467.0,1821.0,1774.0,0.000557,0.7017,1.4252,0.0,0.011198,0.000419,branches_total;branch_misses_total
050_b05_periodic8_biased__c10_pointer_chase_linked_list,050_b05_periodic8_biased__c10_pointer_chase_linked_list,gem5,AtomicSimpleCPU,default (CPU model's built-in predictor; GEM5_BP_TYPE not set),32kB,32kB,256kB,20000,1,526908.0,697620.0,0.0,0.0,163461.0,2136.0,697546.0,461.0,2598.0,2015.0,0.000349,0.7553,1.324,0.0,0.013067,0.000661,branches_total;branch_misses_total
051_b06_pseudo_random_50__c01_sequential_unit_stride,051_b06_pseudo_random_50__c01_sequential_unit_stride,gem5,AtomicSimpleCPU,default (CPU model's built-in predictor; GEM5_BP_TYPE not set),32kB,32kB,256kB,20000,1,496664.0,635448.0,0.0,0.0,120859.0,1364.0,635374.0,471.0,1836.0,1788.0,0.000318,0.7816,1.2794,0.0,0.011286,0.000741,branches_total;branch_misses_total
052_b06_pseudo_random_50__c02_sequential_wraparound_large,052_b06_pseudo_random_50__c02_sequential_wraparound_large,gem5,AtomicSimpleCPU,default (CPU model's built-in predictor; GEM5_BP_TYPE not set),32kB,32kB,256kB,20000,1,496938.0,635762.0,0.0,0.0,120973.0,1354.0,635686.0,471.0,1826.0,1778.0,0.000318,0.7816,1.2794,0.0,0.011193,0.000741,branches_total;branch_misses_total
053_b06_pseudo_random_50__c03_fixed_stride_small,053_b06_pseudo_random_50__c03_fixed_stride_small,gem5,AtomicSimpleCPU,default (CPU model's built-in predictor; GEM5_BP_TYPE not set),32kB,32kB,256kB,20000,1,500470.0,652190.0,0.0,0.0,120786.0,1353.0,652116.0,472.0,1826.0,1779.0,0.000326,0.7674,1.3032,0.0,0.011202,0.000724,branches_total;branch_misses_total
054_b06_pseudo_random_50__c04_fixed_stride_large,054_b06_pseudo_random_50__c04_fixed_stride_large,gem5,AtomicSimpleCPU,default (CPU model's built-in predictor; GEM5_BP_TYPE not set),32kB,32kB,256kB,20000,1,500469.0,663135.0,0.0,0.0,120786.0,1353.0,663061.0,465.0,1819.0,1772.0,0.000332,0.7547,1.325,0.0,0.011202,0.000701,branches_total;branch_misses_total
055_b06_pseudo_random_50__c05_random_small_working_set,055_b06_pseudo_random_50__c05_random_small_working_set,gem5,AtomicSimpleCPU,default (CPU model's built-in predictor; GEM5_BP_TYPE not set),32kB,32kB,256kB,20000,1,544765.0,676520.0,0.0,0.0,120904.0,1360.0,676446.0,450.0,1811.0,1763.0,0.000338,0.8052,1.2419,0.0,0.011249,0.000665,branches_total;branch_misses_total
056_b06_pseudo_random_50__c06_random_full_working_set,056_b06_pseudo_random_50__c06_random_full_working_set,gem5,AtomicSimpleCPU,default (CPU model's built-in predictor; GEM5_BP_TYPE not set),32kB,32kB,256kB,20000,1,544690.0,676432.0,0.0,0.0,120867.0,1354.0,676358.0,450.0,1805.0,1757.0,0.000338,0.8052,1.2419,0.0,0.011202,0.000665,branches_total;branch_misses_total
057_b06_pseudo_random_50__c07_matrix_row_major,057_b06_pseudo_random_50__c07_matrix_row_major,gem5,AtomicSimpleCPU,default (CPU model's built-in predictor; GEM5_BP_TYPE not set),32kB,32kB,256kB,20000,1,588684.0,653453.0,0.0,0.0,120759.0,1365.0,653379.0,466.0,1832.0,1785.0,0.000327,0.9009,1.11,0.0,0.011304,0.000713,branches_total;branch_misses_total
058_b06_pseudo_random_50__c08_matrix_col_major,058_b06_pseudo_random_50__c08_matrix_col_major,gem5,AtomicSimpleCPU,default (CPU model's built-in predictor; GEM5_BP_TYPE not set),32kB,32kB,256kB,20000,1,588683.0,663389.0,0.0,0.0,120759.0,1365.0,663315.0,466.0,1832.0,1785.0,0.000332,0.8874,1.1269,0.0,0.011304,0.000703,branches_total;branch_misses_total
059_b06_pseudo_random_50__c09_matrix_tiled_blocked,059_b06_pseudo_random_50__c09_matrix_tiled_blocked,gem5,AtomicSimpleCPU,default (CPU model's built-in predictor; GEM5_BP_TYPE not set),32kB,32kB,256kB,20000,1,830902.0,971638.0,0.0,0.0,120860.0,1360.0,971564.0,475.0,1836.0,1788.0,0.000486,0.8552,1.1694,0.0,0.011253,0.000489,branches_total;branch_misses_total
060_b06_pseudo_random_50__c10_pointer_chase_linked_list,060_b06_pseudo_random_50__c10_pointer_chase_linked_list,gem5,AtomicSimpleCPU,default (CPU model's built-in predictor; GEM5_BP_TYPE not set),32kB,32kB,256kB,20000,1,573615.0,765836.0,0.0,0.0,163462.0,2148.0,765762.0,470.0,2619.0,2037.0,0.000383,0.749,1.3351,0.0,0.013141,0.000614,branches_total;branch_misses_total
061_b07_nested_dependent__c01_sequential_unit_stride,061_b07_nested_dependent__c01_sequential_unit_stride,gem5,AtomicSimpleCPU,default (CPU model's built-in predictor; GEM5_BP_TYPE not set),32kB,32kB,256kB,20000,1,531787.0,630516.0,0.0,0.0,120874.0,1359.0,630442.0,455.0,1815.0,1767.0,0.000315,0.8434,1.1857,0.0,0.011243,0.000722,branches_total;branch_misses_total
062_b07_nested_dependent__c02_sequential_wraparound_large,062_b07_nested_dependent__c02_sequential_wraparound_large,gem5,AtomicSimpleCPU,default (CPU model's built-in predictor; GEM5_BP_TYPE not set),32kB,32kB,256kB,20000,1,532061.0,630830.0,0.0,0.0,120960.0,1357.0,630754.0,455.0,1813.0,1765.0,0.000315,0.8434,1.1856,0.0,0.011219,0.000721,branches_total;branch_misses_total
063_b07_nested_dependent__c03_fixed_stride_small,063_b07_nested_dependent__c03_fixed_stride_small,gem5,AtomicSimpleCPU,default (CPU model's built-in predictor; GEM5_BP_TYPE not set),32kB,32kB,256kB,20000,1,555583.0,655281.0,0.0,0.0,120805.0,1358.0,655207.0,476.0,1835.0,1786.0,0.000328,0.8479,1.1794,0.0,0.011241,0.000726,branches_total;branch_misses_total
064_b07_nested_dependent__c04_fixed_stride_large,064_b07_nested_dependent__c04_fixed_stride_large,gem5,AtomicSimpleCPU,default (CPU model's built-in predictor; GEM5_BP_TYPE not set),32kB,32kB,256kB,20000,1,555595.0,658302.0,0.0,0.0,120807.0,1358.0,658228.0,477.0,1836.0,1787.0,0.000329,0.844,1.1849,0.0,0.011241,0.000725,branches_total;branch_misses_total
065_b07_nested_dependent__c05_random_small_working_set,065_b07_nested_dependent__c05_random_small_working_set,gem5,AtomicSimpleCPU,default (CPU model's built-in predictor; GEM5_BP_TYPE not set),32kB,32kB,256kB,20000,1,577901.0,655636.0,0.0,0.0,120908.0,1359.0,655562.0,450.0,1810.0,1762.0,0.000328,0.8814,1.1345,0.0,0.01124,0.000686,branches_total;branch_misses_total
066_b07_nested_dependent__c06_random_full_working_set,066_b07_nested_dependent__c06_random_full_working_set,gem5,AtomicSimpleCPU,default (CPU model's built-in predictor; GEM5_BP_TYPE not set),32kB,32kB,256kB,20000,1,577826.0,655548.0,0.0,0.0,120869.0,1353.0,655474.0,450.0,1804.0,1756.0,0.000328,0.8814,1.1345,0.0,0.011194,0.000687,branches_total;branch_misses_total
067_b07_nested_dependent__c07_matrix_row_major,067_b07_nested_dependent__c07_matrix_row_major,gem5,AtomicSimpleCPU,default (CPU model's built-in predictor; GEM5_BP_TYPE not set),32kB,32kB,256kB,20000,1,621809.0,810635.0,0.0,0.0,120778.0,1359.0,810561.0,466.0,1826.0,1779.0,0.000405,0.7671,1.3037,0.0,0.011252,0.000575,branches_total;branch_misses_total
068_b07_nested_dependent__c08_matrix_col_major,068_b07_nested_dependent__c08_matrix_col_major,gem5,AtomicSimpleCPU,default (CPU model's built-in predictor; GEM5_BP_TYPE not set),32kB,32kB,256kB,20000,1,621809.0,810635.0,0.0,0.0,120778.0,1359.0,810561.0,466.0,1826.0,1779.0,0.000405,0.7671,1.3037,0.0,0.011252,0.000575,branches_total;branch_misses_total
069_b07_nested_dependent__c09_matrix_tiled_blocked,069_b07_nested_dependent__c09_matrix_tiled_blocked,gem5,AtomicSimpleCPU,default (CPU model's built-in predictor; GEM5_BP_TYPE not set),32kB,32kB,256kB,20000,1,886030.0,1129885.0,0.0,0.0,120847.0,1357.0,1129811.0,478.0,1836.0,1787.0,0.000565,0.7842,1.2752,0.0,0.011229,0.000423,branches_total;branch_misses_total
070_b07_nested_dependent__c10_pointer_chase_linked_list,070_b07_nested_dependent__c10_pointer_chase_linked_list,gem5,AtomicSimpleCPU,default (CPU model's built-in predictor; GEM5_BP_TYPE not set),32kB,32kB,256kB,20000,1,617686.0,839896.0,0.0,0.0,163463.0,2137.0,839822.0,461.0,2599.0,2016.0,0.00042,0.7354,1.3597,0.0,0.013073,0.000549,branches_total;branch_misses_total
071_b08_switch_multiway__c01_sequential_unit_stride,071_b08_switch_multiway__c01_sequential_unit_stride,gem5,AtomicSimpleCPU,default (CPU model's built-in predictor; GEM5_BP_TYPE not set),32kB,32kB,256kB,20000,1,525110.0,671830.0,0.0,0.0,120840.0,1367.0,671756.0,473.0,1841.0,1794.0,0.000336,0.7816,1.2794,0.0,0.011312,0.000704,branches_total;branch_misses_total
072_b08_switch_multiway__c02_sequential_wraparound_large,072_b08_switch_multiway__c02_sequential_wraparound_large,gem5,AtomicSimpleCPU,default (CPU model's built-in predictor; GEM5_BP_TYPE not set),32kB,32kB,256kB,20000,1,525377.0,672134.0,0.0,0.0,120928.0,1353.0,672060.0,473.0,1827.0,1780.0,0.000336,0.7817,1.2793,0.0,0.011188,0.000704,branches_total;branch_misses_total
073_b08_switch_multiway__c03_fixed_stride_small,073_b08_switch_multiway__c03_fixed_stride_small,gem5,AtomicSimpleCPU,default (CPU model's built-in predictor; GEM5_BP_TYPE not set),32kB,32kB,256kB,20000,1,548919.0,723216.0,0.0,0.0,120775.0,1354.0,723142.0,463.0,1818.0,1770.0,0.000362,0.759,1.3175,0.0,0.011211,0.00064,branches_total;branch_misses_total
074_b08_switch_multiway__c04_fixed_stride_large,074_b08_switch_multiway__c04_fixed_stride_large,gem5,AtomicSimpleCPU,default (CPU model's built-in predictor; GEM5_BP_TYPE not set),32kB,32kB,256kB,20000,1,548919.0,717214.0,0.0,0.0,120775.0,1354.0,717140.0,457.0,1812.0,1764.0,0.000359,0.7653,1.3066,0.0,0.011211,0.000637,branches_total;branch_misses_total
075_b08_switch_multiway__c05_random_small_working_set,075_b08_switch_multiway__c05_random_small_working_set,gem5,AtomicSimpleCPU,default (CPU model's built-in predictor; GEM5_BP_TYPE not set),32kB,32kB,256kB,20000,1,579212.0,691551.0,0.0,0.0,120867.0,1351.0,691477.0,473.0,1825.0,1778.0,0.000346,0.8376,1.194,0.0,0.011178,0.000684,branches_total;branch_misses_total
076_b08_switch_multiway__c06_random_full_working_set,076_b08_switch_multiway__c06_random_full_working_set,gem5,AtomicSimpleCPU,default (CPU model's built-in predictor; GEM5_BP_TYPE not set),32kB,32kB,256kB,20000,1,579143.0,691473.0,0.0,0.0,120864.0,1358.0,691399.0,473.0,1832.0,1785.0,0.000346,0.8375,1.194,0.0,0.011236,0.000684,branches_total;branch_misses_total
077_b08_switch_multiway__c07_matrix_row_major,077_b08_switch_multiway__c07_matrix_row_major,gem5,AtomicSimpleCPU,default (CPU model's built-in predictor; GEM5_BP_TYPE not set),32kB,32kB,256kB,20000,1,615128.0,717130.0,0.0,0.0,120740.0,1353.0,717056.0,452.0,1806.0,1758.0,0.000359,0.8578,1.1658,0.0,0.011206,0.00063,branches_total;branch_misses_total
078_b08_switch_multiway__c08_matrix_col_major,078_b08_switch_multiway__c08_matrix_col_major,gem5,AtomicSimpleCPU,default (CPU model's built-in predictor; GEM5_BP_TYPE not set),32kB,32kB,256kB,20000,1,615128.0,717130.0,0.0,0.0,120740.0,1353.0,717056.0,452.0,1806.0,1758.0,0.000359,0.8578,1.1658,0.0,0.011206,0.00063,branches_total;branch_misses_total
079_b08_switch_multiway__c09_matrix_tiled_blocked,079_b08_switch_multiway__c09_matrix_tiled_blocked,gem5,AtomicSimpleCPU,default (CPU model's built-in predictor; GEM5_BP_TYPE not set),32kB,32kB,256kB,20000,1,865355.0,1047394.0,0.0,0.0,120816.0,1366.0,1047320.0,468.0,1835.0,1788.0,0.000524,0.8262,1.2104,0.0,0.011306,0.000447,branches_total;branch_misses_total
080_b08_switch_multiway__c10_pointer_chase_linked_list,080_b08_switch_multiway__c10_pointer_chase_linked_list,gem5,AtomicSimpleCPU,default (CPU model's built-in predictor; GEM5_BP_TYPE not set),32kB,32kB,256kB,20000,1,685826.0,872242.0,0.0,0.0,163448.0,2147.0,872168.0,465.0,2613.0,2032.0,0.000436,0.7863,1.2718,0.0,0.013136,0.000533,branches_total;branch_misses_total
081_b09_recursive_calls__c01_sequential_unit_stride,081_b09_recursive_calls__c01_sequential_unit_stride,gem5,AtomicSimpleCPU,default (CPU model's built-in predictor; GEM5_BP_TYPE not set),32kB,32kB,256kB,20000,1,1103722.0,1495450.0,0.0,0.0,120842.0,1354.0,1495376.0,472.0,1827.0,1780.0,0.000748,0.7381,1.3549,0.0,0.011205,0.000316,branches_total;branch_misses_total
082_b09_recursive_calls__c02_sequential_wraparound_large,082_b09_recursive_calls__c02_sequential_wraparound_large,gem5,AtomicSimpleCPU,default (CPU model's built-in predictor; GEM5_BP_TYPE not set),32kB,32kB,256kB,20000,1,1103989.0,1495754.0,0.0,0.0,120947.0,1358.0,1495680.0,472.0,1831.0,1784.0,0.000748,0.7381,1.3549,0.0,0.011228,0.000316,branches_total;branch_misses_total
083_b09_recursive_calls__c03_fixed_stride_small,083_b09_recursive_calls__c03_fixed_stride_small,gem5,AtomicSimpleCPU,default (CPU model's built-in predictor; GEM5_BP_TYPE not set),32kB,32kB,256kB,20000,1,1138373.0,1549182.0,0.0,0.0,120806.0,1359.0,1549108.0,462.0,1822.0,1774.0,0.000775,0.7348,1.3609,0.0,0.011249,0.000298,branches_total;branch_misses_total
084_b09_recursive_calls__c04_fixed_stride_large,084_b09_recursive_calls__c04_fixed_stride_large,gem5,AtomicSimpleCPU,default (CPU model's built-in predictor; GEM5_BP_TYPE not set),32kB,32kB,256kB,20000,1,1138565.0,1528793.0,0.0,0.0,120806.0,1359.0,1528719.0,456.0,1816.0,1768.0,0.000764,0.7447,1.3427,0.0,0.011249,0.000298,branches_total;branch_misses_total
085_b09_recursive_calls__c05_random_small_working_set,085_b09_recursive_calls__c05_random_small_working_set,gem5,AtomicSimpleCPU,default (CPU model's built-in predictor; GEM5_BP_TYPE not set),32kB,32kB,256kB,20000,1,1149823.0,1653556.0,0.0,0.0,120873.0,1351.0,1653482.0,472.0,1824.0,1777.0,0.000827,0.6954,1.4381,0.0,0.011177,0.000285,branches_total;branch_misses_total
086_b09_recursive_calls__c06_random_full_working_set,086_b09_recursive_calls__c06_random_full_working_set,gem5,AtomicSimpleCPU,default (CPU model's built-in predictor; GEM5_BP_TYPE not set),32kB,32kB,256kB,20000,1,1149754.0,1653478.0,0.0,0.0,120852.0,1364.0,1653404.0,472.0,1837.0,1790.0,0.000827,0.6954,1.4381,0.0,0.011287,0.000285,branches_total;branch_misses_total
087_b09_recursive_calls__c07_matrix_row_major,087_b09_recursive_calls__c07_matrix_row_major,gem5,AtomicSimpleCPU,default (CPU model's built-in predictor; GEM5_BP_TYPE not set),32kB,32kB,256kB,20000,1,1193740.0,1743541.0,0.0,0.0,120746.0,1353.0,1743467.0,457.0,1811.0,1762.0,0.000872,0.6847,1.4606,0.0,0.011205,0.000262,branches_total;branch_misses_total
088_b09_recursive_calls__c08_matrix_col_major,088_b09_recursive_calls__c08_matrix_col_major,gem5,AtomicSimpleCPU,default (CPU model's built-in predictor; GEM5_BP_TYPE not set),32kB,32kB,256kB,20000,1,1193776.0,1312613.0,0.0,0.0,120744.0,1353.0,1312539.0,457.0,1811.0,1762.0,0.000656,0.9095,1.0995,0.0,0.011206,0.000348,branches_total;branch_misses_total
089_b09_recursive_calls__c09_matrix_tiled_blocked,089_b09_recursive_calls__c09_matrix_tiled_blocked,gem5,AtomicSimpleCPU,default (CPU model's built-in predictor; GEM5_BP_TYPE not set),32kB,32kB,256kB,20000,1,1457974.0,2071812.0,0.0,0.0,120837.0,1359.0,2071738.0,466.0,1826.0,1777.0,0.001036,0.7037,1.421,0.0,0.011247,0.000225,branches_total;branch_misses_total
090_b09_recursive_calls__c10_pointer_chase_linked_list,090_b09_recursive_calls__c10_pointer_chase_linked_list,gem5,AtomicSimpleCPU,default (CPU model's built-in predictor; GEM5_BP_TYPE not set),32kB,32kB,256kB,20000,1,1156604.0,1532805.0,0.0,0.0,163446.0,2148.0,1532731.0,470.0,2619.0,2037.0,0.000766,0.7546,1.3253,0.0,0.013142,0.000307,branches_total;branch_misses_total
091_b10_correlated_history__c01_sequential_unit_stride,091_b10_correlated_history__c01_sequential_unit_stride,gem5,AtomicSimpleCPU,default (CPU model's built-in predictor; GEM5_BP_TYPE not set),32kB,32kB,256kB,20000,1,540916.0,657679.0,0.0,0.0,142902.0,1352.0,657605.0,475.0,1828.0,1779.0,0.000329,0.8225,1.2159,0.0,0.009461,0.000722,branches_total;branch_misses_total
092_b10_correlated_history__c02_sequential_wraparound_large,092_b10_correlated_history__c02_sequential_wraparound_large,gem5,AtomicSimpleCPU,default (CPU model's built-in predictor; GEM5_BP_TYPE not set),32kB,32kB,256kB,20000,1,541170.0,657967.0,0.0,0.0,143015.0,1354.0,657891.0,475.0,1830.0,1781.0,0.000329,0.8225,1.2158,0.0,0.009468,0.000722,branches_total;branch_misses_total
093_b10_correlated_history__c03_fixed_stride_small,093_b10_correlated_history__c03_fixed_stride_small,gem5,AtomicSimpleCPU,default (CPU model's built-in predictor; GEM5_BP_TYPE not set),32kB,32kB,256kB,20000,1,544702.0,664435.0,0.0,0.0,142829.0,1354.0,664361.0,465.0,1820.0,1773.0,0.000332,0.8198,1.2198,0.0,0.00948,0.0007,branches_total;branch_misses_total
094_b10_correlated_history__c04_fixed_stride_large,094_b10_correlated_history__c04_fixed_stride_large,gem5,AtomicSimpleCPU,default (CPU model's built-in predictor; GEM5_BP_TYPE not set),32kB,32kB,256kB,20000,1,544691.0,675419.0,0.0,0.0,142827.0,1354.0,675345.0,471.0,1826.0,1778.0,0.000338,0.8064,1.24,0.0,0.00948,0.000697,branches_total;branch_misses_total
095_b10_correlated_history__c05_random_small_working_set,095_b10_correlated_history__c05_random_small_working_set,gem5,AtomicSimpleCPU,default (CPU model's built-in predictor; GEM5_BP_TYPE not set),32kB,32kB,256kB,20000,1,589006.0,712785.0,0.0,0.0,142933.0,1351.0,712711.0,477.0,1829.0,1780.0,0.000356,0.8263,1.2101,0.0,0.009452,0.000669,branches_total;branch_misses_total
096_b10_correlated_history__c06_random_full_working_set,096_b10_correlated_history__c06_random_full_working_set,gem5,AtomicSimpleCPU,default (CPU model's built-in predictor; GEM5_BP_TYPE not set),32kB,32kB,256kB,20000,1,588944.0,712715.0,0.0,0.0,142910.0,1366.0,712641.0,477.0,1844.0,1795.0,0.000356,0.8263,1.2102,0.0,0.009558,0.000669,branches_total;branch_misses_total
097_b10_correlated_history__c07_matrix_row_major,097_b10_correlated_history__c07_matrix_row_major,gem5,AtomicSimpleCPU,default (CPU model's built-in predictor; GEM5_BP_TYPE not set),32kB,32kB,256kB,20000,1,632921.0,839703.0,0.0,0.0,142815.0,1358.0,839629.0,474.0,1833.0,1785.0,0.00042,0.7537,1.3267,0.0,0.009509,0.000565,branches_total;branch_misses_total
098_b10_correlated_history__c08_matrix_col_major,098_b10_correlated_history__c08_matrix_col_major,gem5,AtomicSimpleCPU,default (CPU model's built-in predictor; GEM5_BP_TYPE not set),32kB,32kB,256kB,20000,1,632921.0,839703.0,0.0,0.0,142815.0,1358.0,839629.0,474.0,1833.0,1785.0,0.00042,0.7537,1.3267,0.0,0.009509,0.000565,branches_total;branch_misses_total
099_b10_correlated_history__c09_matrix_tiled_blocked,099_b10_correlated_history__c09_matrix_tiled_blocked,gem5,AtomicSimpleCPU,default (CPU model's built-in predictor; GEM5_BP_TYPE not set),32kB,32kB,256kB,20000,1,875141.0,1249016.0,0.0,0.0,142874.0,1355.0,1248942.0,474.0,1830.0,1781.0,0.000625,0.7007,1.4272,0.0,0.009484,0.00038,branches_total;branch_misses_total
100_b10_correlated_history__c10_pointer_chase_linked_list,100_b10_correlated_history__c10_pointer_chase_linked_list,gem5,AtomicSimpleCPU,default (CPU model's built-in predictor; GEM5_BP_TYPE not set),32kB,32kB,256kB,20000,1,617799.0,775030.0,0.0,0.0,185507.0,2316.0,774954.0,483.0,2800.0,2053.0,0.000388,0.7971,1.2545,0.0,0.012485,0.000623,branches_total;branch_misses_total
101_b11_value_dependent_threshold__c11_sliding_window,101_b11_value_dependent_threshold__c11_sliding_window,gem5,AtomicSimpleCPU,default (CPU model's built-in predictor; GEM5_BP_TYPE not set),32kB,32kB,256kB,20000,1,542788.0,704522.0,0.0,0.0,120866.0,1352.0,704448.0,449.0,1802.0,1755.0,0.000352,0.7704,1.298,0.0,0.011186,0.000637,branches_total;branch_misses_total
102_b11_value_dependent_threshold__c12_prime_stride_anti_alias,102_b11_value_dependent_threshold__c12_prime_stride_anti_alias,gem5,AtomicSimpleCPU,default (CPU model's built-in predictor; GEM5_BP_TYPE not set),32kB,32kB,256kB,20000,1,457291.0,545100.0,0.0,0.0,121043.0,1358.0,545024.0,461.0,1820.0,1772.0,0.000273,0.8389,1.192,0.0,0.011219,0.000846,branches_total;branch_misses_total
103_b11_value_dependent_threshold__c13_two_stream_interleaved,103_b11_value_dependent_threshold__c13_two_stream_interleaved,gem5,AtomicSimpleCPU,default (CPU model's built-in predictor; GEM5_BP_TYPE not set),32kB,32kB,256kB,20000,1,543212.0,619018.0,0.0,0.0,121021.0,1358.0,618942.0,461.0,1820.0,1772.0,0.00031,0.8775,1.1396,0.0,0.011221,0.000745,branches_total;branch_misses_total
104_b11_value_dependent_threshold__c14_temporal_burst_reuse,104_b11_value_dependent_threshold__c14_temporal_burst_reuse,gem5,AtomicSimpleCPU,default (CPU model's built-in predictor; GEM5_BP_TYPE not set),32kB,32kB,256kB,20000,1,501169.0,664928.0,0.0,0.0,120971.0,1352.0,664852.0,449.0,1802.0,1755.0,0.000332,0.7537,1.3268,0.0,0.011176,0.000675,branches_total;branch_misses_total
105_b11_value_dependent_threshold__c15_reverse_sequential,105_b11_value_dependent_threshold__c15_reverse_sequential,gem5,AtomicSimpleCPU,default (CPU model's built-in predictor; GEM5_BP_TYPE not set),32kB,32kB,256kB,20000,1,459052.0,590841.0,0.0,0.0,120965.0,1358.0,590765.0,472.0,1831.0,1784.0,0.000295,0.7769,1.2871,0.0,0.011226,0.000799,branches_total;branch_misses_total
106_b11_value_dependent_threshold__c16_block_sparse,106_b11_value_dependent_threshold__c16_block_sparse,gem5,AtomicSimpleCPU,default (CPU model's built-in predictor; GEM5_BP_TYPE not set),32kB,32kB,256kB,20000,1,554123.0,737684.0,0.0,0.0,120859.0,1359.0,737610.0,455.0,1815.0,1766.0,0.000369,0.7512,1.3313,0.0,0.011245,0.000617,branches_total;branch_misses_total
107_b11_value_dependent_threshold__c17_zipf_like_hot_buckets,107_b11_value_dependent_threshold__c17_zipf_like_hot_buckets,gem5,AtomicSimpleCPU,default (CPU model's built-in predictor; GEM5_BP_TYPE not set),32kB,32kB,256kB,20000,1,593489.0,749283.0,0.0,0.0,121006.0,1358.0,749207.0,477.0,1836.0,1787.0,0.000375,0.7921,1.2625,0.0,0.011223,0.000637,branches_total;branch_misses_total
108_b11_value_dependent_threshold__c18_producer_consumer_two_pointer,108_b11_value_dependent_threshold__c18_producer_consumer_two_pointer,gem5,AtomicSimpleCPU,default (CPU model's built-in predictor; GEM5_BP_TYPE not set),32kB,32kB,256kB,20000,1,600568.0,686408.0,0.0,0.0,121155.0,1368.0,686332.0,470.0,1839.0,1792.0,0.000343,0.8749,1.1429,0.0,0.011291,0.000685,branches_total;branch_misses_total
109_b11_value_dependent_threshold__c19_matrix_diagonal_wavefront,109_b11_value_dependent_threshold__c19_matrix_diagonal_wavefront,gem5,AtomicSimpleCPU,default (CPU model's built-in predictor; GEM5_BP_TYPE not set),32kB,32kB,256kB,20000,1,721658.0,920599.0,0.0,0.0,121115.0,1358.0,920523.0,474.0,1833.0,1786.0,0.00046,0.7839,1.2757,0.0,0.011212,0.000515,branches_total;branch_misses_total
110_b11_value_dependent_threshold__c20_hot_cold_phase_alternation,110_b11_value_dependent_threshold__c20_hot_cold_phase_alternation,gem5,AtomicSimpleCPU,default (CPU model's built-in predictor; GEM5_BP_TYPE not set),32kB,32kB,256kB,20000,1,547432.0,627248.0,0.0,0.0,121076.0,1366.0,627172.0,467.0,1834.0,1786.0,0.000314,0.8728,1.1458,0.0,0.011282,0.000745,branches_total;branch_misses_total
111_b12_doubling_run_lengths__c11_sliding_window,111_b12_doubling_run_lengths__c11_sliding_window,gem5,AtomicSimpleCPU,default (CPU model's built-in predictor; GEM5_BP_TYPE not set),32kB,32kB,256kB,20000,1,587041.0,755794.0,0.0,0.0,120808.0,1360.0,755720.0,467.0,1827.0,1774.0,0.000378,0.7767,1.2875,0.0,0.011258,0.000618,branches_total;branch_misses_total
112_b12_doubling_run_lengths__c12_prime_stride_anti_alias,112_b12_doubling_run_lengths__c12_prime_stride_anti_alias,gem5,AtomicSimpleCPU,default (CPU model's built-in predictor; GEM5_BP_TYPE not set),32kB,32kB,256kB,20000,1,501554.0,590386.0,0.0,0.0,120958.0,1368.0,590310.0,477.0,1845.0,1790.0,0.000295,0.8495,1.1771,0.0,0.01131,0.000808,branches_total;branch_misses_total
113_b12_doubling_run_lengths__c13_two_stream_interleaved,113_b12_doubling_run_lengths__c13_two_stream_interleaved,gem5,AtomicSimpleCPU,default (CPU model's built-in predictor; GEM5_BP_TYPE not set),32kB,32kB,256kB,20000,1,587457.0,780944.0,0.0,0.0,120947.0,1360.0,780870.0,463.0,1823.0,1769.0,0.00039,0.7522,1.3294,0.0,0.011245,0.000593,branches_total;branch_misses_total
114_b12_doubling_run_lengths__c14_temporal_burst_reuse,114_b12_doubling_run_lengths__c14_temporal_burst_reuse,gem5,AtomicSimpleCPU,default (CPU model's built-in predictor; GEM5_BP_TYPE not set),32kB,32kB,256kB,20000,1,545408.0,697567.0,0.0,0.0,120900.0,1367.0,697493.0,467.0,1834.0,1781.0,0.000349,0.7819,1.279,0.0,0.011307,0.00067,branches_total;branch_misses_total
115_b12_doubling_run_lengths__c15_reverse_sequential,115_b12_doubling_run_lengths__c15_reverse_sequential,gem5,AtomicSimpleCPU,default (CPU model's built-in predictor; GEM5_BP_TYPE not set),32kB,32kB,256kB,20000,1,503285.0,609432.0,0.0,0.0,120884.0,1360.0,609358.0,450.0,1810.0,1756.0,0.000305,0.8258,1.2109,0.0,0.01125,0.000738,branches_total;branch_misses_total
116_b12_doubling_run_lengths__c16_block_sparse,116_b12_doubling_run_lengths__c16_block_sparse,gem5,AtomicSimpleCPU,default (CPU model's built-in predictor; GEM5_BP_TYPE not set),32kB,32kB,256kB,20000,1,598042.0,816489.0,0.0,0.0,120786.0,1362.0,816415.0,470.0,1832.0,1777.0,0.000408,0.7325,1.3653,0.0,0.011276,0.000576,branches_total;branch_misses_total
117_b12_doubling_run_lengths__c17_zipf_like_hot_buckets,117_b12_doubling_run_lengths__c17_zipf_like_hot_buckets,gem5,AtomicSimpleCPU,default (CPU model's built-in predictor; GEM5_BP_TYPE not set),32kB,32kB,256kB,20000,1,646828.0,948951.0,0.0,0.0,120926.0,1356.0,948877.0,479.0,1835.0,1782.0,0.000474,0.6816,1.4671,0.0,0.011213,0.000505,branches_total;branch_misses_total
118_b12_doubling_run_lengths__c18_producer_consumer_two_pointer,118_b12_doubling_run_lengths__c18_producer_consumer_two_pointer,gem5,AtomicSimpleCPU,default (CPU model's built-in predictor; GEM5_BP_TYPE not set),32kB,32kB,256kB,20000,1,644868.0,818413.0,0.0,0.0,121062.0,1359.0,818337.0,464.0,1823.0,1769.0,0.000409,0.7879,1.2691,0.0,0.011226,0.000567,branches_total;branch_misses_total
119_b12_doubling_run_lengths__c19_matrix_diagonal_wavefront,119_b12_doubling_run_lengths__c19_matrix_diagonal_wavefront,gem5,AtomicSimpleCPU,default (CPU model's built-in predictor; GEM5_BP_TYPE not set),32kB,32kB,256kB,20000,1,774106.0,958984.0,0.0,0.0,121009.0,1354.0,958908.0,455.0,1809.0,1757.0,0.000479,0.8072,1.2388,0.0,0.011189,0.000474,branches_total;branch_misses_total
120_b12_doubling_run_lengths__c20_hot_cold_phase_alternation,120_b12_doubling_run_lengths__c20_hot_cold_phase_alternation,gem5,AtomicSimpleCPU,default (CPU model's built-in predictor; GEM5_BP_TYPE not set),32kB,32kB,256kB,20000,1,651687.0,776531.0,0.0,0.0,121039.0,1371.0,776455.0,465.0,1836.0,1782.0,0.000388,0.8392,1.1916,0.0,0.011327,0.000599,branches_total;branch_misses_total
121_b13_single_phase_change__c11_sliding_window,121_b13_single_phase_change__c11_sliding_window,gem5,AtomicSimpleCPU,default (CPU model's built-in predictor; GEM5_BP_TYPE not set),32kB,32kB,256kB,20000,1,506490.0,657179.0,0.0,0.0,120768.0,1366.0,657105.0,462.0,1829.0,1780.0,0.000329,0.7707,1.2975,0.0,0.011311,0.000703,branches_total;branch_misses_total
122_b13_single_phase_change__c12_prime_stride_anti_alias,122_b13_single_phase_change__c12_prime_stride_anti_alias,gem5,AtomicSimpleCPU,default (CPU model's built-in predictor; GEM5_BP_TYPE not set),32kB,32kB,256kB,20000,1,440999.0,533767.0,0.0,0.0,120934.0,1352.0,533693.0,464.0,1817.0,1771.0,0.000267,0.8262,1.2104,0.0,0.01118,0.000869,branches_total;branch_misses_total
123_b13_single_phase_change__c13_two_stream_interleaved,123_b13_single_phase_change__c13_two_stream_interleaved,gem5,AtomicSimpleCPU,default (CPU model's built-in predictor; GEM5_BP_TYPE not set),32kB,32kB,256kB,20000,1,506909.0,591660.0,0.0,0.0,120906.0,1366.0,591586.0,464.0,1831.0,1783.0,0.000296,0.8568,1.1672,0.0,0.011298,0.000784,branches_total;branch_misses_total
124_b13_single_phase_change__c14_temporal_burst_reuse,124_b13_single_phase_change__c14_temporal_burst_reuse,gem5,AtomicSimpleCPU,default (CPU model's built-in predictor; GEM5_BP_TYPE not set),32kB,32kB,256kB,20000,1,464806.0,613538.0,0.0,0.0,120870.0,1353.0,613464.0,461.0,1815.0,1768.0,0.000307,0.7576,1.32,0.0,0.011194,0.000751,branches_total;branch_misses_total
125_b13_single_phase_change__c15_reverse_sequential,125_b13_single_phase_change__c15_reverse_sequential,gem5,AtomicSimpleCPU,default (CPU model's built-in predictor; GEM5_BP_TYPE not set),32kB,32kB,256kB,20000,1,422734.0,531460.0,0.0,0.0,120847.0,1368.0,531386.0,469.0,1838.0,1788.0,0.000266,0.7954,1.2572,0.0,0.01132,0.000883,branches_total;branch_misses_total
126_b13_single_phase_change__c16_block_sparse,126_b13_single_phase_change__c16_block_sparse,gem5,AtomicSimpleCPU,default (CPU model's built-in predictor; GEM5_BP_TYPE not set),32kB,32kB,256kB,20000,1,517492.0,686687.0,0.0,0.0,120743.0,1353.0,686613.0,456.0,1810.0,1763.0,0.000343,0.7536,1.327,0.0,0.011206,0.000664,branches_total;branch_misses_total
127_b13_single_phase_change__c17_zipf_like_hot_buckets,127_b13_single_phase_change__c17_zipf_like_hot_buckets,gem5,AtomicSimpleCPU,default (CPU model's built-in predictor; GEM5_BP_TYPE not set),32kB,32kB,256kB,20000,1,557349.0,710113.0,0.0,0.0,120911.0,1357.0,710039.0,468.0,1826.0,1777.0,0.000355,0.7849,1.2741,0.0,0.011223,0.000659,branches_total;branch_misses_total
128_b13_single_phase_change__c18_producer_consumer_two_pointer,128_b13_single_phase_change__c18_producer_consumer_two_pointer,gem5,AtomicSimpleCPU,default (CPU model's built-in predictor; GEM5_BP_TYPE not set),32kB,32kB,256kB,20000,1,561285.0,691076.0,0.0,0.0,121057.0,1353.0,691000.0,472.0,1826.0,1779.0,0.000346,0.8122,1.2312,0.0,0.011177,0.000683,branches_total;branch_misses_total
129_b13_single_phase_change__c19_matrix_diagonal_wavefront,129_b13_single_phase_change__c19_matrix_diagonal_wavefront,gem5,AtomicSimpleCPU,default (CPU model's built-in predictor; GEM5_BP_TYPE not set),32kB,32kB,256kB,20000,1,685450.0,884354.0,0.0,0.0,121001.0,1354.0,884278.0,472.0,1827.0,1779.0,0.000442,0.7751,1.2902,0.0,0.01119,0.000534,branches_total;branch_misses_total
130_b13_single_phase_change__c20_hot_cold_phase_alternation,130_b13_single_phase_change__c20_hot_cold_phase_alternation,gem5,AtomicSimpleCPU,default (CPU model's built-in predictor; GEM5_BP_TYPE not set),32kB,32kB,256kB,20000,1,511139.0,599925.0,0.0,0.0,120995.0,1358.0,599849.0,466.0,1825.0,1776.0,0.0003,0.852,1.1737,0.0,0.011224,0.000777,branches_total;branch_misses_total
131_b14_four_way_skewed__c11_sliding_window,131_b14_four_way_skewed__c11_sliding_window,gem5,AtomicSimpleCPU,default (CPU model's built-in predictor; GEM5_BP_TYPE not set),32kB,32kB,256kB,20000,1,564257.0,652514.0,0.0,0.0,120695.0,1366.0,652440.0,467.0,1834.0,1785.0,0.000326,0.8647,1.1564,0.0,0.011318,0.000716,branches_total;branch_misses_total
132_b14_four_way_skewed__c12_prime_stride_anti_alias,132_b14_four_way_skewed__c12_prime_stride_anti_alias,gem5,AtomicSimpleCPU,default (CPU model's built-in predictor; GEM5_BP_TYPE not set),32kB,32kB,256kB,20000,1,478756.0,573597.0,0.0,0.0,120868.0,1361.0,573523.0,474.0,1836.0,1787.0,0.000287,0.8347,1.1981,0.0,0.01126,0.000826,branches_total;branch_misses_total
133_b14_four_way_skewed__c13_two_stream_interleaved,133_b14_four_way_skewed__c13_two_stream_interleaved,gem5,AtomicSimpleCPU,default (CPU model's built-in predictor; GEM5_BP_TYPE not set),32kB,32kB,256kB,20000,1,564670.0,753464.0,0.0,0.0,120831.0,1353.0,753390.0,475.0,1829.0,1781.0,0.000377,0.7494,1.3343,0.0,0.011197,0.00063,branches_total;branch_misses_total
134_b14_four_way_skewed__c14_temporal_burst_reuse,134_b14_four_way_skewed__c14_temporal_burst_reuse,gem5,AtomicSimpleCPU,default (CPU model's built-in predictor; GEM5_BP_TYPE not set),32kB,32kB,256kB,20000,1,522579.0,610892.0,0.0,0.0,120799.0,1353.0,610818.0,466.0,1820.0,1773.0,0.000305,0.8554,1.169,0.0,0.0112,0.000763,branches_total;branch_misses_total
135_b14_four_way_skewed__c15_reverse_sequential,135_b14_four_way_skewed__c15_reverse_sequential,gem5,AtomicSimpleCPU,default (CPU model's built-in predictor; GEM5_BP_TYPE not set),32kB,32kB,256kB,20000,1,480514.0,608804.0,0.0,0.0,120771.0,1353.0,608730.0,448.0,1802.0,1755.0,0.000304,0.7893,1.267,0.0,0.011203,0.000736,branches_total;branch_misses_total
136_b14_four_way_skewed__c16_block_sparse,136_b14_four_way_skewed__c16_block_sparse,gem5,AtomicSimpleCPU,default (CPU model's built-in predictor; GEM5_BP_TYPE not set),32kB,32kB,256kB,20000,1,575262.0,669062.0,0.0,0.0,120689.0,1361.0,668988.0,464.0,1826.0,1779.0,0.000335,0.8598,1.1631,0.0,0.011277,0.000694,branches_total;branch_misses_total
137_b14_four_way_skewed__c17_zipf_like_hot_buckets,137_b14_four_way_skewed__c17_zipf_like_hot_buckets,gem5,AtomicSimpleCPU,default (CPU model's built-in predictor; GEM5_BP_TYPE not set),32kB,32kB,256kB,20000,1,615102.0,721373.0,0.0,0.0,120830.0,1358.0,721299.0,472.0,1831.0,1783.0,0.000361,0.8527,1.1728,0.0,0.011239,0.000654,branches_total;branch_misses_total
138_b14_four_way_skewed__c18_producer_consumer_two_pointer,138_b14_four_way_skewed__c18_producer_consumer_two_pointer,gem5,AtomicSimpleCPU,default (CPU model's built-in predictor; GEM5_BP_TYPE not set),32kB,32kB,256kB,20000,1,622050.0,774874.0,0.0,0.0,120984.0,1364.0,774798.0,465.0,1830.0,1783.0,0.000387,0.8028,1.2457,0.0,0.011274,0.0006,branches_total;branch_misses_total
139_b14_four_way_skewed__c19_matrix_diagonal_wavefront,139_b14_four_way_skewed__c19_matrix_diagonal_wavefront,gem5,AtomicSimpleCPU,default (CPU model's built-in predictor; GEM5_BP_TYPE not set),32kB,32kB,256kB,20000,1,743223.0,915714.0,0.0,0.0,120916.0,1350.0,915640.0,470.0,1821.0,1773.0,0.000458,0.8116,1.2321,0.0,0.011165,0.000513,branches_total;branch_misses_total
140_b14_four_way_skewed__c20_hot_cold_phase_alternation,140_b14_four_way_skewed__c20_hot_cold_phase_alternation,gem5,AtomicSimpleCPU,default (CPU model's built-in predictor; GEM5_BP_TYPE not set),32kB,32kB,256kB,20000,1,568912.0,721269.0,0.0,0.0,120904.0,1354.0,721195.0,472.0,1827.0,1780.0,0.000361,0.7888,1.2678,0.0,0.011199,0.000654,branches_total;branch_misses_total
141_b15_manual_unroll4_sparse__c11_sliding_window,141_b15_manual_unroll4_sparse__c11_sliding_window,gem5,AtomicSimpleCPU,default (CPU model's built-in predictor; GEM5_BP_TYPE not set),32kB,32kB,256kB,20000,1,542586.0,726300.0,0.0,0.0,120800.0,1365.0,726226.0,449.0,1815.0,1766.0,0.000363,0.7471,1.3386,0.0,0.0113,0.000618,branches_total;branch_misses_total
142_b15_manual_unroll4_sparse__c12_prime_stride_anti_alias,142_b15_manual_unroll4_sparse__c12_prime_stride_anti_alias,gem5,AtomicSimpleCPU,default (CPU model's built-in predictor; GEM5_BP_TYPE not set),32kB,32kB,256kB,20000,1,479104.0,642895.0,0.0,0.0,120983.0,1360.0,642819.0,462.0,1823.0,1775.0,0.000321,0.7452,1.3419,0.0,0.011241,0.000719,branches_total;branch_misses_total
143_b15_manual_unroll4_sparse__c13_two_stream_interleaved,143_b15_manual_unroll4_sparse__c13_two_stream_interleaved,gem5,AtomicSimpleCPU,default (CPU model's built-in predictor; GEM5_BP_TYPE not set),32kB,32kB,256kB,20000,1,543016.0,636792.0,0.0,0.0,120940.0,1351.0,636716.0,462.0,1814.0,1767.0,0.000318,0.8527,1.1727,0.0,0.011171,0.000726,branches_total;branch_misses_total
144_b15_manual_unroll4_sparse__c14_temporal_burst_reuse,144_b15_manual_unroll4_sparse__c14_temporal_burst_reuse,gem5,AtomicSimpleCPU,default (CPU model's built-in predictor; GEM5_BP_TYPE not set),32kB,32kB,256kB,20000,1,500917.0,686679.0,0.0,0.0,120905.0,1352.0,686605.0,449.0,1802.0,1755.0,0.000343,0.7295,1.3708,0.0,0.011182,0.000654,branches_total;branch_misses_total
145_b15_manual_unroll4_sparse__c15_reverse_sequential,145_b15_manual_unroll4_sparse__c15_reverse_sequential,gem5,AtomicSimpleCPU,default (CPU model's built-in predictor; GEM5_BP_TYPE not set),32kB,32kB,256kB,20000,1,458837.0,602589.0,0.0,0.0,120879.0,1353.0,602515.0,470.0,1824.0,1778.0,0.000301,0.7614,1.3133,0.0,0.011193,0.00078,branches_total;branch_misses_total
146_b15_manual_unroll4_sparse__c16_block_sparse,146_b15_manual_unroll4_sparse__c16_block_sparse,gem5,AtomicSimpleCPU,default (CPU model's built-in predictor; GEM5_BP_TYPE not set),32kB,32kB,256kB,20000,1,553593.0,759313.0,0.0,0.0,120777.0,1353.0,759239.0,457.0,1811.0,1763.0,0.00038,0.7291,1.3716,0.0,0.011202,0.000602,branches_total;branch_misses_total
147_b15_manual_unroll4_sparse__c17_zipf_like_hot_buckets,147_b15_manual_unroll4_sparse__c17_zipf_like_hot_buckets,gem5,AtomicSimpleCPU,default (CPU model's built-in predictor; GEM5_BP_TYPE not set),32kB,32kB,256kB,20000,1,593444.0,703604.0,0.0,0.0,120972.0,1358.0,703530.0,468.0,1827.0,1779.0,0.000352,0.8434,1.1856,0.0,0.011226,0.000665,branches_total;branch_misses_total
148_b15_manual_unroll4_sparse__c18_producer_consumer_two_pointer,148_b15_manual_unroll4_sparse__c18_producer_consumer_two_pointer,gem5,AtomicSimpleCPU,default (CPU model's built-in predictor; GEM5_BP_TYPE not set),32kB,32kB,256kB,20000,1,600380.0,798194.0,0.0,0.0,121091.0,1366.0,798118.0,471.0,1838.0,1790.0,0.000399,0.7522,1.3295,0.0,0.011281,0.00059,branches_total;branch_misses_total
149_b15_manual_unroll4_sparse__c19_matrix_diagonal_wavefront,149_b15_manual_unroll4_sparse__c19_matrix_diagonal_wavefront,gem5,AtomicSimpleCPU,default (CPU model's built-in predictor; GEM5_BP_TYPE not set),32kB,32kB,256kB,20000,1,721545.0,902512.0,0.0,0.0,121052.0,1359.0,902436.0,474.0,1834.0,1787.0,0.000451,0.7995,1.2508,0.0,0.011227,0.000525,branches_total;branch_misses_total
150_b15_manual_unroll4_sparse__c20_hot_cold_phase_alternation,150_b15_manual_unroll4_sparse__c20_hot_cold_phase_alternation,gem5,AtomicSimpleCPU,default (CPU model's built-in predictor; GEM5_BP_TYPE not set),32kB,32kB,256kB,20000,1,547243.0,609040.0,0.0,0.0,121013.0,1364.0,608964.0,466.0,1831.0,1783.0,0.000305,0.8985,1.1129,0.0,0.011272,0.000765,branches_total;branch_misses_total
151_b16_sentinel_search_loop__c11_sliding_window,151_b16_sentinel_search_loop__c11_sliding_window,gem5,AtomicSimpleCPU,default (CPU model's built-in predictor; GEM5_BP_TYPE not set),32kB,32kB,256kB,20000,1,520963.0,693445.0,0.0,0.0,120781.0,1352.0,693371.0,467.0,1820.0,1772.0,0.000347,0.7513,1.3311,0.0,0.011194,0.000674,branches_total;branch_misses_total
152_b16_sentinel_search_loop__c12_prime_stride_anti_alias,152_b16_sentinel_search_loop__c12_prime_stride_anti_alias,gem5,AtomicSimpleCPU,default (CPU model's built-in predictor; GEM5_BP_TYPE not set),32kB,32kB,256kB,20000,1,435458.0,522254.0,0.0,0.0,120959.0,1360.0,522178.0,448.0,1809.0,1761.0,0.000261,0.8338,1.1993,0.0,0.011243,0.000858,branches_total;branch_misses_total
153_b16_sentinel_search_loop__c13_two_stream_interleaved,153_b16_sentinel_search_loop__c13_two_stream_interleaved,gem5,AtomicSimpleCPU,default (CPU model's built-in predictor; GEM5_BP_TYPE not set),32kB,32kB,256kB,20000,1,521358.0,596141.0,0.0,0.0,120919.0,1351.0,596067.0,448.0,1800.0,1753.0,0.000298,0.8746,1.1434,0.0,0.011173,0.000752,branches_total;branch_misses_total
154_b16_sentinel_search_loop__c14_temporal_burst_reuse,154_b16_sentinel_search_loop__c14_temporal_burst_reuse,gem5,AtomicSimpleCPU,default (CPU model's built-in predictor; GEM5_BP_TYPE not set),32kB,32kB,256kB,20000,1,479301.0,653827.0,0.0,0.0,120902.0,1359.0,653753.0,467.0,1827.0,1778.0,0.000327,0.7331,1.3641,0.0,0.011241,0.000714,branches_total;branch_misses_total
155_b16_sentinel_search_loop__c15_reverse_sequential,155_b16_sentinel_search_loop__c15_reverse_sequential,gem5,AtomicSimpleCPU,default (CPU model's built-in predictor; GEM5_BP_TYPE not set),32kB,32kB,256kB,20000,1,437182.0,569902.0,0.0,0.0,120852.0,1352.0,569828.0,463.0,1816.0,1770.0,0.000285,0.7671,1.3036,0.0,0.011187,0.000813,branches_total;branch_misses_total
156_b16_sentinel_search_loop__c16_block_sparse,156_b16_sentinel_search_loop__c16_block_sparse,gem5,AtomicSimpleCPU,default (CPU model's built-in predictor; GEM5_BP_TYPE not set),32kB,32kB,256kB,20000,1,531969.0,726446.0,0.0,0.0,120774.0,1361.0,726372.0,475.0,1837.0,1788.0,0.000363,0.7323,1.3656,0.0,0.011269,0.000654,branches_total;branch_misses_total
157_b16_sentinel_search_loop__c17_zipf_like_hot_buckets,157_b16_sentinel_search_loop__c17_zipf_like_hot_buckets,gem5,AtomicSimpleCPU,default (CPU model's built-in predictor; GEM5_BP_TYPE not set),32kB,32kB,256kB,20000,1,571821.0,726605.0,0.0,0.0,120904.0,1365.0,726531.0,465.0,1831.0,1784.0,0.000363,0.787,1.2707,0.0,0.01129,0.00064,branches_total;branch_misses_total
158_b16_sentinel_search_loop__c18_producer_consumer_two_pointer,158_b16_sentinel_search_loop__c18_producer_consumer_two_pointer,gem5,AtomicSimpleCPU,default (CPU model's built-in predictor; GEM5_BP_TYPE not set),32kB,32kB,256kB,20000,1,578735.0,653756.0,0.0,0.0,121071.0,1366.0,653680.0,476.0,1843.0,1795.0,0.000327,0.8852,1.1296,0.0,0.011283,0.000728,branches_total;branch_misses_total
159_b16_sentinel_search_loop__c19_matrix_diagonal_wavefront,159_b16_sentinel_search_loop__c19_matrix_diagonal_wavefront,gem5,AtomicSimpleCPU,default (CPU model's built-in predictor; GEM5_BP_TYPE not set),32kB,32kB,256kB,20000,1,699930.0,887136.0,0.0,0.0,121032.0,1359.0,887060.0,467.0,1827.0,1780.0,0.000444,0.789,1.2675,0.0,0.011228,0.000526,branches_total;branch_misses_total
160_b16_sentinel_search_loop__c20_hot_cold_phase_alternation,160_b16_sentinel_search_loop__c20_hot_cold_phase_alternation,gem5,AtomicSimpleCPU,default (CPU model's built-in predictor; GEM5_BP_TYPE not set),32kB,32kB,256kB,20000,1,525623.0,596615.0,0.0,0.0,120990.0,1366.0,596539.0,469.0,1836.0,1789.0,0.000298,0.881,1.1351,0.0,0.01129,0.000786,branches_total;branch_misses_total
161_b17_correlated_two_branch_xor__c11_sliding_window,161_b17_correlated_two_branch_xor__c11_sliding_window,gem5,AtomicSimpleCPU,default (CPU model's built-in predictor; GEM5_BP_TYPE not set),32kB,32kB,256kB,20000,1,586802.0,695542.0,0.0,0.0,120886.0,1359.0,695468.0,464.0,1824.0,1777.0,0.000348,0.8437,1.1853,0.0,0.011242,0.000667,branches_total;branch_misses_total
162_b17_correlated_two_branch_xor__c12_prime_stride_anti_alias,162_b17_correlated_two_branch_xor__c12_prime_stride_anti_alias,gem5,AtomicSimpleCPU,default (CPU model's built-in predictor; GEM5_BP_TYPE not set),32kB,32kB,256kB,20000,1,523323.0,588141.0,0.0,0.0,121034.0,1353.0,588065.0,475.0,1829.0,1780.0,0.000294,0.8898,1.1239,0.0,0.011179,0.000808,branches_total;branch_misses_total
163_b17_correlated_two_branch_xor__c13_two_stream_interleaved,163_b17_correlated_two_branch_xor__c13_two_stream_interleaved,gem5,AtomicSimpleCPU,default (CPU model's built-in predictor; GEM5_BP_TYPE not set),32kB,32kB,256kB,20000,1,565229.0,782031.0,0.0,0.0,121023.0,1358.0,781955.0,467.0,1826.0,1777.0,0.000391,0.7228,1.3836,0.0,0.011221,0.000597,branches_total;branch_misses_total
164_b17_correlated_two_branch_xor__c14_temporal_burst_reuse,164_b17_correlated_two_branch_xor__c14_temporal_burst_reuse,gem5,AtomicSimpleCPU,default (CPU model's built-in predictor; GEM5_BP_TYPE not set),32kB,32kB,256kB,20000,1,545131.0,609921.0,0.0,0.0,120976.0,1364.0,609845.0,463.0,1828.0,1781.0,0.000305,0.8938,1.1189,0.0,0.011275,0.000759,branches_total;branch_misses_total
165_b17_correlated_two_branch_xor__c15_reverse_sequential,165_b17_correlated_two_branch_xor__c15_reverse_sequential,gem5,AtomicSimpleCPU,default (CPU model's built-in predictor; GEM5_BP_TYPE not set),32kB,32kB,256kB,20000,1,503066.0,589851.0,0.0,0.0,120968.0,1358.0,589775.0,448.0,1807.0,1759.0,0.000295,0.8529,1.1725,0.0,0.011226,0.00076,branches_total;branch_misses_total
166_b17_correlated_two_branch_xor__c16_block_sparse,166_b17_correlated_two_branch_xor__c16_block_sparse,gem5,AtomicSimpleCPU,default (CPU model's built-in predictor; GEM5_BP_TYPE not set),32kB,32kB,256kB,20000,1,597800.0,690070.0,0.0,0.0,120849.0,1368.0,689996.0,470.0,1839.0,1792.0,0.000345,0.8663,1.1543,0.0,0.01132,0.000681,branches_total;branch_misses_total
167_b17_correlated_two_branch_xor__c17_zipf_like_hot_buckets,167_b17_correlated_two_branch_xor__c17_zipf_like_hot_buckets,gem5,AtomicSimpleCPU,default (CPU model's built-in predictor; GEM5_BP_TYPE not set),32kB,32kB,256kB,20000,1,637659.0,909524.0,0.0,0.0,121041.0,1360.0,909448.0,467.0,1828.0,1780.0,0.000455,0.7011,1.4263,0.0,0.011236,0.000513,branches_total;branch_misses_total
168_b17_correlated_two_branch_xor__c18_producer_consumer_two_pointer,168_b17_correlated_two_branch_xor__c18_producer_consumer_two_pointer,gem5,AtomicSimpleCPU,default (CPU model's built-in predictor; GEM5_BP_TYPE not set),32kB,32kB,256kB,20000,1,622588.0,830430.0,0.0,0.0,121173.0,1359.0,830354.0,465.0,1825.0,1778.0,0.000415,0.7497,1.3338,0.0,0.011215,0.00056,branches_total;branch_misses_total
169_b17_correlated_two_branch_xor__c19_matrix_diagonal_wavefront,169_b17_correlated_two_branch_xor__c19_matrix_diagonal_wavefront,gem5,AtomicSimpleCPU,default (CPU model's built-in predictor; GEM5_BP_TYPE not set),32kB,32kB,256kB,20000,1,765776.0,1076624.0,0.0,0.0,121109.0,1356.0,1076548.0,473.0,1830.0,1780.0,0.000538,0.7113,1.4059,0.0,0.011197,0.000439,branches_total;branch_misses_total
170_b17_correlated_two_branch_xor__c20_hot_cold_phase_alternation,170_b17_correlated_two_branch_xor__c20_hot_cold_phase_alternation,gem5,AtomicSimpleCPU,default (CPU model's built-in predictor; GEM5_BP_TYPE not set),32kB,32kB,256kB,20000,1,591458.0,780283.0,0.0,0.0,121094.0,1357.0,780207.0,472.0,1830.0,1783.0,0.00039,0.758,1.3193,0.0,0.011206,0.000605,branches_total;branch_misses_total
171_b18_indirect_fn_dispatch__c11_sliding_window,171_b18_indirect_fn_dispatch__c11_sliding_window,gem5,AtomicSimpleCPU,default (CPU model's built-in predictor; GEM5_BP_TYPE not set),32kB,32kB,256kB,20000,1,925948.0,1094791.0,0.0,0.0,274874.0,1370.0,1094717.0,464.0,1835.0,1788.0,0.000547,0.8458,1.1823,0.0,0.004984,0.000424,branches_total;branch_misses_total
172_b18_indirect_fn_dispatch__c12_prime_stride_anti_alias,172_b18_indirect_fn_dispatch__c12_prime_stride_anti_alias,gem5,AtomicSimpleCPU,default (CPU model's built-in predictor; GEM5_BP_TYPE not set),32kB,32kB,256kB,20000,1,863010.0,1067676.0,0.0,0.0,275068.0,1361.0,1067600.0,476.0,1838.0,1791.0,0.000534,0.8083,1.2372,0.0,0.004948,0.000446,branches_total;branch_misses_total
173_b18_indirect_fn_dispatch__c13_two_stream_interleaved,173_b18_indirect_fn_dispatch__c13_two_stream_interleaved,gem5,AtomicSimpleCPU,default (CPU model's built-in predictor; GEM5_BP_TYPE not set),32kB,32kB,256kB,20000,1,904016.0,1149971.0,0.0,0.0,275050.0,1355.0,1149897.0,468.0,1824.0,1775.0,0.000575,0.7861,1.2721,0.0,0.004926,0.000407,branches_total;branch_misses_total
174_b18_indirect_fn_dispatch__c14_temporal_burst_reuse,174_b18_indirect_fn_dispatch__c14_temporal_burst_reuse,gem5,AtomicSimpleCPU,default (CPU model's built-in predictor; GEM5_BP_TYPE not set),32kB,32kB,256kB,20000,1,884175.0,1091083.0,0.0,0.0,274977.0,1358.0,1091009.0,464.0,1823.0,1777.0,0.000546,0.8104,1.234,0.0,0.004939,0.000425,branches_total;branch_misses_total
175_b18_indirect_fn_dispatch__c15_reverse_sequential,175_b18_indirect_fn_dispatch__c15_reverse_sequential,gem5,AtomicSimpleCPU,default (CPU model's built-in predictor; GEM5_BP_TYPE not set),32kB,32kB,256kB,20000,1,839936.0,986568.0,0.0,0.0,274953.0,1370.0,986494.0,456.0,1827.0,1778.0,0.000493,0.8514,1.1746,0.0,0.004983,0.000462,branches_total;branch_misses_total
176_b18_indirect_fn_dispatch__c16_block_sparse,176_b18_indirect_fn_dispatch__c16_block_sparse,gem5,AtomicSimpleCPU,default (CPU model's built-in predictor; GEM5_BP_TYPE not set),32kB,32kB,256kB,20000,1,937421.0,1206957.0,0.0,0.0,274841.0,1359.0,1206883.0,464.0,1824.0,1778.0,0.000603,0.7767,1.2875,0.0,0.004945,0.000384,branches_total;branch_misses_total
177_b18_indirect_fn_dispatch__c17_zipf_like_hot_buckets,177_b18_indirect_fn_dispatch__c17_zipf_like_hot_buckets,gem5,AtomicSimpleCPU,default (CPU model's built-in predictor; GEM5_BP_TYPE not set),32kB,32kB,256kB,20000,1,1141841.0,1393547.0,0.0,0.0,319012.0,1361.0,1393473.0,469.0,1831.0,1786.0,0.000697,0.8194,1.2204,0.0,0.004266,0.000337,branches_total;branch_misses_total
178_b18_indirect_fn_dispatch__c18_producer_consumer_two_pointer,178_b18_indirect_fn_dispatch__c18_producer_consumer_two_pointer,gem5,AtomicSimpleCPU,default (CPU model's built-in predictor; GEM5_BP_TYPE not set),32kB,32kB,256kB,20000,1,1093194.0,1233150.0,0.0,0.0,363144.0,1360.0,1233074.0,469.0,1830.0,1783.0,0.000617,0.8865,1.128,0.0,0.003745,0.00038,branches_total;branch_misses_total
179_b18_indirect_fn_dispatch__c19_matrix_diagonal_wavefront,179_b18_indirect_fn_dispatch__c19_matrix_diagonal_wavefront,gem5,AtomicSimpleCPU,default (CPU model's built-in predictor; GEM5_BP_TYPE not set),32kB,32kB,256kB,20000,1,1109477.0,1446653.0,0.0,0.0,319077.0,1359.0,1446577.0,471.0,1831.0,1786.0,0.000723,0.7669,1.3039,0.0,0.004259,0.000326,branches_total;branch_misses_total
180_b18_indirect_fn_dispatch__c20_hot_cold_phase_alternation,180_b18_indirect_fn_dispatch__c20_hot_cold_phase_alternation,gem5,AtomicSimpleCPU,default (CPU model's built-in predictor; GEM5_BP_TYPE not set),32kB,32kB,256kB,20000,1,957197.0,1233409.0,0.0,0.0,275099.0,1353.0,1233333.0,458.0,1812.0,1764.0,0.000617,0.7761,1.2886,0.0,0.004918,0.000371,branches_total;branch_misses_total
181_b19_data_dependent_break_trip__c11_sliding_window,181_b19_data_dependent_break_trip__c11_sliding_window,gem5,AtomicSimpleCPU,default (CPU model's built-in predictor; GEM5_BP_TYPE not set),32kB,32kB,256kB,20000,1,582742.0,781104.0,0.0,0.0,120883.0,1359.0,781030.0,467.0,1827.0,1779.0,0.000391,0.746,1.3404,0.0,0.011242,0.000598,branches_total;branch_misses_total
182_b19_data_dependent_break_trip__c12_prime_stride_anti_alias,182_b19_data_dependent_break_trip__c12_prime_stride_anti_alias,gem5,AtomicSimpleCPU,default (CPU model's built-in predictor; GEM5_BP_TYPE not set),32kB,32kB,256kB,20000,1,519363.0,697820.0,0.0,0.0,121033.0,1366.0,697744.0,475.0,1842.0,1793.0,0.000349,0.7443,1.3436,0.0,0.011286,0.000681,branches_total;branch_misses_total
183_b19_data_dependent_break_trip__c13_two_stream_interleaved,183_b19_data_dependent_break_trip__c13_two_stream_interleaved,gem5,AtomicSimpleCPU,default (CPU model's built-in predictor; GEM5_BP_TYPE not set),32kB,32kB,256kB,20000,1,583451.0,670250.0,0.0,0.0,121020.0,1357.0,670174.0,475.0,1833.0,1784.0,0.000335,0.8705,1.1488,0.0,0.011213,0.000709,branches_total;branch_misses_total
184_b19_data_dependent_break_trip__c14_temporal_burst_reuse,184_b19_data_dependent_break_trip__c14_temporal_burst_reuse,gem5,AtomicSimpleCPU,default (CPU model's built-in predictor; GEM5_BP_TYPE not set),32kB,32kB,256kB,20000,1,540735.0,739002.0,0.0,0.0,120991.0,1360.0,738926.0,470.0,1831.0,1783.0,0.00037,0.7317,1.3667,0.0,0.011241,0.000636,branches_total;branch_misses_total
185_b19_data_dependent_break_trip__c15_reverse_sequential,185_b19_data_dependent_break_trip__c15_reverse_sequential,gem5,AtomicSimpleCPU,default (CPU model's built-in predictor; GEM5_BP_TYPE not set),32kB,32kB,256kB,20000,1,518145.0,686164.0,0.0,0.0,120963.0,1357.0,686088.0,455.0,1813.0,1765.0,0.000343,0.7551,1.3243,0.0,0.011218,0.000663,branches_total;branch_misses_total
186_b19_data_dependent_break_trip__c16_block_sparse,186_b19_data_dependent_break_trip__c16_block_sparse,gem5,AtomicSimpleCPU,default (CPU model's built-in predictor; GEM5_BP_TYPE not set),32kB,32kB,256kB,20000,1,615798.0,733215.0,0.0,0.0,120847.0,1366.0,733141.0,468.0,1835.0,1788.0,0.000367,0.8399,1.1907,0.0,0.011304,0.000638,branches_total;branch_misses_total
187_b19_data_dependent_break_trip__c17_zipf_like_hot_buckets,187_b19_data_dependent_break_trip__c17_zipf_like_hot_buckets,gem5,AtomicSimpleCPU,default (CPU model's built-in predictor; GEM5_BP_TYPE not set),32kB,32kB,256kB,20000,1,633630.0,902038.0,0.0,0.0,121022.0,1354.0,901962.0,473.0,1828.0,1781.0,0.000451,0.7024,1.4236,0.0,0.011188,0.000524,branches_total;branch_misses_total
188_b19_data_dependent_break_trip__c18_producer_consumer_two_pointer,188_b19_data_dependent_break_trip__c18_producer_consumer_two_pointer,gem5,AtomicSimpleCPU,default (CPU model's built-in predictor; GEM5_BP_TYPE not set),32kB,32kB,256kB,20000,1,639764.0,745201.0,0.0,0.0,121153.0,1354.0,745125.0,466.0,1821.0,1774.0,0.000373,0.8585,1.1648,0.0,0.011176,0.000625,branches_total;branch_misses_total
189_b19_data_dependent_break_trip__c19_matrix_diagonal_wavefront,189_b19_data_dependent_break_trip__c19_matrix_diagonal_wavefront,gem5,AtomicSimpleCPU,default (CPU model's built-in predictor; GEM5_BP_TYPE not set),32kB,32kB,256kB,20000,1,783816.0,942138.0,0.0,0.0,121102.0,1365.0,942062.0,453.0,1819.0,1771.0,0.000471,0.832,1.202,0.0,0.011271,0.000481,branches_total;branch_misses_total
190_b19_data_dependent_break_trip__c20_hot_cold_phase_alternation,190_b19_data_dependent_break_trip__c20_hot_cold_phase_alternation,gem5,AtomicSimpleCPU,default (CPU model's built-in predictor; GEM5_BP_TYPE not set),32kB,32kB,256kB,20000,1,587743.0,783367.0,0.0,0.0,121092.0,1360.0,783291.0,473.0,1834.0,1787.0,0.000392,0.7503,1.3328,0.0,0.011231,0.000604,branches_total;branch_misses_total
191_b20_random_threshold_walk__c11_sliding_window,191_b20_random_threshold_walk__c11_sliding_window,gem5,AtomicSimpleCPU,default (CPU model's built-in predictor; GEM5_BP_TYPE not set),32kB,32kB,256kB,20000,1,671806.0,933658.0,0.0,0.0,120799.0,1370.0,933584.0,451.0,1822.0,1770.0,0.000467,0.7195,1.3898,0.0,0.011341,0.000483,branches_total;branch_misses_total
192_b20_random_threshold_walk__c12_prime_stride_anti_alias,192_b20_random_threshold_walk__c12_prime_stride_anti_alias,gem5,AtomicSimpleCPU,default (CPU model's built-in predictor; GEM5_BP_TYPE not set),32kB,32kB,256kB,20000,1,586323.0,673982.0,0.0,0.0,120964.0,1359.0,673906.0,466.0,1826.0,1775.0,0.000337,0.8699,1.1495,0.0,0.011235,0.000691,branches_total;branch_misses_total
193_b20_random_threshold_walk__c13_two_stream_interleaved,193_b20_random_threshold_walk__c13_two_stream_interleaved,gem5,AtomicSimpleCPU,default (CPU model's built-in predictor; GEM5_BP_TYPE not set),32kB,32kB,256kB,20000,1,672238.0,858627.0,0.0,0.0,120972.0,1359.0,858551.0,457.0,1817.0,1765.0,0.000429,0.7829,1.2773,0.0,0.011234,0.000532,branches_total;branch_misses_total
194_b20_random_threshold_walk__c14_temporal_burst_reuse,194_b20_random_threshold_walk__c14_temporal_burst_reuse,gem5,AtomicSimpleCPU,default (CPU model's built-in predictor; GEM5_BP_TYPE not set),32kB,32kB,256kB,20000,1,630137.0,804034.0,0.0,0.0,120904.0,1359.0,803960.0,451.0,1811.0,1759.0,0.000402,0.7837,1.276,0.0,0.01124,0.000561,branches_total;branch_misses_total
195_b20_random_threshold_walk__c15_reverse_sequential,195_b20_random_threshold_walk__c15_reverse_sequential,gem5,AtomicSimpleCPU,default (CPU model's built-in predictor; GEM5_BP_TYPE not set),32kB,32kB,256kB,20000,1,588060.0,851951.0,0.0,0.0,120876.0,1360.0,851877.0,473.0,1834.0,1783.0,0.000426,0.6903,1.4487,0.0,0.011251,0.000555,branches_total;branch_misses_total
196_b20_random_threshold_walk__c16_block_sparse,196_b20_random_threshold_walk__c16_block_sparse,gem5,AtomicSimpleCPU,default (CPU model's built-in predictor; GEM5_BP_TYPE not set),32kB,32kB,256kB,20000,1,682814.0,941646.0,0.0,0.0,120779.0,1359.0,941572.0,457.0,1817.0,1764.0,0.000471,0.7251,1.3791,0.0,0.011252,0.000485,branches_total;branch_misses_total
197_b20_random_threshold_walk__c17_zipf_like_hot_buckets,197_b20_random_threshold_walk__c17_zipf_like_hot_buckets,gem5,AtomicSimpleCPU,default (CPU model's built-in predictor; GEM5_BP_TYPE not set),32kB,32kB,256kB,20000,1,722652.0,946497.0,0.0,0.0,120944.0,1353.0,946423.0,465.0,1819.0,1767.0,0.000473,0.7635,1.3098,0.0,0.011187,0.000491,branches_total;branch_misses_total
198_b20_random_threshold_walk__c18_producer_consumer_two_pointer,198_b20_random_threshold_walk__c18_producer_consumer_two_pointer,gem5,AtomicSimpleCPU,default (CPU model's built-in predictor; GEM5_BP_TYPE not set),32kB,32kB,256kB,20000,1,729595.0,922024.0,0.0,0.0,121087.0,1363.0,921948.0,472.0,1836.0,1785.0,0.000461,0.7913,1.2637,0.0,0.011256,0.000512,branches_total;branch_misses_total
199_b20_random_threshold_walk__c19_matrix_diagonal_wavefront,199_b20_random_threshold_walk__c19_matrix_diagonal_wavefront,gem5,AtomicSimpleCPU,default (CPU model's built-in predictor; GEM5_BP_TYPE not set),32kB,32kB,256kB,20000,1,872761.0,1197442.0,0.0,0.0,121034.0,1360.0,1197366.0,469.0,1830.0,1781.0,0.000599,0.7289,1.372,0.0,0.011237,0.000392,branches_total;branch_misses_total
200_b20_random_threshold_walk__c20_hot_cold_phase_alternation,200_b20_random_threshold_walk__c20_hot_cold_phase_alternation,gem5,AtomicSimpleCPU,default (CPU model's built-in predictor; GEM5_BP_TYPE not set),32kB,32kB,256kB,20000,1,676459.0,899002.0,0.0,0.0,121013.0,1361.0,898926.0,477.0,1839.0,1786.0,0.00045,0.7525,1.329,0.0,0.011247,0.000531,branches_total;branch_misses_total
201_b21_loop_carried_running_state__c21_pyramid_multiresolution_stride,201_b21_loop_carried_running_state__c21_pyramid_multiresolution_stride,gem5,AtomicSimpleCPU,default (CPU model's built-in predictor; GEM5_BP_TYPE not set),32kB,32kB,256kB,20000,1,540028.0,677055.0,0.0,0.0,121166.0,1357.0,676979.0,467.0,1825.0,1776.0,0.000339,0.7976,1.2537,0.0,0.0112,0.00069,branches_total;branch_misses_total
202_b21_loop_carried_running_state__c22_tensor_3d_slice_poor_locality,202_b21_loop_carried_running_state__c22_tensor_3d_slice_poor_locality,gem5,AtomicSimpleCPU,default (CPU model's built-in predictor; GEM5_BP_TYPE not set),32kB,32kB,256kB,20000,1,554624.0,730990.0,0.0,0.0,121139.0,1367.0,730914.0,475.0,1843.0,1793.0,0.000365,0.7587,1.318,0.0,0.011285,0.00065,branches_total;branch_misses_total
203_b21_loop_carried_running_state__c23_struct_of_array_field_burst,203_b21_loop_carried_running_state__c23_struct_of_array_field_burst,gem5,AtomicSimpleCPU,default (CPU model's built-in predictor; GEM5_BP_TYPE not set),32kB,32kB,256kB,20000,1,571139.0,716774.0,0.0,0.0,121132.0,1362.0,716698.0,476.0,1839.0,1790.0,0.000358,0.7968,1.255,0.0,0.011244,0.000664,branches_total;branch_misses_total
204_b21_loop_carried_running_state__c24_banked_interleaved_access,204_b21_loop_carried_running_state__c24_banked_interleaved_access,gem5,AtomicSimpleCPU,default (CPU model's built-in predictor; GEM5_BP_TYPE not set),32kB,32kB,256kB,20000,1,554452.0,730789.0,0.0,0.0,121083.0,1356.0,730713.0,475.0,1832.0,1782.0,0.000365,0.7587,1.318,0.0,0.011199,0.00065,branches_total;branch_misses_total
205_b21_loop_carried_running_state__c25_lru_recency_weighted_reuse,205_b21_loop_carried_running_state__c25_lru_recency_weighted_reuse,gem5,AtomicSimpleCPU,default (CPU model's built-in predictor; GEM5_BP_TYPE not set),32kB,32kB,256kB,20000,1,756463.0,1020887.0,0.0,0.0,156255.0,1360.0,1020809.0,467.0,1828.0,1777.0,0.00051,0.741,1.3496,0.0,0.008704,0.000457,branches_total;branch_misses_total
206_b21_loop_carried_running_state__c26_geometric_stride_growth,206_b21_loop_carried_running_state__c26_geometric_stride_growth,gem5,AtomicSimpleCPU,default (CPU model's built-in predictor; GEM5_BP_TYPE not set),32kB,32kB,256kB,20000,1,547034.0,690299.0,0.0,0.0,121068.0,1363.0,690223.0,473.0,1837.0,1789.0,0.000345,0.7925,1.2619,0.0,0.011258,0.000685,branches_total;branch_misses_total
207_b21_loop_carried_running_state__c27_reduction_broadcast_pattern,207_b21_loop_carried_running_state__c27_reduction_broadcast_pattern,gem5,AtomicSimpleCPU,default (CPU model's built-in predictor; GEM5_BP_TYPE not set),32kB,32kB,256kB,20000,1,539061.0,663411.0,0.0,0.0,121117.0,1356.0,663335.0,476.0,1833.0,1783.0,0.000332,0.8126,1.2307,0.0,0.011196,0.000718,branches_total;branch_misses_total
208_b21_loop_carried_running_state__c28_morton_zorder_traversal,208_b21_loop_carried_running_state__c28_morton_zorder_traversal,gem5,AtomicSimpleCPU,default (CPU model's built-in predictor; GEM5_BP_TYPE not set),32kB,32kB,256kB,20000,1,1018722.0,1433178.0,0.0,0.0,121065.0,1357.0,1433102.0,472.0,1830.0,1781.0,0.000717,0.7108,1.4068,0.0,0.011209,0.000329,branches_total;branch_misses_total
209_b21_loop_carried_running_state__c29_ping_pong_cache_thrash,209_b21_loop_carried_running_state__c29_ping_pong_cache_thrash,gem5,AtomicSimpleCPU,default (CPU model's built-in predictor; GEM5_BP_TYPE not set),32kB,32kB,256kB,20000,1,555290.0,725104.0,0.0,0.0,121045.0,1363.0,725028.0,455.0,1819.0,1769.0,0.000363,0.7658,1.3058,0.0,0.01126,0.000628,branches_total;branch_misses_total
210_b21_loop_carried_running_state__c30_gather_scatter_indirect_table,210_b21_loop_carried_running_state__c30_gather_scatter_indirect_table,gem5,AtomicSimpleCPU,default (CPU model's built-in predictor; GEM5_BP_TYPE not set),32kB,32kB,256kB,20000,1,533500.0,612995.0,0.0,0.0,147313.0,1701.0,612919.0,461.0,2163.0,2027.0,0.000306,0.8703,1.149,0.0,0.011547,0.000752,branches_total;branch_misses_total
211_b22_drifting_threshold_periodic_reset__c21_pyramid_multiresolution_stride,211_b22_drifting_threshold_periodic_reset__c21_pyramid_multiresolution_stride,gem5,AtomicSimpleCPU,default (CPU model's built-in predictor; GEM5_BP_TYPE not set),32kB,32kB,256kB,20000,1,601915.0,720660.0,0.0,0.0,121325.0,1368.0,720584.0,476.0,1845.0,1792.0,0.00036,0.8352,1.1973,0.0,0.011275,0.000661,branches_total;branch_misses_total
212_b22_drifting_threshold_periodic_reset__c22_tensor_3d_slice_poor_locality,212_b22_drifting_threshold_periodic_reset__c22_tensor_3d_slice_poor_locality,gem5,AtomicSimpleCPU,default (CPU model's built-in predictor; GEM5_BP_TYPE not set),32kB,32kB,256kB,20000,1,621791.0,737944.0,0.0,0.0,121299.0,1365.0,737868.0,456.0,1822.0,1770.0,0.000369,0.8426,1.1868,0.0,0.011253,0.000618,branches_total;branch_misses_total
213_b22_drifting_threshold_periodic_reset__c23_struct_of_array_field_burst,213_b22_drifting_threshold_periodic_reset__c23_struct_of_array_field_burst,gem5,AtomicSimpleCPU,default (CPU model's built-in predictor; GEM5_BP_TYPE not set),32kB,32kB,256kB,20000,1,623305.0,719798.0,0.0,0.0,121274.0,1365.0,719722.0,471.0,1837.0,1786.0,0.00036,0.8659,1.1548,0.0,0.011256,0.000654,branches_total;branch_misses_total
214_b22_drifting_threshold_periodic_reset__c24_banked_interleaved_access,214_b22_drifting_threshold_periodic_reset__c24_banked_interleaved_access,gem5,AtomicSimpleCPU,default (CPU model's built-in predictor; GEM5_BP_TYPE not set),32kB,32kB,256kB,20000,1,621439.0,737471.0,0.0,0.0,121230.0,1360.0,737395.0,458.0,1819.0,1767.0,0.000369,0.8427,1.1867,0.0,0.011218,0.000621,branches_total;branch_misses_total
215_b22_drifting_threshold_periodic_reset__c25_lru_recency_weighted_reuse,215_b22_drifting_threshold_periodic_reset__c25_lru_recency_weighted_reuse,gem5,AtomicSimpleCPU,default (CPU model's built-in predictor; GEM5_BP_TYPE not set),32kB,32kB,256kB,20000,1,876043.0,1111710.0,0.0,0.0,156353.0,1370.0,1111632.0,471.0,1842.0,1791.0,0.000556,0.788,1.269,0.0,0.008762,0.000424,branches_total;branch_misses_total
216_b22_drifting_threshold_periodic_reset__c26_geometric_stride_growth,216_b22_drifting_threshold_periodic_reset__c26_geometric_stride_growth,gem5,AtomicSimpleCPU,default (CPU model's built-in predictor; GEM5_BP_TYPE not set),32kB,32kB,256kB,20000,1,602866.0,759863.0,0.0,0.0,121185.0,1368.0,759787.0,477.0,1846.0,1793.0,0.00038,0.7934,1.2604,0.0,0.011289,0.000628,branches_total;branch_misses_total
217_b22_drifting_threshold_periodic_reset__c27_reduction_broadcast_pattern,217_b22_drifting_threshold_periodic_reset__c27_reduction_broadcast_pattern,gem5,AtomicSimpleCPU,default (CPU model's built-in predictor; GEM5_BP_TYPE not set),32kB,32kB,256kB,20000,1,594939.0,785807.0,0.0,0.0,121277.0,1366.0,785731.0,468.0,1835.0,1782.0,0.000393,0.7571,1.3208,0.0,0.011263,0.000596,branches_total;branch_misses_total
218_b22_drifting_threshold_periodic_reset__c28_morton_zorder_traversal,218_b22_drifting_threshold_periodic_reset__c28_morton_zorder_traversal,gem5,AtomicSimpleCPU,default (CPU model's built-in predictor; GEM5_BP_TYPE not set),32kB,32kB,256kB,20000,1,1129693.0,1573186.0,0.0,0.0,121181.0,1362.0,1573110.0,456.0,1819.0,1769.0,0.000787,0.7181,1.3926,0.0,0.011239,0.00029,branches_total;branch_misses_total
219_b22_drifting_threshold_periodic_reset__c29_ping_pong_cache_thrash,219_b22_drifting_threshold_periodic_reset__c29_ping_pong_cache_thrash,gem5,AtomicSimpleCPU,default (CPU model's built-in predictor; GEM5_BP_TYPE not set),32kB,32kB,256kB,20000,1,611192.0,802029.0,0.0,0.0,121158.0,1364.0,801953.0,450.0,1815.0,1763.0,0.000401,0.7621,1.3122,0.0,0.011258,0.000561,branches_total;branch_misses_total
220_b22_drifting_threshold_periodic_reset__c30_gather_scatter_indirect_table,220_b22_drifting_threshold_periodic_reset__c30_gather_scatter_indirect_table,gem5,AtomicSimpleCPU,default (CPU model's built-in predictor; GEM5_BP_TYPE not set),32kB,32kB,256kB,20000,1,682530.0,956052.0,0.0,0.0,147458.0,1714.0,955976.0,478.0,2193.0,2054.0,0.000478,0.7139,1.4007,0.0,0.011624,0.0005,branches_total;branch_misses_total
221_b23_popcount_parity__c21_pyramid_multiresolution_stride,221_b23_popcount_parity__c21_pyramid_multiresolution_stride,gem5,AtomicSimpleCPU,default (CPU model's built-in predictor; GEM5_BP_TYPE not set),32kB,32kB,256kB,20000,1,545217.0,664959.0,0.0,0.0,120993.0,1360.0,664883.0,449.0,1810.0,1762.0,0.000332,0.8199,1.2196,0.0,0.01124,0.000675,branches_total;branch_misses_total
222_b23_popcount_parity__c22_tensor_3d_slice_poor_locality,222_b23_popcount_parity__c22_tensor_3d_slice_poor_locality,gem5,AtomicSimpleCPU,default (CPU model's built-in predictor; GEM5_BP_TYPE not set),32kB,32kB,256kB,20000,1,564992.0,658780.0,0.0,0.0,120950.0,1351.0,658704.0,462.0,1814.0,1767.0,0.000329,0.8576,1.166,0.0,0.01117,0.000701,branches_total;branch_misses_total
223_b23_popcount_parity__c23_struct_of_array_field_burst,223_b23_popcount_parity__c23_struct_of_array_field_burst,gem5,AtomicSimpleCPU,default (CPU model's built-in predictor; GEM5_BP_TYPE not set),32kB,32kB,256kB,20000,1,566957.0,740739.0,0.0,0.0,120943.0,1358.0,740665.0,476.0,1835.0,1786.0,0.00037,0.7654,1.3065,0.0,0.011228,0.000643,branches_total;branch_misses_total
224_b23_popcount_parity__c24_banked_interleaved_access,224_b23_popcount_parity__c24_banked_interleaved_access,gem5,AtomicSimpleCPU,default (CPU model's built-in predictor; GEM5_BP_TYPE not set),32kB,32kB,256kB,20000,1,564884.0,658665.0,0.0,0.0,120908.0,1361.0,658591.0,462.0,1824.0,1776.0,0.000329,0.8576,1.166,0.0,0.011256,0.000701,branches_total;branch_misses_total
225_b23_popcount_parity__c25_lru_recency_weighted_reuse,225_b23_popcount_parity__c25_lru_recency_weighted_reuse,gem5,AtomicSimpleCPU,default (CPU model's built-in predictor; GEM5_BP_TYPE not set),32kB,32kB,256kB,20000,1,756131.0,1031223.0,0.0,0.0,156033.0,1367.0,1031147.0,478.0,1846.0,1795.0,0.000516,0.7332,1.3638,0.0,0.008761,0.000464,branches_total;branch_misses_total
226_b23_popcount_parity__c26_geometric_stride_growth,226_b23_popcount_parity__c26_geometric_stride_growth,gem5,AtomicSimpleCPU,default (CPU model's built-in predictor; GEM5_BP_TYPE not set),32kB,32kB,256kB,20000,1,546374.0,701514.0,0.0,0.0,120870.0,1360.0,701440.0,464.0,1825.0,1778.0,0.000351,0.7788,1.2839,0.0,0.011252,0.000661,branches_total;branch_misses_total
227_b23_popcount_parity__c27_reduction_broadcast_pattern,227_b23_popcount_parity__c27_reduction_broadcast_pattern,gem5,AtomicSimpleCPU,default (CPU model's built-in predictor; GEM5_BP_TYPE not set),32kB,32kB,256kB,20000,1,538495.0,660722.0,0.0,0.0,120944.0,1360.0,660648.0,455.0,1816.0,1768.0,0.00033,0.815,1.227,0.0,0.011245,0.000689,branches_total;branch_misses_total
228_b23_popcount_parity__c28_morton_zorder_traversal,228_b23_popcount_parity__c28_morton_zorder_traversal,gem5,AtomicSimpleCPU,default (CPU model's built-in predictor; GEM5_BP_TYPE not set),32kB,32kB,256kB,20000,1,1029137.0,1433014.0,0.0,0.0,120858.0,1355.0,1432940.0,467.0,1823.0,1777.0,0.000717,0.7182,1.3924,0.0,0.011212,0.000326,branches_total;branch_misses_total
229_b23_popcount_parity__c29_ping_pong_cache_thrash,229_b23_popcount_parity__c29_ping_pong_cache_thrash,gem5,AtomicSimpleCPU,default (CPU model's built-in predictor; GEM5_BP_TYPE not set),32kB,32kB,256kB,20000,1,554626.0,702320.0,0.0,0.0,120848.0,1359.0,702246.0,465.0,1825.0,1777.0,0.000351,0.7897,1.2663,0.0,0.011246,0.000662,branches_total;branch_misses_total
230_b23_popcount_parity__c30_gather_scatter_indirect_table,230_b23_popcount_parity__c30_gather_scatter_indirect_table,gem5,AtomicSimpleCPU,default (CPU model's built-in predictor; GEM5_BP_TYPE not set),32kB,32kB,256kB,20000,1,532931.0,714371.0,0.0,0.0,147122.0,1699.0,714295.0,479.0,2179.0,2047.0,0.000357,0.746,1.3405,0.0,0.011548,0.000671,branches_total;branch_misses_total
231_b24_monotonic_drift_saturating__c21_pyramid_multiresolution_stride,231_b24_monotonic_drift_saturating__c21_pyramid_multiresolution_stride,gem5,AtomicSimpleCPU,default (CPU model's built-in predictor; GEM5_BP_TYPE not set),32kB,32kB,256kB,20000,1,562863.0,698152.0,0.0,0.0,121162.0,1357.0,698076.0,477.0,1835.0,1785.0,0.000349,0.8062,1.2404,0.0,0.0112,0.000683,branches_total;branch_misses_total
232_b24_monotonic_drift_saturating__c22_tensor_3d_slice_poor_locality,232_b24_monotonic_drift_saturating__c22_tensor_3d_slice_poor_locality,gem5,AtomicSimpleCPU,default (CPU model's built-in predictor; GEM5_BP_TYPE not set),32kB,32kB,256kB,20000,1,582770.0,713469.0,0.0,0.0,121148.0,1360.0,713393.0,457.0,1818.0,1768.0,0.000357,0.8168,1.2243,0.0,0.011226,0.000641,branches_total;branch_misses_total
233_b24_monotonic_drift_saturating__c23_struct_of_array_field_burst,233_b24_monotonic_drift_saturating__c23_struct_of_array_field_burst,gem5,AtomicSimpleCPU,default (CPU model's built-in predictor; GEM5_BP_TYPE not set),32kB,32kB,256kB,20000,1,584710.0,700817.0,0.0,0.0,121130.0,1363.0,700741.0,466.0,1830.0,1781.0,0.00035,0.8343,1.1986,0.0,0.011252,0.000665,branches_total;branch_misses_total
234_b24_monotonic_drift_saturating__c24_banked_interleaved_access,234_b24_monotonic_drift_saturating__c24_banked_interleaved_access,gem5,AtomicSimpleCPU,default (CPU model's built-in predictor; GEM5_BP_TYPE not set),32kB,32kB,256kB,20000,1,582606.0,713288.0,0.0,0.0,121081.0,1368.0,713212.0,457.0,1826.0,1776.0,0.000357,0.8168,1.2243,0.0,0.011298,0.000641,branches_total;branch_misses_total
235_b24_monotonic_drift_saturating__c25_lru_recency_weighted_reuse,235_b24_monotonic_drift_saturating__c25_lru_recency_weighted_reuse,gem5,AtomicSimpleCPU,default (CPU model's built-in predictor; GEM5_BP_TYPE not set),32kB,32kB,256kB,20000,1,879797.0,1183460.0,0.0,0.0,156238.0,1359.0,1183382.0,467.0,1827.0,1778.0,0.000592,0.7434,1.3452,0.0,0.008698,0.000395,branches_total;branch_misses_total
236_b24_monotonic_drift_saturating__c26_geometric_stride_growth,236_b24_monotonic_drift_saturating__c26_geometric_stride_growth,gem5,AtomicSimpleCPU,default (CPU model's built-in predictor; GEM5_BP_TYPE not set),32kB,32kB,256kB,20000,1,564202.0,744602.0,0.0,0.0,121084.0,1364.0,744526.0,477.0,1842.0,1792.0,0.000372,0.7577,1.3197,0.0,0.011265,0.000641,branches_total;branch_misses_total
237_b24_monotonic_drift_saturating__c27_reduction_broadcast_pattern,237_b24_monotonic_drift_saturating__c27_reduction_broadcast_pattern,gem5,AtomicSimpleCPU,default (CPU model's built-in predictor; GEM5_BP_TYPE not set),32kB,32kB,256kB,20000,1,556204.0,691893.0,0.0,0.0,121111.0,1357.0,691817.0,469.0,1827.0,1777.0,0.000346,0.8039,1.244,0.0,0.011205,0.000678,branches_total;branch_misses_total
238_b24_monotonic_drift_saturating__c28_morton_zorder_traversal,238_b24_monotonic_drift_saturating__c28_morton_zorder_traversal,gem5,AtomicSimpleCPU,default (CPU model's built-in predictor; GEM5_BP_TYPE not set),32kB,32kB,256kB,20000,1,1132884.0,1345235.0,0.0,0.0,121065.0,1364.0,1345159.0,484.0,1849.0,1801.0,0.000673,0.8421,1.1874,0.0,0.011267,0.00036,branches_total;branch_misses_total
239_b24_monotonic_drift_saturating__c29_ping_pong_cache_thrash,239_b24_monotonic_drift_saturating__c29_ping_pong_cache_thrash,gem5,AtomicSimpleCPU,default (CPU model's built-in predictor; GEM5_BP_TYPE not set),32kB,32kB,256kB,20000,1,574430.0,742653.0,0.0,0.0,121039.0,1363.0,742577.0,457.0,1821.0,1772.0,0.000371,0.7735,1.2929,0.0,0.011261,0.000615,branches_total;branch_misses_total
240_b24_monotonic_drift_saturating__c30_gather_scatter_indirect_table,240_b24_monotonic_drift_saturating__c30_gather_scatter_indirect_table,gem5,AtomicSimpleCPU,default (CPU model's built-in predictor; GEM5_BP_TYPE not set),32kB,32kB,256kB,20000,1,761669.0,874363.0,0.0,0.0,147310.0,1702.0,874287.0,488.0,2191.0,2055.0,0.000437,0.8711,1.148,0.0,0.011554,0.000558,branches_total;branch_misses_total
241_b25_rare_exception_1_in_1024__c21_pyramid_multiresolution_stride,241_b25_rare_exception_1_in_1024__c21_pyramid_multiresolution_stride,gem5,AtomicSimpleCPU,default (CPU model's built-in predictor; GEM5_BP_TYPE not set),32kB,32kB,256kB,20000,1,523620.0,618466.0,0.0,0.0,121136.0,1353.0,618390.0,466.0,1820.0,1771.0,0.000309,0.8466,1.1811,0.0,0.011169,0.000754,branches_total;branch_misses_total
242_b25_rare_exception_1_in_1024__c22_tensor_3d_slice_poor_locality,242_b25_rare_exception_1_in_1024__c22_tensor_3d_slice_poor_locality,gem5,AtomicSimpleCPU,default (CPU model's built-in predictor; GEM5_BP_TYPE not set),32kB,32kB,256kB,20000,1,543533.0,668390.0,0.0,0.0,121127.0,1360.0,668314.0,450.0,1811.0,1763.0,0.000334,0.8132,1.2297,0.0,0.011228,0.000673,branches_total;branch_misses_total
243_b25_rare_exception_1_in_1024__c23_struct_of_array_field_burst,243_b25_rare_exception_1_in_1024__c23_struct_of_array_field_burst,gem5,AtomicSimpleCPU,default (CPU model's built-in predictor; GEM5_BP_TYPE not set),32kB,32kB,256kB,20000,1,545478.0,676284.0,0.0,0.0,121106.0,1359.0,676208.0,464.0,1824.0,1777.0,0.000338,0.8066,1.2398,0.0,0.011222,0.000686,branches_total;branch_misses_total
244_b25_rare_exception_1_in_1024__c24_banked_interleaved_access,244_b25_rare_exception_1_in_1024__c24_banked_interleaved_access,gem5,AtomicSimpleCPU,default (CPU model's built-in predictor; GEM5_BP_TYPE not set),32kB,32kB,256kB,20000,1,543377.0,668215.0,0.0,0.0,121058.0,1364.0,668139.0,449.0,1814.0,1766.0,0.000334,0.8132,1.2297,0.0,0.011267,0.000672,branches_total;branch_misses_total
245_b25_rare_exception_1_in_1024__c25_lru_recency_weighted_reuse,245_b25_rare_exception_1_in_1024__c25_lru_recency_weighted_reuse,gem5,AtomicSimpleCPU,default (CPU model's built-in predictor; GEM5_BP_TYPE not set),32kB,32kB,256kB,20000,1,774508.0,1089642.0,0.0,0.0,156211.0,1350.0,1089564.0,477.0,1828.0,1781.0,0.000545,0.7108,1.4069,0.0,0.008642,0.000438,branches_total;branch_misses_total
246_b25_rare_exception_1_in_1024__c26_geometric_stride_growth,246_b25_rare_exception_1_in_1024__c26_geometric_stride_growth,gem5,AtomicSimpleCPU,default (CPU model's built-in predictor; GEM5_BP_TYPE not set),32kB,32kB,256kB,20000,1,524974.0,742082.0,0.0,0.0,121027.0,1354.0,742006.0,473.0,1828.0,1780.0,0.000371,0.7074,1.4136,0.0,0.011188,0.000637,branches_total;branch_misses_total
247_b25_rare_exception_1_in_1024__c27_reduction_broadcast_pattern,247_b25_rare_exception_1_in_1024__c27_reduction_broadcast_pattern,gem5,AtomicSimpleCPU,default (CPU model's built-in predictor; GEM5_BP_TYPE not set),32kB,32kB,256kB,20000,1,516971.0,581821.0,0.0,0.0,121091.0,1364.0,581745.0,454.0,1819.0,1770.0,0.000291,0.8885,1.1254,0.0,0.011264,0.00078,branches_total;branch_misses_total
248_b25_rare_exception_1_in_1024__c28_morton_zorder_traversal,248_b25_rare_exception_1_in_1024__c28_morton_zorder_traversal,gem5,AtomicSimpleCPU,default (CPU model's built-in predictor; GEM5_BP_TYPE not set),32kB,32kB,256kB,20000,1,1047611.0,1442537.0,0.0,0.0,121073.0,1351.0,1442461.0,457.0,1809.0,1762.0,0.000721,0.7262,1.377,0.0,0.011159,0.000317,branches_total;branch_misses_total
249_b25_rare_exception_1_in_1024__c29_ping_pong_cache_thrash,249_b25_rare_exception_1_in_1024__c29_ping_pong_cache_thrash,gem5,AtomicSimpleCPU,default (CPU model's built-in predictor; GEM5_BP_TYPE not set),32kB,32kB,256kB,20000,1,537186.0,623987.0,0.0,0.0,121013.0,1358.0,623911.0,449.0,1808.0,1760.0,0.000312,0.8609,1.1616,0.0,0.011222,0.00072,branches_total;branch_misses_total
250_b25_rare_exception_1_in_1024__c30_gather_scatter_indirect_table,250_b25_rare_exception_1_in_1024__c30_gather_scatter_indirect_table,gem5,AtomicSimpleCPU,default (CPU model's built-in predictor; GEM5_BP_TYPE not set),32kB,32kB,256kB,20000,1,526378.0,741804.0,0.0,0.0,147283.0,1697.0,741728.0,475.0,2173.0,2040.0,0.000371,0.7096,1.4093,0.0,0.011522,0.00064,branches_total;branch_misses_total
251_b26_warmup_then_steady__c21_pyramid_multiresolution_stride,251_b26_warmup_then_steady__c21_pyramid_multiresolution_stride,gem5,AtomicSimpleCPU,default (CPU model's built-in predictor; GEM5_BP_TYPE not set),32kB,32kB,256kB,20000,1,484288.0,616094.0,0.0,0.0,121031.0,1354.0,616018.0,469.0,1824.0,1777.0,0.000308,0.7861,1.2722,0.0,0.011187,0.000761,branches_total;branch_misses_total
252_b26_warmup_then_steady__c22_tensor_3d_slice_poor_locality,252_b26_warmup_then_steady__c22_tensor_3d_slice_poor_locality,gem5,AtomicSimpleCPU,default (CPU model's built-in predictor; GEM5_BP_TYPE not set),32kB,32kB,256kB,20000,1,504194.0,617484.0,0.0,0.0,121016.0,1357.0,617408.0,475.0,1833.0,1784.0,0.000309,0.8165,1.2247,0.0,0.011213,0.000769,branches_total;branch_misses_total
253_b26_warmup_then_steady__c23_struct_of_array_field_burst,253_b26_warmup_then_steady__c23_struct_of_array_field_burst,gem5,AtomicSimpleCPU,default (CPU model's built-in predictor; GEM5_BP_TYPE not set),32kB,32kB,256kB,20000,1,506134.0,617911.0,0.0,0.0,120997.0,1358.0,617835.0,465.0,1824.0,1777.0,0.000309,0.8191,1.2208,0.0,0.011223,0.000753,branches_total;branch_misses_total
254_b26_warmup_then_steady__c24_banked_interleaved_access,254_b26_warmup_then_steady__c24_banked_interleaved_access,gem5,AtomicSimpleCPU,default (CPU model's built-in predictor; GEM5_BP_TYPE not set),32kB,32kB,256kB,20000,1,504030.0,617303.0,0.0,0.0,120949.0,1365.0,617227.0,475.0,1841.0,1792.0,0.000309,0.8165,1.2247,0.0,0.011286,0.00077,branches_total;branch_misses_total
255_b26_warmup_then_steady__c25_lru_recency_weighted_reuse,255_b26_warmup_then_steady__c25_lru_recency_weighted_reuse,gem5,AtomicSimpleCPU,default (CPU model's built-in predictor; GEM5_BP_TYPE not set),32kB,32kB,256kB,20000,1,735724.0,1036902.0,0.0,0.0,156122.0,1368.0,1036824.0,454.0,1823.0,1773.0,0.000518,0.7095,1.4094,0.0,0.008762,0.000438,branches_total;branch_misses_total
256_b26_warmup_then_steady__c26_geometric_stride_growth,256_b26_warmup_then_steady__c26_geometric_stride_growth,gem5,AtomicSimpleCPU,default (CPU model's built-in predictor; GEM5_BP_TYPE not set),32kB,32kB,256kB,20000,1,485621.0,642725.0,0.0,0.0,120911.0,1354.0,642651.0,466.0,1821.0,1774.0,0.000321,0.7556,1.3235,0.0,0.011198,0.000725,branches_total;branch_misses_total
257_b26_warmup_then_steady__c27_reduction_broadcast_pattern,257_b26_warmup_then_steady__c27_reduction_broadcast_pattern,gem5,AtomicSimpleCPU,default (CPU model's built-in predictor; GEM5_BP_TYPE not set),32kB,32kB,256kB,20000,1,457628.0,594669.0,0.0,0.0,120997.0,1358.0,594593.0,471.0,1830.0,1783.0,0.000297,0.7696,1.2995,0.0,0.011223,0.000792,branches_total;branch_misses_total
258_b26_warmup_then_steady__c28_morton_zorder_traversal,258_b26_warmup_then_steady__c28_morton_zorder_traversal,gem5,AtomicSimpleCPU,default (CPU model's built-in predictor; GEM5_BP_TYPE not set),32kB,32kB,256kB,20000,1,1007296.0,1267192.0,0.0,0.0,120950.0,1368.0,1267118.0,472.0,1841.0,1794.0,0.000634,0.7949,1.258,0.0,0.01131,0.000372,branches_total;branch_misses_total
259_b26_warmup_then_steady__c29_ping_pong_cache_thrash,259_b26_warmup_then_steady__c29_ping_pong_cache_thrash,gem5,AtomicSimpleCPU,default (CPU model's built-in predictor; GEM5_BP_TYPE not set),32kB,32kB,256kB,20000,1,497344.0,607590.0,0.0,0.0,120903.0,1361.0,607516.0,474.0,1836.0,1787.0,0.000304,0.8186,1.2217,0.0,0.011257,0.00078,branches_total;branch_misses_total
260_b26_warmup_then_steady__c30_gather_scatter_indirect_table,260_b26_warmup_then_steady__c30_gather_scatter_indirect_table,gem5,AtomicSimpleCPU,default (CPU model's built-in predictor; GEM5_BP_TYPE not set),32kB,32kB,256kB,20000,1,485565.0,571832.0,0.0,0.0,147174.0,1694.0,571756.0,478.0,2173.0,2042.0,0.000286,0.8491,1.1777,0.0,0.01151,0.000836,branches_total;branch_misses_total
261_b27_meta_correlated_nested__c21_pyramid_multiresolution_stride,261_b27_meta_correlated_nested__c21_pyramid_multiresolution_stride,gem5,AtomicSimpleCPU,default (CPU model's built-in predictor; GEM5_BP_TYPE not set),32kB,32kB,256kB,20000,1,591948.0,759079.0,0.0,0.0,121110.0,1357.0,759003.0,466.0,1824.0,1777.0,0.00038,0.7798,1.2823,0.0,0.011205,0.000614,branches_total;branch_misses_total
262_b27_meta_correlated_nested__c22_tensor_3d_slice_poor_locality,262_b27_meta_correlated_nested__c22_tensor_3d_slice_poor_locality,gem5,AtomicSimpleCPU,default (CPU model's built-in predictor; GEM5_BP_TYPE not set),32kB,32kB,256kB,20000,1,609417.0,815704.0,0.0,0.0,121071.0,1366.0,815628.0,471.0,1838.0,1790.0,0.000408,0.7471,1.3385,0.0,0.011283,0.000577,branches_total;branch_misses_total
263_b27_meta_correlated_nested__c23_struct_of_array_field_burst,263_b27_meta_correlated_nested__c23_struct_of_array_field_burst,gem5,AtomicSimpleCPU,default (CPU model's built-in predictor; GEM5_BP_TYPE not set),32kB,32kB,256kB,20000,1,613817.0,750209.0,0.0,0.0,121053.0,1364.0,750133.0,458.0,1823.0,1775.0,0.000375,0.8182,1.2222,0.0,0.011268,0.000611,branches_total;branch_misses_total
264_b27_meta_correlated_nested__c24_banked_interleaved_access,264_b27_meta_correlated_nested__c24_banked_interleaved_access,gem5,AtomicSimpleCPU,default (CPU model's built-in predictor; GEM5_BP_TYPE not set),32kB,32kB,256kB,20000,1,611699.0,817236.0,0.0,0.0,121029.0,1357.0,817160.0,473.0,1831.0,1784.0,0.000409,0.7485,1.336,0.0,0.011212,0.000579,branches_total;branch_misses_total
265_b27_meta_correlated_nested__c25_lru_recency_weighted_reuse,265_b27_meta_correlated_nested__c25_lru_recency_weighted_reuse,gem5,AtomicSimpleCPU,default (CPU model's built-in predictor; GEM5_BP_TYPE not set),32kB,32kB,256kB,20000,1,834911.0,1135231.0,0.0,0.0,156188.0,1360.0,1135153.0,473.0,1834.0,1783.0,0.000568,0.7355,1.3597,0.0,0.008707,0.000417,branches_total;branch_misses_total
266_b27_meta_correlated_nested__c26_geometric_stride_growth,266_b27_meta_correlated_nested__c26_geometric_stride_growth,gem5,AtomicSimpleCPU,default (CPU model's built-in predictor; GEM5_BP_TYPE not set),32kB,32kB,256kB,20000,1,593291.0,707484.0,0.0,0.0,121014.0,1366.0,707408.0,476.0,1843.0,1794.0,0.000354,0.8386,1.1925,0.0,0.011288,0.000673,branches_total;branch_misses_total
267_b27_meta_correlated_nested__c27_reduction_broadcast_pattern,267_b27_meta_correlated_nested__c27_reduction_broadcast_pattern,gem5,AtomicSimpleCPU,default (CPU model's built-in predictor; GEM5_BP_TYPE not set),32kB,32kB,256kB,20000,1,608303.0,726735.0,0.0,0.0,121061.0,1357.0,726659.0,472.0,1830.0,1783.0,0.000363,0.837,1.1947,0.0,0.011209,0.00065,branches_total;branch_misses_total
268_b27_meta_correlated_nested__c28_morton_zorder_traversal,268_b27_meta_correlated_nested__c28_morton_zorder_traversal,gem5,AtomicSimpleCPU,default (CPU model's built-in predictor; GEM5_BP_TYPE not set),32kB,32kB,256kB,20000,1,1108966.0,1345818.0,0.0,0.0,121025.0,1358.0,1345742.0,470.0,1829.0,1781.0,0.000673,0.824,1.2136,0.0,0.011221,0.000349,branches_total;branch_misses_total
269_b27_meta_correlated_nested__c29_ping_pong_cache_thrash,269_b27_meta_correlated_nested__c29_ping_pong_cache_thrash,gem5,AtomicSimpleCPU,default (CPU model's built-in predictor; GEM5_BP_TYPE not set),32kB,32kB,256kB,20000,1,603517.0,670286.0,0.0,0.0,120958.0,1364.0,670210.0,471.0,1836.0,1788.0,0.000335,0.9004,1.1106,0.0,0.011277,0.000703,branches_total;branch_misses_total
270_b27_meta_correlated_nested__c30_gather_scatter_indirect_table,270_b27_meta_correlated_nested__c30_gather_scatter_indirect_table,gem5,AtomicSimpleCPU,default (CPU model's built-in predictor; GEM5_BP_TYPE not set),32kB,32kB,256kB,20000,1,668124.0,905907.0,0.0,0.0,147243.0,1704.0,905831.0,474.0,2179.0,2047.0,0.000453,0.7375,1.3559,0.0,0.011573,0.000523,branches_total;branch_misses_total
271_b28_data_driven_stack_machine__c21_pyramid_multiresolution_stride,271_b28_data_driven_stack_machine__c21_pyramid_multiresolution_stride,gem5,AtomicSimpleCPU,default (CPU model's built-in predictor; GEM5_BP_TYPE not set),32kB,32kB,256kB,20000,1,587071.0,758060.0,0.0,0.0,121162.0,1363.0,757984.0,468.0,1832.0,1781.0,0.000379,0.7744,1.2913,0.0,0.011249,0.000617,branches_total;branch_misses_total
272_b28_data_driven_stack_machine__c22_tensor_3d_slice_poor_locality,272_b28_data_driven_stack_machine__c22_tensor_3d_slice_poor_locality,gem5,AtomicSimpleCPU,default (CPU model's built-in predictor; GEM5_BP_TYPE not set),32kB,32kB,256kB,20000,1,596604.0,719365.0,0.0,0.0,121134.0,1360.0,719289.0,450.0,1811.0,1762.0,0.00036,0.8293,1.2058,0.0,0.011227,0.000626,branches_total;branch_misses_total
273_b28_data_driven_stack_machine__c23_struct_of_array_field_burst,273_b28_data_driven_stack_machine__c23_struct_of_array_field_burst,gem5,AtomicSimpleCPU,default (CPU model's built-in predictor; GEM5_BP_TYPE not set),32kB,32kB,256kB,20000,1,611392.0,820529.0,0.0,0.0,121115.0,1365.0,820453.0,466.0,1832.0,1783.0,0.00041,0.7451,1.3421,0.0,0.01127,0.000568,branches_total;branch_misses_total
274_b28_data_driven_stack_machine__c24_banked_interleaved_access,274_b28_data_driven_stack_machine__c24_banked_interleaved_access,gem5,AtomicSimpleCPU,default (CPU model's built-in predictor; GEM5_BP_TYPE not set),32kB,32kB,256kB,20000,1,609278.0,734052.0,0.0,0.0,121068.0,1369.0,733976.0,452.0,1822.0,1773.0,0.000367,0.83,1.2048,0.0,0.011308,0.000616,branches_total;branch_misses_total
275_b28_data_driven_stack_machine__c25_lru_recency_weighted_reuse,275_b28_data_driven_stack_machine__c25_lru_recency_weighted_reuse,gem5,AtomicSimpleCPU,default (CPU model's built-in predictor; GEM5_BP_TYPE not set),32kB,32kB,256kB,20000,1,816756.0,1071692.0,0.0,0.0,156254.0,1357.0,1071614.0,478.0,1836.0,1786.0,0.000536,0.7621,1.3121,0.0,0.008685,0.000446,branches_total;branch_misses_total
276_b28_data_driven_stack_machine__c26_geometric_stride_growth,276_b28_data_driven_stack_machine__c26_geometric_stride_growth,gem5,AtomicSimpleCPU,default (CPU model's built-in predictor; GEM5_BP_TYPE not set),32kB,32kB,256kB,20000,1,590887.0,715018.0,0.0,0.0,121053.0,1363.0,714942.0,466.0,1830.0,1781.0,0.000358,0.8264,1.2101,0.0,0.01126,0.000652,branches_total;branch_misses_total
277_b28_data_driven_stack_machine__c27_reduction_broadcast_pattern,277_b28_data_driven_stack_machine__c27_reduction_broadcast_pattern,gem5,AtomicSimpleCPU,default (CPU model's built-in predictor; GEM5_BP_TYPE not set),32kB,32kB,256kB,20000,1,582896.0,752715.0,0.0,0.0,121102.0,1370.0,752639.0,458.0,1829.0,1779.0,0.000376,0.7744,1.2913,0.0,0.011313,0.000609,branches_total;branch_misses_total
278_b28_data_driven_stack_machine__c28_morton_zorder_traversal,278_b28_data_driven_stack_machine__c28_morton_zorder_traversal,gem5,AtomicSimpleCPU,default (CPU model's built-in predictor; GEM5_BP_TYPE not set),32kB,32kB,256kB,20000,1,1130053.0,1621945.0,0.0,0.0,121065.0,1357.0,1621869.0,461.0,1819.0,1769.0,0.000811,0.6967,1.4353,0.0,0.011209,0.000284,branches_total;branch_misses_total
279_b28_data_driven_stack_machine__c29_ping_pong_cache_thrash,279_b28_data_driven_stack_machine__c29_ping_pong_cache_thrash,gem5,AtomicSimpleCPU,default (CPU model's built-in predictor; GEM5_BP_TYPE not set),32kB,32kB,256kB,20000,1,599107.0,721346.0,0.0,0.0,121021.0,1360.0,721270.0,463.0,1824.0,1775.0,0.000361,0.8305,1.204,0.0,0.011238,0.000642,branches_total;branch_misses_total
280_b28_data_driven_stack_machine__c30_gather_scatter_indirect_table,280_b28_data_driven_stack_machine__c30_gather_scatter_indirect_table,gem5,AtomicSimpleCPU,default (CPU model's built-in predictor; GEM5_BP_TYPE not set),32kB,32kB,256kB,20000,1,577384.0,671676.0,0.0,0.0,147311.0,1696.0,671600.0,480.0,2177.0,2042.0,0.000336,0.8596,1.1633,0.0,0.011513,0.000715,branches_total;branch_misses_total
281_b29_bursty_streak_pattern__c21_pyramid_multiresolution_stride,281_b29_bursty_streak_pattern__c21_pyramid_multiresolution_stride,gem5,AtomicSimpleCPU,default (CPU model's built-in predictor; GEM5_BP_TYPE not set),32kB,32kB,256kB,20000,1,619419.0,756910.0,0.0,0.0,121084.0,1359.0,756834.0,473.0,1832.0,1780.0,0.000378,0.8184,1.222,0.0,0.011224,0.000625,branches_total;branch_misses_total
282_b29_bursty_streak_pattern__c22_tensor_3d_slice_poor_locality,282_b29_bursty_streak_pattern__c22_tensor_3d_slice_poor_locality,gem5,AtomicSimpleCPU,default (CPU model's built-in predictor; GEM5_BP_TYPE not set),32kB,32kB,256kB,20000,1,622301.0,773470.0,0.0,0.0,121058.0,1371.0,773394.0,467.0,1838.0,1786.0,0.000387,0.8046,1.2429,0.0,0.011325,0.000604,branches_total;branch_misses_total
283_b29_bursty_streak_pattern__c23_struct_of_array_field_burst,283_b29_bursty_streak_pattern__c23_struct_of_array_field_burst,gem5,AtomicSimpleCPU,default (CPU model's built-in predictor; GEM5_BP_TYPE not set),32kB,32kB,256kB,20000,1,711067.0,1014481.0,0.0,0.0,121052.0,1354.0,1014405.0,467.0,1821.0,1770.0,0.000507,0.7009,1.4267,0.0,0.011185,0.00046,branches_total;branch_misses_total
284_b29_bursty_streak_pattern__c24_banked_interleaved_access,284_b29_bursty_streak_pattern__c24_banked_interleaved_access,gem5,AtomicSimpleCPU,default (CPU model's built-in predictor; GEM5_BP_TYPE not set),32kB,32kB,256kB,20000,1,622131.0,773282.0,0.0,0.0,120999.0,1359.0,773206.0,467.0,1826.0,1775.0,0.000387,0.8045,1.243,0.0,0.011231,0.000604,branches_total;branch_misses_total
285_b29_bursty_streak_pattern__c25_lru_recency_weighted_reuse,285_b29_bursty_streak_pattern__c25_lru_recency_weighted_reuse,gem5,AtomicSimpleCPU,default (CPU model's built-in predictor; GEM5_BP_TYPE not set),32kB,32kB,256kB,20000,1,874018.0,1076459.0,0.0,0.0,156158.0,1358.0,1076381.0,477.0,1835.0,1786.0,0.000538,0.8119,1.2316,0.0,0.008696,0.000443,branches_total;branch_misses_total
286_b29_bursty_streak_pattern__c26_geometric_stride_growth,286_b29_bursty_streak_pattern__c26_geometric_stride_growth,gem5,AtomicSimpleCPU,default (CPU model's built-in predictor; GEM5_BP_TYPE not set),32kB,32kB,256kB,20000,1,690545.0,797986.0,0.0,0.0,120973.0,1361.0,797910.0,467.0,1828.0,1777.0,0.000399,0.8654,1.1556,0.0,0.01125,0.000585,branches_total;branch_misses_total
287_b29_bursty_streak_pattern__c27_reduction_broadcast_pattern,287_b29_bursty_streak_pattern__c27_reduction_broadcast_pattern,gem5,AtomicSimpleCPU,default (CPU model's built-in predictor; GEM5_BP_TYPE not set),32kB,32kB,256kB,20000,1,612773.0,722437.0,0.0,0.0,121036.0,1359.0,722361.0,472.0,1831.0,1780.0,0.000361,0.8482,1.179,0.0,0.011228,0.000653,branches_total;branch_misses_total
288_b29_bursty_streak_pattern__c28_morton_zorder_traversal,288_b29_bursty_streak_pattern__c28_morton_zorder_traversal,gem5,AtomicSimpleCPU,default (CPU model's built-in predictor; GEM5_BP_TYPE not set),32kB,32kB,256kB,20000,1,1221879.0,2118045.0,0.0,0.0,120983.0,1355.0,2117969.0,473.0,1828.0,1778.0,0.001059,0.5769,1.7334,0.0,0.0112,0.000223,branches_total;branch_misses_total
289_b29_bursty_streak_pattern__c29_ping_pong_cache_thrash,289_b29_bursty_streak_pattern__c29_ping_pong_cache_thrash,gem5,AtomicSimpleCPU,default (CPU model's built-in predictor; GEM5_BP_TYPE not set),32kB,32kB,256kB,20000,1,628987.0,775775.0,0.0,0.0,120960.0,1366.0,775699.0,478.0,1844.0,1790.0,0.000388,0.8108,1.2334,0.0,0.011293,0.000616,branches_total;branch_misses_total
290_b29_bursty_streak_pattern__c30_gather_scatter_indirect_table,290_b29_bursty_streak_pattern__c30_gather_scatter_indirect_table,gem5,AtomicSimpleCPU,default (CPU model's built-in predictor; GEM5_BP_TYPE not set),32kB,32kB,256kB,20000,1,601182.0,772316.0,0.0,0.0,147228.0,1707.0,772240.0,485.0,2192.0,2051.0,0.000386,0.7784,1.2847,0.0,0.011594,0.000628,branches_total;branch_misses_total
291_b30_periodic_interrupt_override__c21_pyramid_multiresolution_stride,291_b30_periodic_interrupt_override__c21_pyramid_multiresolution_stride,gem5,AtomicSimpleCPU,default (CPU model's built-in predictor; GEM5_BP_TYPE not set),32kB,32kB,256kB,20000,1,610386.0,825192.0,0.0,0.0,121179.0,1354.0,825116.0,468.0,1823.0,1774.0,0.000413,0.7397,1.3519,0.0,0.011174,0.000567,branches_total;branch_misses_total
292_b30_periodic_interrupt_override__c22_tensor_3d_slice_poor_locality,292_b30_periodic_interrupt_override__c22_tensor_3d_slice_poor_locality,gem5,AtomicSimpleCPU,default (CPU model's built-in predictor; GEM5_BP_TYPE not set),32kB,32kB,256kB,20000,1,630299.0,811013.0,0.0,0.0,121168.0,1357.0,810937.0,450.0,1808.0,1760.0,0.000406,0.7772,1.2867,0.0,0.011199,0.000555,branches_total;branch_misses_total
293_b30_periodic_interrupt_override__c23_struct_of_array_field_burst,293_b30_periodic_interrupt_override__c23_struct_of_array_field_burst,gem5,AtomicSimpleCPU,default (CPU model's built-in predictor; GEM5_BP_TYPE not set),32kB,32kB,256kB,20000,1,632230.0,813024.0,0.0,0.0,121126.0,1354.0,812948.0,468.0,1823.0,1775.0,0.000407,0.7776,1.286,0.0,0.011178,0.000576,branches_total;branch_misses_total
294_b30_periodic_interrupt_override__c24_banked_interleaved_access,294_b30_periodic_interrupt_override__c24_banked_interleaved_access,gem5,AtomicSimpleCPU,default (CPU model's built-in predictor; GEM5_BP_TYPE not set),32kB,32kB,256kB,20000,1,630129.0,810825.0,0.0,0.0,121100.0,1365.0,810749.0,450.0,1816.0,1768.0,0.000405,0.7771,1.2868,0.0,0.011272,0.000555,branches_total;branch_misses_total
295_b30_periodic_interrupt_override__c25_lru_recency_weighted_reuse,295_b30_periodic_interrupt_override__c25_lru_recency_weighted_reuse,gem5,AtomicSimpleCPU,default (CPU model's built-in predictor; GEM5_BP_TYPE not set),32kB,32kB,256kB,20000,1,862972.0,1070909.0,0.0,0.0,156268.0,1359.0,1070831.0,473.0,1833.0,1782.0,0.000535,0.8058,1.241,0.0,0.008697,0.000442,branches_total;branch_misses_total
296_b30_periodic_interrupt_override__c26_geometric_stride_growth,296_b30_periodic_interrupt_override__c26_geometric_stride_growth,gem5,AtomicSimpleCPU,default (CPU model's built-in predictor; GEM5_BP_TYPE not set),32kB,32kB,256kB,20000,1,651098.0,815627.0,0.0,0.0,121068.0,1357.0,815551.0,477.0,1835.0,1787.0,0.000408,0.7983,1.2527,0.0,0.011209,0.000585,branches_total;branch_misses_total
297_b30_periodic_interrupt_override__c27_reduction_broadcast_pattern,297_b30_periodic_interrupt_override__c27_reduction_broadcast_pattern,gem5,AtomicSimpleCPU,default (CPU model's built-in predictor; GEM5_BP_TYPE not set),32kB,32kB,256kB,20000,1,603727.0,722933.0,0.0,0.0,121133.0,1364.0,722857.0,456.0,1821.0,1772.0,0.000361,0.8351,1.1975,0.0,0.01126,0.000631,branches_total;branch_misses_total
298_b30_periodic_interrupt_override__c28_morton_zorder_traversal,298_b30_periodic_interrupt_override__c28_morton_zorder_traversal,gem5,AtomicSimpleCPU,default (CPU model's built-in predictor; GEM5_BP_TYPE not set),32kB,32kB,256kB,20000,1,1238732.0,1606517.0,0.0,0.0,121076.0,1359.0,1606441.0,473.0,1833.0,1786.0,0.000803,0.7711,1.2969,0.0,0.011224,0.000294,branches_total;branch_misses_total
299_b30_periodic_interrupt_override__c29_ping_pong_cache_thrash,299_b30_periodic_interrupt_override__c29_ping_pong_cache_thrash,gem5,AtomicSimpleCPU,default (CPU model's built-in predictor; GEM5_BP_TYPE not set),32kB,32kB,256kB,20000,1,621953.0,757621.0,0.0,0.0,121058.0,1360.0,757545.0,456.0,1817.0,1769.0,0.000379,0.8209,1.2181,0.0,0.011234,0.000602,branches_total;branch_misses_total
300_b30_periodic_interrupt_override__c30_gather_scatter_indirect_table,300_b30_periodic_interrupt_override__c30_gather_scatter_indirect_table,gem5,AtomicSimpleCPU,default (CPU model's built-in predictor; GEM5_BP_TYPE not set),32kB,32kB,256kB,20000,1,611346.0,796238.0,0.0,0.0,147326.0,1695.0,796162.0,471.0,2167.0,2036.0,0.000398,0.7678,1.3024,0.0,0.011505,0.000592,branches_total;branch_misses_total
301_b31_prime_period13__c31_fibonacci_stride,301_b31_prime_period13__c31_fibonacci_stride,gem5,AtomicSimpleCPU,default (CPU model's built-in predictor; GEM5_BP_TYPE not set),32kB,32kB,256kB,20000,1,586644.0,778243.0,0.0,0.0,120735.0,1358.0,778169.0,472.0,1831.0,1784.0,0.000389,0.7538,1.3266,0.0,0.011248,0.000607,branches_total;branch_misses_total
302_b31_prime_period13__c32_hilbert_curve_traversal,302_b31_prime_period13__c32_hilbert_curve_traversal,gem5,AtomicSimpleCPU,default (CPU model's built-in predictor; GEM5_BP_TYPE not set),32kB,32kB,256kB,20000,1,2608356.0,3092207.0,0.0,0.0,120967.0,1357.0,3092133.0,470.0,1828.0,1780.0,0.001546,0.8435,1.1855,0.0,0.011218,0.000152,branches_total;branch_misses_total
303_b31_prime_period13__c33_cache_set_conflict_stress,303_b31_prime_period13__c33_cache_set_conflict_stress,gem5,AtomicSimpleCPU,default (CPU model's built-in predictor; GEM5_BP_TYPE not set),32kB,32kB,256kB,20000,1,367078.0,501509.0,0.0,0.0,76883.0,1361.0,501435.0,474.0,1836.0,1786.0,0.000251,0.7319,1.3662,0.0,0.017702,0.000945,branches_total;branch_misses_total
304_b31_prime_period13__c34_variable_length_burst_reuse,304_b31_prime_period13__c34_variable_length_burst_reuse,gem5,AtomicSimpleCPU,default (CPU model's built-in predictor; GEM5_BP_TYPE not set),32kB,32kB,256kB,20000,1,498551.0,641255.0,0.0,0.0,120907.0,1358.0,641181.0,472.0,1831.0,1784.0,0.000321,0.7775,1.2862,0.0,0.011232,0.000736,branches_total;branch_misses_total
305_b31_prime_period13__c35_checkerboard_red_black,305_b31_prime_period13__c35_checkerboard_red_black,gem5,AtomicSimpleCPU,default (CPU model's built-in predictor; GEM5_BP_TYPE not set),32kB,32kB,256kB,20000,1,609292.0,696136.0,0.0,0.0,120844.0,1359.0,696062.0,470.0,1830.0,1783.0,0.000348,0.8752,1.1425,0.0,0.011246,0.000675,branches_total;branch_misses_total
306_b31_prime_period13__c36_im2col_overlapping_patch_gather,306_b31_prime_period13__c36_im2col_overlapping_patch_gather,gem5,AtomicSimpleCPU,default (CPU model's built-in predictor; GEM5_BP_TYPE not set),32kB,32kB,256kB,20000,1,541426.0,728049.0,0.0,0.0,120992.0,1358.0,727973.0,475.0,1834.0,1785.0,0.000364,0.7437,1.3447,0.0,0.011224,0.000652,branches_total;branch_misses_total
307_b31_prime_period13__c37_double_buffer_epoch_alternation,307_b31_prime_period13__c37_double_buffer_epoch_alternation,gem5,AtomicSimpleCPU,default (CPU model's built-in predictor; GEM5_BP_TYPE not set),32kB,32kB,256kB,20000,1,513421.0,591272.0,0.0,0.0,120977.0,1352.0,591196.0,464.0,1817.0,1771.0,0.000296,0.8683,1.1516,0.0,0.011176,0.000785,branches_total;branch_misses_total
308_b31_prime_period13__c38_cuckoo_double_hash_probe,308_b31_prime_period13__c38_cuckoo_double_hash_probe,gem5,AtomicSimpleCPU,default (CPU model's built-in predictor; GEM5_BP_TYPE not set),32kB,32kB,256kB,20000,1,543071.0,669735.0,0.0,0.0,120872.0,1359.0,669661.0,456.0,1816.0,1768.0,0.000335,0.8109,1.2332,0.0,0.011243,0.000681,branches_total;branch_misses_total
309_b31_prime_period13__c39_bounded_random_walk,309_b31_prime_period13__c39_bounded_random_walk,gem5,AtomicSimpleCPU,default (CPU model's built-in predictor; GEM5_BP_TYPE not set),32kB,32kB,256kB,20000,1,608799.0,774727.0,0.0,0.0,120780.0,1349.0,774653.0,466.0,1816.0,1769.0,0.000387,0.7858,1.2725,0.0,0.011169,0.000602,branches_total;branch_misses_total
310_b31_prime_period13__c40_causal_attention_triangular,310_b31_prime_period13__c40_causal_attention_triangular,gem5,AtomicSimpleCPU,default (CPU model's built-in predictor; GEM5_BP_TYPE not set),32kB,32kB,256kB,20000,1,609539.0,756517.0,0.0,0.0,120920.0,1357.0,756443.0,479.0,1837.0,1789.0,0.000378,0.8057,1.2411,0.0,0.011222,0.000633,branches_total;branch_misses_total
311_b32_emulated_2bit_saturating_counter__c31_fibonacci_stride,311_b32_emulated_2bit_saturating_counter__c31_fibonacci_stride,gem5,AtomicSimpleCPU,default (CPU model's built-in predictor; GEM5_BP_TYPE not set),32kB,32kB,256kB,20000,1,678454.0,744455.0,0.0,0.0,121074.0,1367.0,744379.0,458.0,1826.0,1773.0,0.000372,0.9113,1.0973,0.0,0.011291,0.000615,branches_total;branch_misses_total
312_b32_emulated_2bit_saturating_counter__c32_hilbert_curve_traversal,312_b32_emulated_2bit_saturating_counter__c32_hilbert_curve_traversal,gem5,AtomicSimpleCPU,default (CPU model's built-in predictor; GEM5_BP_TYPE not set),32kB,32kB,256kB,20000,1,2714780.0,3713850.0,0.0,0.0,121254.0,1357.0,3713774.0,474.0,1832.0,1780.0,0.001857,0.731,1.368,0.0,0.011191,0.000128,branches_total;branch_misses_total
313_b32_emulated_2bit_saturating_counter__c33_cache_set_conflict_stress,313_b32_emulated_2bit_saturating_counter__c33_cache_set_conflict_stress,gem5,AtomicSimpleCPU,default (CPU model's built-in predictor; GEM5_BP_TYPE not set),32kB,32kB,256kB,20000,1,468748.0,540616.0,0.0,0.0,77173.0,1360.0,540540.0,467.0,1828.0,1775.0,0.00027,0.8671,1.1533,0.0,0.017623,0.000864,branches_total;branch_misses_total
314_b32_emulated_2bit_saturating_counter__c34_variable_length_burst_reuse,314_b32_emulated_2bit_saturating_counter__c34_variable_length_burst_reuse,gem5,AtomicSimpleCPU,default (CPU model's built-in predictor; GEM5_BP_TYPE not set),32kB,32kB,256kB,20000,1,631202.0,773751.0,0.0,0.0,121227.0,1359.0,773675.0,458.0,1818.0,1768.0,0.000387,0.8158,1.2258,0.0,0.01121,0.000592,branches_total;branch_misses_total
315_b32_emulated_2bit_saturating_counter__c35_checkerboard_red_black,315_b32_emulated_2bit_saturating_counter__c35_checkerboard_red_black,gem5,AtomicSimpleCPU,default (CPU model's built-in predictor; GEM5_BP_TYPE not set),32kB,32kB,256kB,20000,1,721547.0,968235.0,0.0,0.0,121146.0,1363.0,968159.0,474.0,1838.0,1787.0,0.000484,0.7452,1.3419,0.0,0.011251,0.00049,branches_total;branch_misses_total
316_b32_emulated_2bit_saturating_counter__c36_im2col_overlapping_patch_gather,316_b32_emulated_2bit_saturating_counter__c36_im2col_overlapping_patch_gather,gem5,AtomicSimpleCPU,default (CPU model's built-in predictor; GEM5_BP_TYPE not set),32kB,32kB,256kB,20000,1,633507.0,860684.0,0.0,0.0,121305.0,1374.0,860608.0,474.0,1849.0,1798.0,0.00043,0.7361,1.3586,0.0,0.011327,0.000551,branches_total;branch_misses_total
317_b32_emulated_2bit_saturating_counter__c37_double_buffer_epoch_alternation,317_b32_emulated_2bit_saturating_counter__c37_double_buffer_epoch_alternation,gem5,AtomicSimpleCPU,default (CPU model's built-in predictor; GEM5_BP_TYPE not set),32kB,32kB,256kB,20000,1,602876.0,829780.0,0.0,0.0,121320.0,1368.0,829704.0,476.0,1845.0,1792.0,0.000415,0.7265,1.3764,0.0,0.011276,0.000574,branches_total;branch_misses_total
318_b32_emulated_2bit_saturating_counter__c38_cuckoo_double_hash_probe,318_b32_emulated_2bit_saturating_counter__c38_cuckoo_double_hash_probe,gem5,AtomicSimpleCPU,default (CPU model's built-in predictor; GEM5_BP_TYPE not set),32kB,32kB,256kB,20000,1,609681.0,735121.0,0.0,0.0,121177.0,1364.0,735045.0,466.0,1831.0,1780.0,0.000368,0.8294,1.2057,0.0,0.011256,0.000634,branches_total;branch_misses_total
319_b32_emulated_2bit_saturating_counter__c39_bounded_random_walk,319_b32_emulated_2bit_saturating_counter__c39_bounded_random_walk,gem5,AtomicSimpleCPU,default (CPU model's built-in predictor; GEM5_BP_TYPE not set),32kB,32kB,256kB,20000,1,722798.0,881716.0,0.0,0.0,121092.0,1364.0,881640.0,475.0,1840.0,1789.0,0.000441,0.8198,1.2199,0.0,0.011264,0.000539,branches_total;branch_misses_total
320_b32_emulated_2bit_saturating_counter__c40_causal_attention_triangular,320_b32_emulated_2bit_saturating_counter__c40_causal_attention_triangular,gem5,AtomicSimpleCPU,default (CPU model's built-in predictor; GEM5_BP_TYPE not set),32kB,32kB,256kB,20000,1,739551.0,937282.0,0.0,0.0,121254.0,1366.0,937206.0,469.0,1836.0,1786.0,0.000469,0.789,1.2674,0.0,0.011266,0.0005,branches_total;branch_misses_total
321_b33_uniform_random_block_runs__c31_fibonacci_stride,321_b33_uniform_random_block_runs__c31_fibonacci_stride,gem5,AtomicSimpleCPU,default (CPU model's built-in predictor; GEM5_BP_TYPE not set),32kB,32kB,256kB,20000,1,705168.0,866081.0,0.0,0.0,120957.0,1361.0,866007.0,479.0,1841.0,1789.0,0.000433,0.8142,1.2282,0.0,0.011252,0.000553,branches_total;branch_misses_total
322_b33_uniform_random_block_runs__c32_hilbert_curve_traversal,322_b33_uniform_random_block_runs__c32_hilbert_curve_traversal,gem5,AtomicSimpleCPU,default (CPU model's built-in predictor; GEM5_BP_TYPE not set),32kB,32kB,256kB,20000,1,2705696.0,3133916.0,0.0,0.0,121164.0,1364.0,3133840.0,473.0,1838.0,1787.0,0.001567,0.8634,1.1583,0.0,0.011257,0.000151,branches_total;branch_misses_total
323_b33_uniform_random_block_runs__c33_cache_set_conflict_stress,323_b33_uniform_random_block_runs__c33_cache_set_conflict_stress,gem5,AtomicSimpleCPU,default (CPU model's built-in predictor; GEM5_BP_TYPE not set),32kB,32kB,256kB,20000,1,483020.0,584001.0,0.0,0.0,77083.0,1360.0,583925.0,451.0,1812.0,1759.0,0.000292,0.8271,1.2091,0.0,0.017643,0.000772,branches_total;branch_misses_total
324_b33_uniform_random_block_runs__c34_variable_length_burst_reuse,324_b33_uniform_random_block_runs__c34_variable_length_burst_reuse,gem5,AtomicSimpleCPU,default (CPU model's built-in predictor; GEM5_BP_TYPE not set),32kB,32kB,256kB,20000,1,614472.0,718440.0,0.0,0.0,121124.0,1347.0,718364.0,480.0,1828.0,1778.0,0.000359,0.8553,1.1692,0.0,0.011121,0.000668,branches_total;branch_misses_total
325_b33_uniform_random_block_runs__c35_checkerboard_red_black,325_b33_uniform_random_block_runs__c35_checkerboard_red_black,gem5,AtomicSimpleCPU,default (CPU model's built-in predictor; GEM5_BP_TYPE not set),32kB,32kB,256kB,20000,1,727939.0,965985.0,0.0,0.0,121074.0,1360.0,965909.0,469.0,1830.0,1780.0,0.000483,0.7536,1.327,0.0,0.011233,0.000486,branches_total;branch_misses_total
326_b33_uniform_random_block_runs__c36_im2col_overlapping_patch_gather,326_b33_uniform_random_block_runs__c36_im2col_overlapping_patch_gather,gem5,AtomicSimpleCPU,default (CPU model's built-in predictor; GEM5_BP_TYPE not set),32kB,32kB,256kB,20000,1,660444.0,781478.0,0.0,0.0,121221.0,1355.0,781402.0,478.0,1834.0,1783.0,0.000391,0.8451,1.1833,0.0,0.011178,0.000612,branches_total;branch_misses_total
327_b33_uniform_random_block_runs__c37_double_buffer_epoch_alternation,327_b33_uniform_random_block_runs__c37_double_buffer_epoch_alternation,gem5,AtomicSimpleCPU,default (CPU model's built-in predictor; GEM5_BP_TYPE not set),32kB,32kB,256kB,20000,1,628587.0,744604.0,0.0,0.0,121175.0,1370.0,744528.0,458.0,1829.0,1775.0,0.000372,0.8442,1.1846,0.0,0.011306,0.000615,branches_total;branch_misses_total
328_b33_uniform_random_block_runs__c38_cuckoo_double_hash_probe,328_b33_uniform_random_block_runs__c38_cuckoo_double_hash_probe,gem5,AtomicSimpleCPU,default (CPU model's built-in predictor; GEM5_BP_TYPE not set),32kB,32kB,256kB,20000,1,705471.0,812427.0,0.0,0.0,121110.0,1359.0,812351.0,473.0,1833.0,1783.0,0.000406,0.8684,1.1516,0.0,0.011221,0.000582,branches_total;branch_misses_total
329_b33_uniform_random_block_runs__c39_bounded_random_walk,329_b33_uniform_random_block_runs__c39_bounded_random_walk,gem5,AtomicSimpleCPU,default (CPU model's built-in predictor; GEM5_BP_TYPE not set),32kB,32kB,256kB,20000,1,724728.0,890648.0,0.0,0.0,121003.0,1369.0,890572.0,471.0,1841.0,1789.0,0.000445,0.8137,1.2289,0.0,0.011314,0.000529,branches_total;branch_misses_total
330_b33_uniform_random_block_runs__c40_causal_attention_triangular,330_b33_uniform_random_block_runs__c40_causal_attention_triangular,gem5,AtomicSimpleCPU,default (CPU model's built-in predictor; GEM5_BP_TYPE not set),32kB,32kB,256kB,20000,1,728160.0,921199.0,0.0,0.0,121132.0,1351.0,921123.0,461.0,1813.0,1762.0,0.000461,0.7904,1.2651,0.0,0.011153,0.0005,branches_total;branch_misses_total
331_b34_data_driven_countdown__c31_fibonacci_stride,331_b34_data_driven_countdown__c31_fibonacci_stride,gem5,AtomicSimpleCPU,default (CPU model's built-in predictor; GEM5_BP_TYPE not set),32kB,32kB,256kB,20000,1,561418.0,805509.0,0.0,0.0,120838.0,1362.0,805435.0,477.0,1840.0,1790.0,0.000403,0.697,1.4348,0.0,0.011271,0.000592,branches_total;branch_misses_total
332_b34_data_driven_countdown__c32_hilbert_curve_traversal,332_b34_data_driven_countdown__c32_hilbert_curve_traversal,gem5,AtomicSimpleCPU,default (CPU model's built-in predictor; GEM5_BP_TYPE not set),32kB,32kB,256kB,20000,1,2526324.0,3487175.0,0.0,0.0,121052.0,1368.0,3487099.0,483.0,1852.0,1803.0,0.001744,0.7245,1.3803,0.0,0.011301,0.000139,branches_total;branch_misses_total
333_b34_data_driven_countdown__c33_cache_set_conflict_stress,333_b34_data_driven_countdown__c33_cache_set_conflict_stress,gem5,AtomicSimpleCPU,default (CPU model's built-in predictor; GEM5_BP_TYPE not set),32kB,32kB,256kB,20000,1,344747.0,414341.0,0.0,0.0,76996.0,1365.0,414265.0,480.0,1846.0,1795.0,0.000207,0.832,1.2019,0.0,0.017728,0.001159,branches_total;branch_misses_total
334_b34_data_driven_countdown__c34_variable_length_burst_reuse,334_b34_data_driven_countdown__c34_variable_length_burst_reuse,gem5,AtomicSimpleCPU,default (CPU model's built-in predictor; GEM5_BP_TYPE not set),32kB,32kB,256kB,20000,1,474085.0,607952.0,0.0,0.0,121007.0,1369.0,607876.0,467.0,1837.0,1787.0,0.000304,0.7798,1.2824,0.0,0.011313,0.000768,branches_total;branch_misses_total
335_b34_data_driven_countdown__c35_checkerboard_red_black,335_b34_data_driven_countdown__c35_checkerboard_red_black,gem5,AtomicSimpleCPU,default (CPU model's built-in predictor; GEM5_BP_TYPE not set),32kB,32kB,256kB,20000,1,584398.0,763924.0,0.0,0.0,120951.0,1362.0,763848.0,470.0,1833.0,1781.0,0.000382,0.765,1.3072,0.0,0.011261,0.000615,branches_total;branch_misses_total
336_b34_data_driven_countdown__c36_im2col_overlapping_patch_gather,336_b34_data_driven_countdown__c36_im2col_overlapping_patch_gather,gem5,AtomicSimpleCPU,default (CPU model's built-in predictor; GEM5_BP_TYPE not set),32kB,32kB,256kB,20000,1,516227.0,691776.0,0.0,0.0,121093.0,1362.0,691700.0,462.0,1825.0,1775.0,0.000346,0.7462,1.3401,0.0,0.011248,0.000668,branches_total;branch_misses_total
337_b34_data_driven_countdown__c37_double_buffer_epoch_alternation,337_b34_data_driven_countdown__c37_double_buffer_epoch_alternation,gem5,AtomicSimpleCPU,default (CPU model's built-in predictor; GEM5_BP_TYPE not set),32kB,32kB,256kB,20000,1,486053.0,662190.0,0.0,0.0,121078.0,1360.0,662114.0,472.0,1833.0,1782.0,0.000331,0.734,1.3624,0.0,0.011232,0.000713,branches_total;branch_misses_total
338_b34_data_driven_countdown__c38_cuckoo_double_hash_probe,338_b34_data_driven_countdown__c38_cuckoo_double_hash_probe,gem5,AtomicSimpleCPU,default (CPU model's built-in predictor; GEM5_BP_TYPE not set),32kB,32kB,256kB,20000,1,517789.0,664229.0,0.0,0.0,120962.0,1358.0,664153.0,473.0,1832.0,1783.0,0.000332,0.7795,1.2828,0.0,0.011227,0.000712,branches_total;branch_misses_total
339_b34_data_driven_countdown__c39_bounded_random_walk,339_b34_data_driven_countdown__c39_bounded_random_walk,gem5,AtomicSimpleCPU,default (CPU model's built-in predictor; GEM5_BP_TYPE not set),32kB,32kB,256kB,20000,1,583549.0,714285.0,0.0,0.0,120898.0,1362.0,714211.0,478.0,1841.0,1789.0,0.000357,0.817,1.224,0.0,0.011266,0.000669,branches_total;branch_misses_total
340_b34_data_driven_countdown__c40_causal_attention_triangular,340_b34_data_driven_countdown__c40_causal_attention_triangular,gem5,AtomicSimpleCPU,default (CPU model's built-in predictor; GEM5_BP_TYPE not set),32kB,32kB,256kB,20000,1,584134.0,745616.0,0.0,0.0,121022.0,1365.0,745540.0,478.0,1844.0,1792.0,0.000373,0.7834,1.2764,0.0,0.011279,0.000641,branches_total;branch_misses_total
341_b35_xorshift_hash_mix__c31_fibonacci_stride,341_b35_xorshift_hash_mix__c31_fibonacci_stride,gem5,AtomicSimpleCPU,default (CPU model's built-in predictor; GEM5_BP_TYPE not set),32kB,32kB,256kB,20000,1,698523.0,855240.0,0.0,0.0,120783.0,1353.0,855166.0,458.0,1812.0,1763.0,0.000428,0.8168,1.2244,0.0,0.011202,0.000536,branches_total;branch_misses_total
342_b35_xorshift_hash_mix__c32_hilbert_curve_traversal,342_b35_xorshift_hash_mix__c32_hilbert_curve_traversal,gem5,AtomicSimpleCPU,default (CPU model's built-in predictor; GEM5_BP_TYPE not set),32kB,32kB,256kB,20000,1,2678324.0,3620286.0,0.0,0.0,121039.0,1352.0,3620212.0,462.0,1815.0,1765.0,0.00181,0.7398,1.3517,0.0,0.01117,0.000128,branches_total;branch_misses_total
343_b35_xorshift_hash_mix__c33_cache_set_conflict_stress,343_b35_xorshift_hash_mix__c33_cache_set_conflict_stress,gem5,AtomicSimpleCPU,default (CPU model's built-in predictor; GEM5_BP_TYPE not set),32kB,32kB,256kB,20000,1,488036.0,625317.0,0.0,0.0,76956.0,1358.0,625243.0,461.0,1820.0,1772.0,0.000313,0.7805,1.2813,0.0,0.017646,0.000737,branches_total;branch_misses_total
344_b35_xorshift_hash_mix__c34_variable_length_burst_reuse,344_b35_xorshift_hash_mix__c34_variable_length_burst_reuse,gem5,AtomicSimpleCPU,default (CPU model's built-in predictor; GEM5_BP_TYPE not set),32kB,32kB,256kB,20000,1,610909.0,725019.0,0.0,0.0,121006.0,1360.0,724943.0,458.0,1819.0,1770.0,0.000363,0.8426,1.1868,0.0,0.011239,0.000632,branches_total;branch_misses_total
345_b35_xorshift_hash_mix__c35_checkerboard_red_black,345_b35_xorshift_hash_mix__c35_checkerboard_red_black,gem5,AtomicSimpleCPU,default (CPU model's built-in predictor; GEM5_BP_TYPE not set),32kB,32kB,256kB,20000,1,720960.0,813824.0,0.0,0.0,120883.0,1353.0,813750.0,467.0,1821.0,1774.0,0.000407,0.8859,1.1288,0.0,0.011193,0.000574,branches_total;branch_misses_total
346_b35_xorshift_hash_mix__c36_im2col_overlapping_patch_gather,346_b35_xorshift_hash_mix__c36_im2col_overlapping_patch_gather,gem5,AtomicSimpleCPU,default (CPU model's built-in predictor; GEM5_BP_TYPE not set),32kB,32kB,256kB,20000,1,653153.0,830005.0,0.0,0.0,121036.0,1354.0,829929.0,473.0,1828.0,1780.0,0.000415,0.7869,1.2708,0.0,0.011187,0.00057,branches_total;branch_misses_total
347_b35_xorshift_hash_mix__c37_double_buffer_epoch_alternation,347_b35_xorshift_hash_mix__c37_double_buffer_epoch_alternation,gem5,AtomicSimpleCPU,default (CPU model's built-in predictor; GEM5_BP_TYPE not set),32kB,32kB,256kB,20000,1,625251.0,801122.0,0.0,0.0,121047.0,1358.0,801046.0,455.0,1814.0,1765.0,0.000401,0.7805,1.2813,0.0,0.011219,0.000568,branches_total;branch_misses_total
348_b35_xorshift_hash_mix__c38_cuckoo_double_hash_probe,348_b35_xorshift_hash_mix__c38_cuckoo_double_hash_probe,gem5,AtomicSimpleCPU,default (CPU model's built-in predictor; GEM5_BP_TYPE not set),32kB,32kB,256kB,20000,1,676934.0,854675.0,0.0,0.0,120914.0,1365.0,854601.0,477.0,1843.0,1794.0,0.000427,0.792,1.2626,0.0,0.011289,0.000558,branches_total;branch_misses_total
349_b35_xorshift_hash_mix__c39_bounded_random_walk,349_b35_xorshift_hash_mix__c39_bounded_random_walk,gem5,AtomicSimpleCPU,default (CPU model's built-in predictor; GEM5_BP_TYPE not set),32kB,32kB,256kB,20000,1,720825.0,895566.0,0.0,0.0,120827.0,1363.0,895492.0,475.0,1839.0,1792.0,0.000448,0.8049,1.2424,0.0,0.011281,0.00053,branches_total;branch_misses_total
350_b35_xorshift_hash_mix__c40_causal_attention_triangular,350_b35_xorshift_hash_mix__c40_causal_attention_triangular,gem5,AtomicSimpleCPU,default (CPU model's built-in predictor; GEM5_BP_TYPE not set),32kB,32kB,256kB,20000,1,721204.0,859042.0,0.0,0.0,120991.0,1366.0,858966.0,466.0,1833.0,1786.0,0.00043,0.8395,1.1911,0.0,0.01129,0.000543,branches_total;branch_misses_total
351_b36_traffic_light_fsm__c31_fibonacci_stride,351_b36_traffic_light_fsm__c31_fibonacci_stride,gem5,AtomicSimpleCPU,default (CPU model's built-in predictor; GEM5_BP_TYPE not set),32kB,32kB,256kB,20000,1,757266.0,962544.0,0.0,0.0,142797.0,1358.0,962470.0,474.0,1832.0,1785.0,0.000481,0.7867,1.2711,0.0,0.00951,0.000492,branches_total;branch_misses_total
352_b36_traffic_light_fsm__c32_hilbert_curve_traversal,352_b36_traffic_light_fsm__c32_hilbert_curve_traversal,gem5,AtomicSimpleCPU,default (CPU model's built-in predictor; GEM5_BP_TYPE not set),32kB,32kB,256kB,20000,1,2800963.0,3785096.0,0.0,0.0,143052.0,1354.0,3785022.0,479.0,1833.0,1785.0,0.001893,0.74,1.3514,0.0,0.009465,0.000127,branches_total;branch_misses_total
353_b36_traffic_light_fsm__c33_cache_set_conflict_stress,353_b36_traffic_light_fsm__c33_cache_set_conflict_stress,gem5,AtomicSimpleCPU,default (CPU model's built-in predictor; GEM5_BP_TYPE not set),32kB,32kB,256kB,20000,1,535707.0,641461.0,0.0,0.0,98944.0,1367.0,641387.0,471.0,1838.0,1791.0,0.000321,0.8351,1.1974,0.0,0.013816,0.000734,branches_total;branch_misses_total
354_b36_traffic_light_fsm__c34_variable_length_burst_reuse,354_b36_traffic_light_fsm__c34_variable_length_burst_reuse,gem5,AtomicSimpleCPU,default (CPU model's built-in predictor; GEM5_BP_TYPE not set),32kB,32kB,256kB,20000,1,669156.0,801057.0,0.0,0.0,142994.0,1356.0,800981.0,473.0,1829.0,1783.0,0.000401,0.8353,1.1971,0.0,0.009483,0.000591,branches_total;branch_misses_total
355_b36_traffic_light_fsm__c35_checkerboard_red_black,355_b36_traffic_light_fsm__c35_checkerboard_red_black,gem5,AtomicSimpleCPU,default (CPU model's built-in predictor; GEM5_BP_TYPE not set),32kB,32kB,256kB,20000,1,779714.0,1003561.0,0.0,0.0,142912.0,1362.0,1003487.0,459.0,1821.0,1772.0,0.000502,0.7769,1.2871,0.0,0.00953,0.000457,branches_total;branch_misses_total
356_b36_traffic_light_fsm__c36_im2col_overlapping_patch_gather,356_b36_traffic_light_fsm__c36_im2col_overlapping_patch_gather,gem5,AtomicSimpleCPU,default (CPU model's built-in predictor; GEM5_BP_TYPE not set),32kB,32kB,256kB,20000,1,711858.0,863661.0,0.0,0.0,143047.0,1368.0,863585.0,457.0,1825.0,1776.0,0.000432,0.8242,1.2132,0.0,0.009563,0.000529,branches_total;branch_misses_total
357_b36_traffic_light_fsm__c37_double_buffer_epoch_alternation,357_b36_traffic_light_fsm__c37_double_buffer_epoch_alternation,gem5,AtomicSimpleCPU,default (CPU model's built-in predictor; GEM5_BP_TYPE not set),32kB,32kB,256kB,20000,1,680039.0,789421.0,0.0,0.0,143063.0,1362.0,789345.0,477.0,1839.0,1790.0,0.000395,0.8614,1.1608,0.0,0.00952,0.000604,branches_total;branch_misses_total
358_b36_traffic_light_fsm__c38_cuckoo_double_hash_probe,358_b36_traffic_light_fsm__c38_cuckoo_double_hash_probe,gem5,AtomicSimpleCPU,default (CPU model's built-in predictor; GEM5_BP_TYPE not set),32kB,32kB,256kB,20000,1,733508.0,828247.0,0.0,0.0,142944.0,1362.0,828173.0,474.0,1836.0,1789.0,0.000414,0.8856,1.1292,0.0,0.009528,0.000572,branches_total;branch_misses_total
359_b36_traffic_light_fsm__c39_bounded_random_walk,359_b36_traffic_light_fsm__c39_bounded_random_walk,gem5,AtomicSimpleCPU,default (CPU model's built-in predictor; GEM5_BP_TYPE not set),32kB,32kB,256kB,20000,1,779400.0,952150.0,0.0,0.0,142854.0,1350.0,952076.0,479.0,1829.0,1780.0,0.000476,0.8186,1.2216,0.0,0.00945,0.000503,branches_total;branch_misses_total
360_b36_traffic_light_fsm__c40_causal_attention_triangular,360_b36_traffic_light_fsm__c40_causal_attention_triangular,gem5,AtomicSimpleCPU,default (CPU model's built-in predictor; GEM5_BP_TYPE not set),32kB,32kB,256kB,20000,1,780130.0,997589.0,0.0,0.0,142990.0,1353.0,997513.0,478.0,1831.0,1783.0,0.000499,0.782,1.2787,0.0,0.009462,0.000479,branches_total;branch_misses_total
361_b37_value_driven_unswitch_run__c31_fibonacci_stride,361_b37_value_driven_unswitch_run__c31_fibonacci_stride,gem5,AtomicSimpleCPU,default (CPU model's built-in predictor; GEM5_BP_TYPE not set),32kB,32kB,256kB,20000,1,593558.0,820722.0,0.0,0.0,120929.0,1363.0,820648.0,450.0,1814.0,1765.0,0.00041,0.7232,1.3827,0.0,0.011271,0.000548,branches_total;branch_misses_total
362_b37_value_driven_unswitch_run__c32_hilbert_curve_traversal,362_b37_value_driven_unswitch_run__c32_hilbert_curve_traversal,gem5,AtomicSimpleCPU,default (CPU model's built-in predictor; GEM5_BP_TYPE not set),32kB,32kB,256kB,20000,1,2595615.0,3608785.0,0.0,0.0,121150.0,1358.0,3608709.0,483.0,1842.0,1794.0,0.001804,0.7192,1.3903,0.0,0.011209,0.000134,branches_total;branch_misses_total
363_b37_value_driven_unswitch_run__c33_cache_set_conflict_stress,363_b37_value_driven_unswitch_run__c33_cache_set_conflict_stress,gem5,AtomicSimpleCPU,default (CPU model's built-in predictor; GEM5_BP_TYPE not set),32kB,32kB,256kB,20000,1,376713.0,486204.0,0.0,0.0,77077.0,1360.0,486128.0,448.0,1809.0,1760.0,0.000243,0.7748,1.2906,0.0,0.017645,0.000922,branches_total;branch_misses_total
364_b37_value_driven_unswitch_run__c34_variable_length_burst_reuse,364_b37_value_driven_unswitch_run__c34_variable_length_burst_reuse,gem5,AtomicSimpleCPU,default (CPU model's built-in predictor; GEM5_BP_TYPE not set),32kB,32kB,256kB,20000,1,507645.0,633596.0,0.0,0.0,121139.0,1362.0,633520.0,451.0,1814.0,1764.0,0.000317,0.8012,1.2481,0.0,0.011243,0.000712,branches_total;branch_misses_total
365_b37_value_driven_unswitch_run__c35_checkerboard_red_black,365_b37_value_driven_unswitch_run__c35_checkerboard_red_black,gem5,AtomicSimpleCPU,default (CPU model's built-in predictor; GEM5_BP_TYPE not set),32kB,32kB,256kB,20000,1,616916.0,812331.0,0.0,0.0,121068.0,1365.0,812255.0,466.0,1832.0,1783.0,0.000406,0.7594,1.3168,0.0,0.011275,0.000574,branches_total;branch_misses_total
366_b37_value_driven_unswitch_run__c36_im2col_overlapping_patch_gather,366_b37_value_driven_unswitch_run__c36_im2col_overlapping_patch_gather,gem5,AtomicSimpleCPU,default (CPU model's built-in predictor; GEM5_BP_TYPE not set),32kB,32kB,256kB,20000,1,548373.0,637474.0,0.0,0.0,121183.0,1364.0,637398.0,471.0,1836.0,1787.0,0.000319,0.8602,1.1625,0.0,0.011256,0.000739,branches_total;branch_misses_total
367_b37_value_driven_unswitch_run__c37_double_buffer_epoch_alternation,367_b37_value_driven_unswitch_run__c37_double_buffer_epoch_alternation,gem5,AtomicSimpleCPU,default (CPU model's built-in predictor; GEM5_BP_TYPE not set),32kB,32kB,256kB,20000,1,519210.0,666080.0,0.0,0.0,121166.0,1357.0,666004.0,467.0,1825.0,1775.0,0.000333,0.7795,1.2829,0.0,0.0112,0.000701,branches_total;branch_misses_total
368_b37_value_driven_unswitch_run__c38_cuckoo_double_hash_probe,368_b37_value_driven_unswitch_run__c38_cuckoo_double_hash_probe,gem5,AtomicSimpleCPU,default (CPU model's built-in predictor; GEM5_BP_TYPE not set),32kB,32kB,256kB,20000,1,549985.0,647945.0,0.0,0.0,121053.0,1357.0,647869.0,477.0,1835.0,1785.0,0.000324,0.8488,1.1781,0.0,0.01121,0.000736,branches_total;branch_misses_total
369_b37_value_driven_unswitch_run__c39_bounded_random_walk,369_b37_value_driven_unswitch_run__c39_bounded_random_walk,gem5,AtomicSimpleCPU,default (CPU model's built-in predictor; GEM5_BP_TYPE not set),32kB,32kB,256kB,20000,1,617835.0,754827.0,0.0,0.0,120960.0,1356.0,754751.0,473.0,1830.0,1782.0,0.000377,0.8185,1.2217,0.0,0.01121,0.000627,branches_total;branch_misses_total
370_b37_value_driven_unswitch_run__c40_causal_attention_triangular,370_b37_value_driven_unswitch_run__c40_causal_attention_triangular,gem5,AtomicSimpleCPU,default (CPU model's built-in predictor; GEM5_BP_TYPE not set),32kB,32kB,256kB,20000,1,616718.0,708517.0,0.0,0.0,121126.0,1357.0,708441.0,466.0,1824.0,1776.0,0.000354,0.8704,1.1489,0.0,0.011203,0.000658,branches_total;branch_misses_total
371_b38_decaying_hazard_probability__c31_fibonacci_stride,371_b38_decaying_hazard_probability__c31_fibonacci_stride,gem5,AtomicSimpleCPU,default (CPU model's built-in predictor; GEM5_BP_TYPE not set),32kB,32kB,256kB,20000,1,775991.0,1184798.0,0.0,0.0,120994.0,1355.0,1184722.0,470.0,1825.0,1776.0,0.000592,0.655,1.5268,0.0,0.011199,0.000397,branches_total;branch_misses_total
372_b38_decaying_hazard_probability__c32_hilbert_curve_traversal,372_b38_decaying_hazard_probability__c32_hilbert_curve_traversal,gem5,AtomicSimpleCPU,default (CPU model's built-in predictor; GEM5_BP_TYPE not set),32kB,32kB,256kB,20000,1,2867699.0,3462389.0,0.0,0.0,121196.0,1355.0,3462313.0,479.0,1834.0,1787.0,0.001731,0.8282,1.2074,0.0,0.01118,0.000138,branches_total;branch_misses_total
373_b38_decaying_hazard_probability__c33_cache_set_conflict_stress,373_b38_decaying_hazard_probability__c33_cache_set_conflict_stress,gem5,AtomicSimpleCPU,default (CPU model's built-in predictor; GEM5_BP_TYPE not set),32kB,32kB,256kB,20000,1,516435.0,738500.0,0.0,0.0,77113.0,1371.0,738424.0,477.0,1848.0,1795.0,0.000369,0.6993,1.43,0.0,0.017779,0.000646,branches_total;branch_misses_total
374_b38_decaying_hazard_probability__c34_variable_length_burst_reuse,374_b38_decaying_hazard_probability__c34_variable_length_burst_reuse,gem5,AtomicSimpleCPU,default (CPU model's built-in predictor; GEM5_BP_TYPE not set),32kB,32kB,256kB,20000,1,647871.0,734848.0,0.0,0.0,121186.0,1354.0,734772.0,476.0,1830.0,1779.0,0.000367,0.8816,1.1343,0.0,0.011173,0.000648,branches_total;branch_misses_total
375_b38_decaying_hazard_probability__c35_checkerboard_red_black,375_b38_decaying_hazard_probability__c35_checkerboard_red_black,gem5,AtomicSimpleCPU,default (CPU model's built-in predictor; GEM5_BP_TYPE not set),32kB,32kB,256kB,20000,1,758636.0,932022.0,0.0,0.0,121111.0,1365.0,931946.0,469.0,1834.0,1783.0,0.000466,0.814,1.2285,0.0,0.011271,0.000503,branches_total;branch_misses_total
376_b38_decaying_hazard_probability__c36_im2col_overlapping_patch_gather,376_b38_decaying_hazard_probability__c36_im2col_overlapping_patch_gather,gem5,AtomicSimpleCPU,default (CPU model's built-in predictor; GEM5_BP_TYPE not set),32kB,32kB,256kB,20000,1,690759.0,958457.0,0.0,0.0,121255.0,1366.0,958381.0,478.0,1844.0,1794.0,0.000479,0.7207,1.3875,0.0,0.011266,0.000499,branches_total;branch_misses_total
377_b38_decaying_hazard_probability__c37_double_buffer_epoch_alternation,377_b38_decaying_hazard_probability__c37_double_buffer_epoch_alternation,gem5,AtomicSimpleCPU,default (CPU model's built-in predictor; GEM5_BP_TYPE not set),32kB,32kB,256kB,20000,1,660770.0,789701.0,0.0,0.0,121245.0,1359.0,789625.0,481.0,1840.0,1789.0,0.000395,0.8367,1.1951,0.0,0.011209,0.000609,branches_total;branch_misses_total
378_b38_decaying_hazard_probability__c38_cuckoo_double_hash_probe,378_b38_decaying_hazard_probability__c38_cuckoo_double_hash_probe,gem5,AtomicSimpleCPU,default (CPU model's built-in predictor; GEM5_BP_TYPE not set),32kB,32kB,256kB,20000,1,732418.0,943906.0,0.0,0.0,121118.0,1354.0,943830.0,473.0,1827.0,1776.0,0.000472,0.7759,1.2888,0.0,0.011179,0.000501,branches_total;branch_misses_total
379_b38_decaying_hazard_probability__c39_bounded_random_walk,379_b38_decaying_hazard_probability__c39_bounded_random_walk,gem5,AtomicSimpleCPU,default (CPU model's built-in predictor; GEM5_BP_TYPE not set),32kB,32kB,256kB,20000,1,758129.0,994154.0,0.0,0.0,121007.0,1361.0,994078.0,473.0,1834.0,1784.0,0.000497,0.7626,1.3113,0.0,0.011247,0.000476,branches_total;branch_misses_total
380_b38_decaying_hazard_probability__c40_causal_attention_triangular,380_b38_decaying_hazard_probability__c40_causal_attention_triangular,gem5,AtomicSimpleCPU,default (CPU model's built-in predictor; GEM5_BP_TYPE not set),32kB,32kB,256kB,20000,1,758852.0,978634.0,0.0,0.0,121184.0,1365.0,978558.0,466.0,1831.0,1779.0,0.000489,0.7754,1.2896,0.0,0.011264,0.000476,branches_total;branch_misses_total
381_b39_dual_lcg_xor_chaos__c31_fibonacci_stride,381_b39_dual_lcg_xor_chaos__c31_fibonacci_stride,gem5,AtomicSimpleCPU,default (CPU model's built-in predictor; GEM5_BP_TYPE not set),32kB,32kB,256kB,20000,1,720629.0,1013354.0,0.0,0.0,120805.0,1361.0,1013280.0,480.0,1841.0,1791.0,0.000507,0.7111,1.4062,0.0,0.011266,0.000474,branches_total;branch_misses_total
382_b39_dual_lcg_xor_chaos__c32_hilbert_curve_traversal,382_b39_dual_lcg_xor_chaos__c32_hilbert_curve_traversal,gem5,AtomicSimpleCPU,default (CPU model's built-in predictor; GEM5_BP_TYPE not set),32kB,32kB,256kB,20000,1,2808332.0,3433769.0,0.0,0.0,121046.0,1373.0,3433695.0,472.0,1845.0,1794.0,0.001717,0.8179,1.2227,0.0,0.011343,0.000137,branches_total;branch_misses_total
383_b39_dual_lcg_xor_chaos__c33_cache_set_conflict_stress,383_b39_dual_lcg_xor_chaos__c33_cache_set_conflict_stress,gem5,AtomicSimpleCPU,default (CPU model's built-in predictor; GEM5_BP_TYPE not set),32kB,32kB,256kB,20000,1,501076.0,697869.0,0.0,0.0,76957.0,1357.0,697793.0,477.0,1834.0,1784.0,0.000349,0.718,1.3927,0.0,0.017633,0.000684,branches_total;branch_misses_total
384_b39_dual_lcg_xor_chaos__c34_variable_length_burst_reuse,384_b39_dual_lcg_xor_chaos__c34_variable_length_burst_reuse,gem5,AtomicSimpleCPU,default (CPU model's built-in predictor; GEM5_BP_TYPE not set),32kB,32kB,256kB,20000,1,632519.0,751986.0,0.0,0.0,121034.0,1364.0,751910.0,464.0,1828.0,1776.0,0.000376,0.8411,1.1889,0.0,0.01127,0.000617,branches_total;branch_misses_total
385_b39_dual_lcg_xor_chaos__c35_checkerboard_red_black,385_b39_dual_lcg_xor_chaos__c35_checkerboard_red_black,gem5,AtomicSimpleCPU,default (CPU model's built-in predictor; GEM5_BP_TYPE not set),32kB,32kB,256kB,20000,1,743273.0,916153.0,0.0,0.0,120924.0,1365.0,916079.0,483.0,1848.0,1796.0,0.000458,0.8113,1.2326,0.0,0.011288,0.000527,branches_total;branch_misses_total
386_b39_dual_lcg_xor_chaos__c36_im2col_overlapping_patch_gather,386_b39_dual_lcg_xor_chaos__c36_im2col_overlapping_patch_gather,gem5,AtomicSimpleCPU,default (CPU model's built-in predictor; GEM5_BP_TYPE not set),32kB,32kB,256kB,20000,1,675403.0,924222.0,0.0,0.0,121074.0,1364.0,924146.0,460.0,1824.0,1771.0,0.000462,0.7308,1.3684,0.0,0.011266,0.000498,branches_total;branch_misses_total
387_b39_dual_lcg_xor_chaos__c37_double_buffer_epoch_alternation,387_b39_dual_lcg_xor_chaos__c37_double_buffer_epoch_alternation,gem5,AtomicSimpleCPU,default (CPU model's built-in predictor; GEM5_BP_TYPE not set),32kB,32kB,256kB,20000,1,645401.0,734232.0,0.0,0.0,121075.0,1366.0,734156.0,469.0,1835.0,1784.0,0.000367,0.879,1.1376,0.0,0.011282,0.000639,branches_total;branch_misses_total
388_b39_dual_lcg_xor_chaos__c38_cuckoo_double_hash_probe,388_b39_dual_lcg_xor_chaos__c38_cuckoo_double_hash_probe,gem5,AtomicSimpleCPU,default (CPU model's built-in predictor; GEM5_BP_TYPE not set),32kB,32kB,256kB,20000,1,697053.0,864830.0,0.0,0.0,120960.0,1363.0,864756.0,470.0,1833.0,1783.0,0.000432,0.806,1.2407,0.0,0.011268,0.000544,branches_total;branch_misses_total
389_b39_dual_lcg_xor_chaos__c39_bounded_random_walk,389_b39_dual_lcg_xor_chaos__c39_bounded_random_walk,gem5,AtomicSimpleCPU,default (CPU model's built-in predictor; GEM5_BP_TYPE not set),32kB,32kB,256kB,20000,1,742755.0,919493.0,0.0,0.0,120846.0,1370.0,919419.0,477.0,1847.0,1796.0,0.00046,0.8078,1.2379,0.0,0.011337,0.000519,branches_total;branch_misses_total
390_b39_dual_lcg_xor_chaos__c40_causal_attention_triangular,390_b39_dual_lcg_xor_chaos__c40_causal_attention_triangular,gem5,AtomicSimpleCPU,default (CPU model's built-in predictor; GEM5_BP_TYPE not set),32kB,32kB,256kB,20000,1,743495.0,996353.0,0.0,0.0,121011.0,1354.0,996277.0,476.0,1830.0,1782.0,0.000498,0.7462,1.3401,0.0,0.011189,0.000478,branches_total;branch_misses_total
391_b40_collatz_value_transform__c31_fibonacci_stride,391_b40_collatz_value_transform__c31_fibonacci_stride,gem5,AtomicSimpleCPU,default (CPU model's built-in predictor; GEM5_BP_TYPE not set),32kB,32kB,256kB,20000,1,592823.0,799457.0,0.0,0.0,120881.0,1367.0,799383.0,467.0,1835.0,1787.0,0.0004,0.7415,1.3486,0.0,0.011309,0.000584,branches_total;branch_misses_total
392_b40_collatz_value_transform__c32_hilbert_curve_traversal,392_b40_collatz_value_transform__c32_hilbert_curve_traversal,gem5,AtomicSimpleCPU,default (CPU model's built-in predictor; GEM5_BP_TYPE not set),32kB,32kB,256kB,20000,1,2748542.0,3700149.0,0.0,0.0,121095.0,1357.0,3700073.0,485.0,1843.0,1794.0,0.00185,0.7428,1.3462,0.0,0.011206,0.000131,branches_total;branch_misses_total
393_b40_collatz_value_transform__c33_cache_set_conflict_stress,393_b40_collatz_value_transform__c33_cache_set_conflict_stress,gem5,AtomicSimpleCPU,default (CPU model's built-in predictor; GEM5_BP_TYPE not set),32kB,32kB,256kB,20000,1,393279.0,452265.0,0.0,0.0,77046.0,1347.0,452189.0,455.0,1803.0,1753.0,0.000226,0.8696,1.15,0.0,0.017483,0.001006,branches_total;branch_misses_total
394_b40_collatz_value_transform__c34_variable_length_burst_reuse,394_b40_collatz_value_transform__c34_variable_length_burst_reuse,gem5,AtomicSimpleCPU,default (CPU model's built-in predictor; GEM5_BP_TYPE not set),32kB,32kB,256kB,20000,1,522283.0,635456.0,0.0,0.0,121058.0,1369.0,635380.0,478.0,1848.0,1797.0,0.000318,0.8219,1.2167,0.0,0.011309,0.000752,branches_total;branch_misses_total
395_b40_collatz_value_transform__c35_checkerboard_red_black,395_b40_collatz_value_transform__c35_checkerboard_red_black,gem5,AtomicSimpleCPU,default (CPU model's built-in predictor; GEM5_BP_TYPE not set),32kB,32kB,256kB,20000,1,624473.0,758295.0,0.0,0.0,120987.0,1359.0,758219.0,463.0,1823.0,1773.0,0.000379,0.8235,1.2143,0.0,0.011233,0.000611,branches_total;branch_misses_total
396_b40_collatz_value_transform__c36_im2col_overlapping_patch_gather,396_b40_collatz_value_transform__c36_im2col_overlapping_patch_gather,gem5,AtomicSimpleCPU,default (CPU model's built-in predictor; GEM5_BP_TYPE not set),32kB,32kB,256kB,20000,1,611603.0,702350.0,0.0,0.0,121128.0,1357.0,702274.0,472.0,1830.0,1782.0,0.000351,0.8708,1.1484,0.0,0.011203,0.000672,branches_total;branch_misses_total
397_b40_collatz_value_transform__c37_double_buffer_epoch_alternation,397_b40_collatz_value_transform__c37_double_buffer_epoch_alternation,gem5,AtomicSimpleCPU,default (CPU model's built-in predictor; GEM5_BP_TYPE not set),32kB,32kB,256kB,20000,1,537596.0,736640.0,0.0,0.0,121128.0,1357.0,736564.0,476.0,1834.0,1785.0,0.000368,0.7298,1.3702,0.0,0.011203,0.000646,branches_total;branch_misses_total
398_b40_collatz_value_transform__c38_cuckoo_double_hash_probe,398_b40_collatz_value_transform__c38_cuckoo_double_hash_probe,gem5,AtomicSimpleCPU,default (CPU model's built-in predictor; GEM5_BP_TYPE not set),32kB,32kB,256kB,20000,1,580269.0,682970.0,0.0,0.0,121031.0,1348.0,682894.0,467.0,1816.0,1767.0,0.000341,0.8496,1.177,0.0,0.011138,0.000684,branches_total;branch_misses_total
399_b40_collatz_value_transform__c39_bounded_random_walk,399_b40_collatz_value_transform__c39_bounded_random_walk,gem5,AtomicSimpleCPU,default (CPU model's built-in predictor; GEM5_BP_TYPE not set),32kB,32kB,256kB,20000,1,744983.0,1021932.0,0.0,0.0,120913.0,1352.0,1021858.0,468.0,1821.0,1775.0,0.000511,0.729,1.3718,0.0,0.011182,0.000458,branches_total;branch_misses_total
400_b40_collatz_value_transform__c40_causal_attention_triangular,400_b40_collatz_value_transform__c40_causal_attention_triangular,gem5,AtomicSimpleCPU,default (CPU model's built-in predictor; GEM5_BP_TYPE not set),32kB,32kB,256kB,20000,1,635702.0,806547.0,0.0,0.0,121055.0,1361.0,806471.0,451.0,1813.0,1763.0,0.000403,0.7882,1.2688,0.0,0.011243,0.000559,branches_total;branch_misses_total
401_b41_markov_chain_3state__c41_skip_list_multilevel_hop,401_b41_markov_chain_3state__c41_skip_list_multilevel_hop,gem5,AtomicSimpleCPU,default (CPU model's built-in predictor; GEM5_BP_TYPE not set),32kB,32kB,256kB,20000,1,938394.0,1277921.0,0.0,0.0,142975.0,1360.0,1277845.0,474.0,1834.0,1784.0,0.000639,0.7343,1.3618,0.0,0.009512,0.000371,branches_total;branch_misses_total
402_b41_markov_chain_3state__c42_cache_oblivious_funnel_stride,402_b41_markov_chain_3state__c42_cache_oblivious_funnel_stride,gem5,AtomicSimpleCPU,default (CPU model's built-in predictor; GEM5_BP_TYPE not set),32kB,32kB,256kB,20000,1,1812102.0,2611920.0,0.0,0.0,143147.0,1362.0,2611844.0,482.0,1844.0,1793.0,0.001306,0.6938,1.4414,0.0,0.009515,0.000185,branches_total;branch_misses_total
403_b41_markov_chain_3state__c43_whole_buffer_rotation,403_b41_markov_chain_3state__c43_whole_buffer_rotation,gem5,AtomicSimpleCPU,default (CPU model's built-in predictor; GEM5_BP_TYPE not set),32kB,32kB,256kB,20000,1,759248.0,912010.0,0.0,0.0,142932.0,1352.0,911936.0,467.0,1819.0,1767.0,0.000456,0.8325,1.2012,0.0,0.009459,0.000512,branches_total;branch_misses_total
404_b41_markov_chain_3state__c44_naive_gemm_row_col_alternation,404_b41_markov_chain_3state__c44_naive_gemm_row_col_alternation,gem5,AtomicSimpleCPU,default (CPU model's built-in predictor; GEM5_BP_TYPE not set),32kB,32kB,256kB,20000,1,895508.0,1143006.0,0.0,0.0,143101.0,1366.0,1142930.0,472.0,1838.0,1785.0,0.000572,0.7835,1.2764,0.0,0.009546,0.000413,branches_total;branch_misses_total
405_b41_markov_chain_3state__c45_read_hot_write_cold_split,405_b41_markov_chain_3state__c45_read_hot_write_cold_split,gem5,AtomicSimpleCPU,default (CPU model's built-in predictor; GEM5_BP_TYPE not set),32kB,32kB,256kB,20000,1,756697.0,944189.0,0.0,0.0,142977.0,1363.0,944113.0,470.0,1833.0,1780.0,0.000472,0.8014,1.2478,0.0,0.009533,0.000498,branches_total;branch_misses_total
406_b41_markov_chain_3state__c46_cantor_gap_sparse,406_b41_markov_chain_3state__c46_cantor_gap_sparse,gem5,AtomicSimpleCPU,default (CPU model's built-in predictor; GEM5_BP_TYPE not set),32kB,32kB,256kB,20000,1,1198384.0,1551886.0,0.0,0.0,142851.0,1356.0,1551812.0,466.0,1822.0,1769.0,0.000776,0.7722,1.295,0.0,0.009492,0.0003,branches_total;branch_misses_total
407_b41_markov_chain_3state__c47_false_sharing_line_cycle,407_b41_markov_chain_3state__c47_false_sharing_line_cycle,gem5,AtomicSimpleCPU,default (CPU model's built-in predictor; GEM5_BP_TYPE not set),32kB,32kB,256kB,20000,1,707833.0,920603.0,0.0,0.0,142973.0,1355.0,920527.0,465.0,1820.0,1768.0,0.00046,0.7689,1.3006,0.0,0.009477,0.000505,branches_total;branch_misses_total
408_b41_markov_chain_3state__c48_exponential_backoff_probe,408_b41_markov_chain_3state__c48_exponential_backoff_probe,gem5,AtomicSimpleCPU,default (CPU model's built-in predictor; GEM5_BP_TYPE not set),32kB,32kB,256kB,20000,1,938469.0,1355058.0,0.0,0.0,142995.0,1358.0,1354982.0,480.0,1838.0,1789.0,0.000678,0.6926,1.4439,0.0,0.009497,0.000354,branches_total;branch_misses_total
409_b41_markov_chain_3state__c49_binary_heap_parent_child,409_b41_markov_chain_3state__c49_binary_heap_parent_child,gem5,AtomicSimpleCPU,default (CPU model's built-in predictor; GEM5_BP_TYPE not set),32kB,32kB,256kB,20000,1,947461.0,1391000.0,0.0,0.0,142977.0,1357.0,1390924.0,470.0,1827.0,1779.0,0.000695,0.6811,1.4681,0.0,0.009491,0.000338,branches_total;branch_misses_total
410_b41_markov_chain_3state__c50_streaming_with_periodic_flush,410_b41_markov_chain_3state__c50_streaming_with_periodic_flush,gem5,AtomicSimpleCPU,default (CPU model's built-in predictor; GEM5_BP_TYPE not set),32kB,32kB,256kB,20000,1,739686.0,956680.0,0.0,0.0,143047.0,1361.0,956604.0,452.0,1813.0,1761.0,0.000478,0.7732,1.2934,0.0,0.009514,0.000473,branches_total;branch_misses_total
411_b42_bit_reversal_index_data_mix__c41_skip_list_multilevel_hop,411_b42_bit_reversal_index_data_mix__c41_skip_list_multilevel_hop,gem5,AtomicSimpleCPU,default (CPU model's built-in predictor; GEM5_BP_TYPE not set),32kB,32kB,256kB,20000,1,1146962.0,1609813.0,0.0,0.0,121109.0,1368.0,1609737.0,472.0,1841.0,1792.0,0.000805,0.7125,1.4035,0.0,0.011296,0.000293,branches_total;branch_misses_total
412_b42_bit_reversal_index_data_mix__c42_cache_oblivious_funnel_stride,412_b42_bit_reversal_index_data_mix__c42_cache_oblivious_funnel_stride,gem5,AtomicSimpleCPU,default (CPU model's built-in predictor; GEM5_BP_TYPE not set),32kB,32kB,256kB,20000,1,1915516.0,2772474.0,0.0,0.0,121276.0,1366.0,2772398.0,483.0,1850.0,1803.0,0.001386,0.6909,1.4474,0.0,0.011264,0.000174,branches_total;branch_misses_total
413_b42_bit_reversal_index_data_mix__c43_whole_buffer_rotation,413_b42_bit_reversal_index_data_mix__c43_whole_buffer_rotation,gem5,AtomicSimpleCPU,default (CPU model's built-in predictor; GEM5_BP_TYPE not set),32kB,32kB,256kB,20000,1,867024.0,1084645.0,0.0,0.0,121038.0,1367.0,1084569.0,478.0,1846.0,1797.0,0.000542,0.7994,1.251,0.0,0.011294,0.000441,branches_total;branch_misses_total
414_b42_bit_reversal_index_data_mix__c44_naive_gemm_row_col_alternation,414_b42_bit_reversal_index_data_mix__c44_naive_gemm_row_col_alternation,gem5,AtomicSimpleCPU,default (CPU model's built-in predictor; GEM5_BP_TYPE not set),32kB,32kB,256kB,20000,1,1098836.0,1564841.0,0.0,0.0,121203.0,1356.0,1564765.0,474.0,1831.0,1785.0,0.000782,0.7022,1.4241,0.0,0.011188,0.000303,branches_total;branch_misses_total
415_b42_bit_reversal_index_data_mix__c45_read_hot_write_cold_split,415_b42_bit_reversal_index_data_mix__c45_read_hot_write_cold_split,gem5,AtomicSimpleCPU,default (CPU model's built-in predictor; GEM5_BP_TYPE not set),32kB,32kB,256kB,20000,1,865608.0,1111268.0,0.0,0.0,121117.0,1349.0,1111192.0,467.0,1817.0,1769.0,0.000556,0.7789,1.2838,0.0,0.011138,0.00042,branches_total;branch_misses_total
416_b42_bit_reversal_index_data_mix__c46_cantor_gap_sparse,416_b42_bit_reversal_index_data_mix__c46_cantor_gap_sparse,gem5,AtomicSimpleCPU,default (CPU model's built-in predictor; GEM5_BP_TYPE not set),32kB,32kB,256kB,20000,1,1392302.0,1711579.0,0.0,0.0,120972.0,1358.0,1711503.0,469.0,1828.0,1782.0,0.000856,0.8135,1.2293,0.0,0.011226,0.000274,branches_total;branch_misses_total
417_b42_bit_reversal_index_data_mix__c47_false_sharing_line_cycle,417_b42_bit_reversal_index_data_mix__c47_false_sharing_line_cycle,gem5,AtomicSimpleCPU,default (CPU model's built-in predictor; GEM5_BP_TYPE not set),32kB,32kB,256kB,20000,1,851826.0,1128677.0,0.0,0.0,121082.0,1364.0,1128601.0,470.0,1835.0,1786.0,0.000564,0.7547,1.325,0.0,0.011265,0.000416,branches_total;branch_misses_total
418_b42_bit_reversal_index_data_mix__c48_exponential_backoff_probe,418_b42_bit_reversal_index_data_mix__c48_exponential_backoff_probe,gem5,AtomicSimpleCPU,default (CPU model's built-in predictor; GEM5_BP_TYPE not set),32kB,32kB,256kB,20000,1,1215645.0,1562039.0,0.0,0.0,121120.0,1363.0,1561963.0,472.0,1836.0,1788.0,0.000781,0.7782,1.2849,0.0,0.011253,0.000302,branches_total;branch_misses_total
419_b42_bit_reversal_index_data_mix__c49_binary_heap_parent_child,419_b42_bit_reversal_index_data_mix__c49_binary_heap_parent_child,gem5,AtomicSimpleCPU,default (CPU model's built-in predictor; GEM5_BP_TYPE not set),32kB,32kB,256kB,20000,1,1205653.0,1501100.0,0.0,0.0,121119.0,1349.0,1501024.0,477.0,1827.0,1780.0,0.000751,0.8032,1.2451,0.0,0.011138,0.000318,branches_total;branch_misses_total
420_b42_bit_reversal_index_data_mix__c50_streaming_with_periodic_flush,420_b42_bit_reversal_index_data_mix__c50_streaming_with_periodic_flush,gem5,AtomicSimpleCPU,default (CPU model's built-in predictor; GEM5_BP_TYPE not set),32kB,32kB,256kB,20000,1,867492.0,1185541.0,0.0,0.0,121187.0,1358.0,1185465.0,479.0,1838.0,1788.0,0.000593,0.7317,1.3666,0.0,0.011206,0.000404,branches_total;branch_misses_total
421_b43_moving_average_threshold__c41_skip_list_multilevel_hop,421_b43_moving_average_threshold__c41_skip_list_multilevel_hop,gem5,AtomicSimpleCPU,default (CPU model's built-in predictor; GEM5_BP_TYPE not set),32kB,32kB,256kB,20000,1,897419.0,1257227.0,0.0,0.0,231036.0,1356.0,1257151.0,479.0,1835.0,1783.0,0.000629,0.7138,1.4009,0.0,0.005869,0.000381,branches_total;branch_misses_total
422_b43_moving_average_threshold__c42_cache_oblivious_funnel_stride,422_b43_moving_average_threshold__c42_cache_oblivious_funnel_stride,gem5,AtomicSimpleCPU,default (CPU model's built-in predictor; GEM5_BP_TYPE not set),32kB,32kB,256kB,20000,1,1723198.0,2462613.0,0.0,0.0,231264.0,1359.0,2462537.0,471.0,1830.0,1781.0,0.001231,0.6997,1.4291,0.0,0.005876,0.000191,branches_total;branch_misses_total
423_b43_moving_average_threshold__c43_whole_buffer_rotation,423_b43_moving_average_threshold__c43_whole_buffer_rotation,gem5,AtomicSimpleCPU,default (CPU model's built-in predictor; GEM5_BP_TYPE not set),32kB,32kB,256kB,20000,1,738633.0,920173.0,0.0,0.0,230989.0,1359.0,920097.0,466.0,1825.0,1776.0,0.00046,0.8027,1.2458,0.0,0.005883,0.000506,branches_total;branch_misses_total
424_b43_moving_average_threshold__c44_naive_gemm_row_col_alternation,424_b43_moving_average_threshold__c44_naive_gemm_row_col_alternation,gem5,AtomicSimpleCPU,default (CPU model's built-in predictor; GEM5_BP_TYPE not set),32kB,32kB,256kB,20000,1,848665.0,1117821.0,0.0,0.0,231178.0,1351.0,1117745.0,472.0,1823.0,1773.0,0.000559,0.7592,1.3172,0.0,0.005844,0.000422,branches_total;branch_misses_total
425_b43_moving_average_threshold__c45_read_hot_write_cold_split,425_b43_moving_average_threshold__c45_read_hot_write_cold_split,gem5,AtomicSimpleCPU,default (CPU model's built-in predictor; GEM5_BP_TYPE not set),32kB,32kB,256kB,20000,1,731171.0,981501.0,0.0,0.0,231079.0,1356.0,981425.0,477.0,1833.0,1783.0,0.000491,0.745,1.3424,0.0,0.005868,0.000486,branches_total;branch_misses_total
426_b43_moving_average_threshold__c46_cantor_gap_sparse,426_b43_moving_average_threshold__c46_cantor_gap_sparse,gem5,AtomicSimpleCPU,default (CPU model's built-in predictor; GEM5_BP_TYPE not set),32kB,32kB,256kB,20000,1,1181665.0,1664269.0,0.0,0.0,230909.0,1369.0,1664195.0,467.0,1836.0,1786.0,0.000832,0.71,1.4084,0.0,0.005929,0.000281,branches_total;branch_misses_total
427_b43_moving_average_threshold__c47_false_sharing_line_cycle,427_b43_moving_average_threshold__c47_false_sharing_line_cycle,gem5,AtomicSimpleCPU,default (CPU model's built-in predictor; GEM5_BP_TYPE not set),32kB,32kB,256kB,20000,1,726780.0,914336.0,0.0,0.0,231027.0,1367.0,914260.0,471.0,1838.0,1789.0,0.000457,0.7949,1.2581,0.0,0.005917,0.000515,branches_total;branch_misses_total
428_b43_moving_average_threshold__c48_exponential_backoff_probe,428_b43_moving_average_threshold__c48_exponential_backoff_probe,gem5,AtomicSimpleCPU,default (CPU model's built-in predictor; GEM5_BP_TYPE not set),32kB,32kB,256kB,20000,1,893441.0,1095649.0,0.0,0.0,231075.0,1360.0,1095573.0,479.0,1839.0,1788.0,0.000548,0.8154,1.2263,0.0,0.005886,0.000437,branches_total;branch_misses_total
429_b43_moving_average_threshold__c49_binary_heap_parent_child,429_b43_moving_average_threshold__c49_binary_heap_parent_child,gem5,AtomicSimpleCPU,default (CPU model's built-in predictor; GEM5_BP_TYPE not set),32kB,32kB,256kB,20000,1,903888.0,1103597.0,0.0,0.0,231059.0,1356.0,1103521.0,471.0,1827.0,1777.0,0.000552,0.819,1.2209,0.0,0.005869,0.000427,branches_total;branch_misses_total
430_b43_moving_average_threshold__c50_streaming_with_periodic_flush,430_b43_moving_average_threshold__c50_streaming_with_periodic_flush,gem5,AtomicSimpleCPU,default (CPU model's built-in predictor; GEM5_BP_TYPE not set),32kB,32kB,256kB,20000,1,719091.0,860704.0,0.0,0.0,231167.0,1362.0,860628.0,468.0,1830.0,1780.0,0.00043,0.8355,1.1969,0.0,0.005892,0.000544,branches_total;branch_misses_total
431_b44_exception_then_recovery_burst__c41_skip_list_multilevel_hop,431_b44_exception_then_recovery_burst__c41_skip_list_multilevel_hop,gem5,AtomicSimpleCPU,default (CPU model's built-in predictor; GEM5_BP_TYPE not set),32kB,32kB,256kB,20000,1,692076.0,913851.0,0.0,0.0,121113.0,1357.0,913775.0,469.0,1827.0,1778.0,0.000457,0.7573,1.3204,0.0,0.011204,0.000513,branches_total;branch_misses_total
432_b44_exception_then_recovery_burst__c42_cache_oblivious_funnel_stride,432_b44_exception_then_recovery_burst__c42_cache_oblivious_funnel_stride,gem5,AtomicSimpleCPU,default (CPU model's built-in predictor; GEM5_BP_TYPE not set),32kB,32kB,256kB,20000,1,1497520.0,2079393.0,0.0,0.0,121222.0,1371.0,2079317.0,464.0,1836.0,1787.0,0.00104,0.7202,1.3886,0.0,0.01131,0.000223,branches_total;branch_misses_total
433_b44_exception_then_recovery_burst__c43_whole_buffer_rotation,433_b44_exception_then_recovery_burst__c43_whole_buffer_rotation,gem5,AtomicSimpleCPU,default (CPU model's built-in predictor; GEM5_BP_TYPE not set),32kB,32kB,256kB,20000,1,535371.0,722102.0,0.0,0.0,121050.0,1368.0,722026.0,476.0,1845.0,1796.0,0.000361,0.7414,1.3488,0.0,0.011301,0.000659,branches_total;branch_misses_total
434_b44_exception_then_recovery_burst__c44_naive_gemm_row_col_alternation,434_b44_exception_then_recovery_burst__c44_naive_gemm_row_col_alternation,gem5,AtomicSimpleCPU,default (CPU model's built-in predictor; GEM5_BP_TYPE not set),32kB,32kB,256kB,20000,1,611259.0,740261.0,0.0,0.0,121226.0,1368.0,740185.0,455.0,1824.0,1777.0,0.00037,0.8257,1.211,0.0,0.011285,0.000615,branches_total;branch_misses_total
435_b44_exception_then_recovery_burst__c45_read_hot_write_cold_split,435_b44_exception_then_recovery_burst__c45_read_hot_write_cold_split,gem5,AtomicSimpleCPU,default (CPU model's built-in predictor; GEM5_BP_TYPE not set),32kB,32kB,256kB,20000,1,526031.0,658517.0,0.0,0.0,121134.0,1362.0,658441.0,456.0,1819.0,1770.0,0.000329,0.7988,1.2519,0.0,0.011244,0.000693,branches_total;branch_misses_total
436_b44_exception_then_recovery_burst__c46_cantor_gap_sparse,436_b44_exception_then_recovery_burst__c46_cantor_gap_sparse,gem5,AtomicSimpleCPU,default (CPU model's built-in predictor; GEM5_BP_TYPE not set),32kB,32kB,256kB,20000,1,976445.0,1338453.0,0.0,0.0,120984.0,1356.0,1338377.0,474.0,1831.0,1783.0,0.000669,0.7295,1.3707,0.0,0.011208,0.000354,branches_total;branch_misses_total
437_b44_exception_then_recovery_burst__c47_false_sharing_line_cycle,437_b44_exception_then_recovery_burst__c47_false_sharing_line_cycle,gem5,AtomicSimpleCPU,default (CPU model's built-in predictor; GEM5_BP_TYPE not set),32kB,32kB,256kB,20000,1,521520.0,668394.0,0.0,0.0,121100.0,1356.0,668318.0,473.0,1830.0,1782.0,0.000334,0.7803,1.2816,0.0,0.011197,0.000708,branches_total;branch_misses_total
438_b44_exception_then_recovery_burst__c48_exponential_backoff_probe,438_b44_exception_then_recovery_burst__c48_exponential_backoff_probe,gem5,AtomicSimpleCPU,default (CPU model's built-in predictor; GEM5_BP_TYPE not set),32kB,32kB,256kB,20000,1,706163.0,959043.0,0.0,0.0,121134.0,1350.0,958967.0,474.0,1825.0,1777.0,0.00048,0.7363,1.3581,0.0,0.011145,0.000494,branches_total;branch_misses_total
439_b44_exception_then_recovery_burst__c49_binary_heap_parent_child,439_b44_exception_then_recovery_burst__c49_binary_heap_parent_child,gem5,AtomicSimpleCPU,default (CPU model's built-in predictor; GEM5_BP_TYPE not set),32kB,32kB,256kB,20000,1,699534.0,801088.0,0.0,0.0,121104.0,1356.0,801012.0,470.0,1827.0,1779.0,0.000401,0.8732,1.1452,0.0,0.011197,0.000587,branches_total;branch_misses_total
440_b44_exception_then_recovery_burst__c50_streaming_with_periodic_flush,440_b44_exception_then_recovery_burst__c50_streaming_with_periodic_flush,gem5,AtomicSimpleCPU,default (CPU model's built-in predictor; GEM5_BP_TYPE not set),32kB,32kB,256kB,20000,1,515816.0,622731.0,0.0,0.0,121232.0,1361.0,622655.0,473.0,1835.0,1788.0,0.000311,0.8283,1.2073,0.0,0.011226,0.00076,branches_total;branch_misses_total
441_b45_two_counters_race__c41_skip_list_multilevel_hop,441_b45_two_counters_race__c41_skip_list_multilevel_hop,gem5,AtomicSimpleCPU,default (CPU model's built-in predictor; GEM5_BP_TYPE not set),32kB,32kB,256kB,20000,1,825491.0,977270.0,0.0,0.0,120929.0,1360.0,977196.0,467.0,1827.0,1779.0,0.000489,0.8447,1.1839,0.0,0.011246,0.000478,branches_total;branch_misses_total
442_b45_two_counters_race__c42_cache_oblivious_funnel_stride,442_b45_two_counters_race__c42_cache_oblivious_funnel_stride,gem5,AtomicSimpleCPU,default (CPU model's built-in predictor; GEM5_BP_TYPE not set),32kB,32kB,256kB,20000,1,1624826.0,1798740.0,0.0,0.0,121027.0,1350.0,1798664.0,453.0,1803.0,1756.0,0.000899,0.9033,1.107,0.0,0.011155,0.000252,branches_total;branch_misses_total
443_b45_two_counters_race__c43_whole_buffer_rotation,443_b45_two_counters_race__c43_whole_buffer_rotation,gem5,AtomicSimpleCPU,default (CPU model's built-in predictor; GEM5_BP_TYPE not set),32kB,32kB,256kB,20000,1,666701.0,861401.0,0.0,0.0,120875.0,1359.0,861327.0,467.0,1826.0,1779.0,0.000431,0.774,1.292,0.0,0.011243,0.000542,branches_total;branch_misses_total
444_b45_two_counters_race__c44_naive_gemm_row_col_alternation,444_b45_two_counters_race__c44_naive_gemm_row_col_alternation,gem5,AtomicSimpleCPU,default (CPU model's built-in predictor; GEM5_BP_TYPE not set),32kB,32kB,256kB,20000,1,771708.0,1054719.0,0.0,0.0,121061.0,1353.0,1054643.0,460.0,1813.0,1765.0,0.000527,0.7317,1.3667,0.0,0.011176,0.000436,branches_total;branch_misses_total
445_b45_two_counters_race__c45_read_hot_write_cold_split,445_b45_two_counters_race__c45_read_hot_write_cold_split,gem5,AtomicSimpleCPU,default (CPU model's built-in predictor; GEM5_BP_TYPE not set),32kB,32kB,256kB,20000,1,659330.0,831107.0,0.0,0.0,120952.0,1362.0,831033.0,451.0,1813.0,1764.0,0.000416,0.7933,1.2605,0.0,0.011261,0.000543,branches_total;branch_misses_total
446_b45_two_counters_race__c46_cantor_gap_sparse,446_b45_two_counters_race__c46_cantor_gap_sparse,gem5,AtomicSimpleCPU,default (CPU model's built-in predictor; GEM5_BP_TYPE not set),32kB,32kB,256kB,20000,1,1109847.0,1321072.0,0.0,0.0,120800.0,1368.0,1320998.0,476.0,1844.0,1796.0,0.000661,0.8401,1.1903,0.0,0.011325,0.00036,branches_total;branch_misses_total
447_b45_two_counters_race__c47_false_sharing_line_cycle,447_b45_two_counters_race__c47_false_sharing_line_cycle,gem5,AtomicSimpleCPU,default (CPU model's built-in predictor; GEM5_BP_TYPE not set),32kB,32kB,256kB,20000,1,650942.0,801723.0,0.0,0.0,120916.0,1367.0,801649.0,467.0,1834.0,1787.0,0.000401,0.8119,1.2316,0.0,0.011305,0.000583,branches_total;branch_misses_total
448_b45_two_counters_race__c48_exponential_backoff_probe,448_b45_two_counters_race__c48_exponential_backoff_probe,gem5,AtomicSimpleCPU,default (CPU model's built-in predictor; GEM5_BP_TYPE not set),32kB,32kB,256kB,20000,1,774839.0,904760.0,0.0,0.0,120966.0,1357.0,904686.0,461.0,1818.0,1770.0,0.000452,0.8564,1.1677,0.0,0.011218,0.00051,branches_total;branch_misses_total
449_b45_two_counters_race__c49_binary_heap_parent_child,449_b45_two_counters_race__c49_binary_heap_parent_child,gem5,AtomicSimpleCPU,default (CPU model's built-in predictor; GEM5_BP_TYPE not set),32kB,32kB,256kB,20000,1,832482.0,1152780.0,0.0,0.0,120964.0,1361.0,1152706.0,479.0,1840.0,1790.0,0.000576,0.7222,1.3848,0.0,0.011251,0.000416,branches_total;branch_misses_total
450_b45_two_counters_race__c50_streaming_with_periodic_flush,450_b45_two_counters_race__c50_streaming_with_periodic_flush,gem5,AtomicSimpleCPU,default (CPU model's built-in predictor; GEM5_BP_TYPE not set),32kB,32kB,256kB,20000,1,647156.0,841915.0,0.0,0.0,121024.0,1360.0,841839.0,467.0,1827.0,1779.0,0.000421,0.7687,1.3009,0.0,0.011237,0.000555,branches_total;branch_misses_total
451_b46_lookup_table_driven__c41_skip_list_multilevel_hop,451_b46_lookup_table_driven__c41_skip_list_multilevel_hop,gem5,AtomicSimpleCPU,default (CPU model's built-in predictor; GEM5_BP_TYPE not set),32kB,32kB,256kB,20000,1,739093.0,875905.0,0.0,0.0,143480.0,1359.0,875829.0,476.0,1835.0,1787.0,0.000438,0.8438,1.1851,0.0,0.009472,0.000543,branches_total;branch_misses_total
452_b46_lookup_table_driven__c42_cache_oblivious_funnel_stride,452_b46_lookup_table_driven__c42_cache_oblivious_funnel_stride,gem5,AtomicSimpleCPU,default (CPU model's built-in predictor; GEM5_BP_TYPE not set),32kB,32kB,256kB,20000,1,1608212.0,2210439.0,0.0,0.0,143580.0,1379.0,2210363.0,453.0,1832.0,1782.0,0.001105,0.7276,1.3745,0.0,0.009604,0.000205,branches_total;branch_misses_total
453_b46_lookup_table_driven__c43_whole_buffer_rotation,453_b46_lookup_table_driven__c43_whole_buffer_rotation,gem5,AtomicSimpleCPU,default (CPU model's built-in predictor; GEM5_BP_TYPE not set),32kB,32kB,256kB,20000,1,580073.0,701623.0,0.0,0.0,143423.0,1359.0,701549.0,477.0,1836.0,1787.0,0.000351,0.8268,1.2095,0.0,0.009475,0.00068,branches_total;branch_misses_total
454_b46_lookup_table_driven__c44_naive_gemm_row_col_alternation,454_b46_lookup_table_driven__c44_naive_gemm_row_col_alternation,gem5,AtomicSimpleCPU,default (CPU model's built-in predictor; GEM5_BP_TYPE not set),32kB,32kB,256kB,20000,1,732351.0,827000.0,0.0,0.0,143577.0,1368.0,826924.0,457.0,1825.0,1778.0,0.000413,0.8856,1.1292,0.0,0.009528,0.000553,branches_total;branch_misses_total
455_b46_lookup_table_driven__c45_read_hot_write_cold_split,455_b46_lookup_table_driven__c45_read_hot_write_cold_split,gem5,AtomicSimpleCPU,default (CPU model's built-in predictor; GEM5_BP_TYPE not set),32kB,32kB,256kB,20000,1,576678.0,705579.0,0.0,0.0,143471.0,1376.0,705503.0,478.0,1854.0,1805.0,0.000353,0.8173,1.2235,0.0,0.009591,0.000678,branches_total;branch_misses_total
456_b46_lookup_table_driven__c46_cantor_gap_sparse,456_b46_lookup_table_driven__c46_cantor_gap_sparse,gem5,AtomicSimpleCPU,default (CPU model's built-in predictor; GEM5_BP_TYPE not set),32kB,32kB,256kB,20000,1,1023150.0,1366154.0,0.0,0.0,143335.0,1377.0,1366080.0,479.0,1856.0,1808.0,0.000683,0.7489,1.3352,0.0,0.009607,0.000351,branches_total;branch_misses_total
457_b46_lookup_table_driven__c47_false_sharing_line_cycle,457_b46_lookup_table_driven__c47_false_sharing_line_cycle,gem5,AtomicSimpleCPU,default (CPU model's built-in predictor; GEM5_BP_TYPE not set),32kB,32kB,256kB,20000,1,568219.0,776083.0,0.0,0.0,143470.0,1368.0,776007.0,470.0,1838.0,1790.0,0.000388,0.7322,1.3658,0.0,0.009535,0.000606,branches_total;branch_misses_total
458_b46_lookup_table_driven__c48_exponential_backoff_probe,458_b46_lookup_table_driven__c48_exponential_backoff_probe,gem5,AtomicSimpleCPU,default (CPU model's built-in predictor; GEM5_BP_TYPE not set),32kB,32kB,256kB,20000,1,734964.0,933513.0,0.0,0.0,143503.0,1356.0,933437.0,459.0,1815.0,1766.0,0.000467,0.7873,1.2701,0.0,0.009449,0.000492,branches_total;branch_misses_total
459_b46_lookup_table_driven__c49_binary_heap_parent_child,459_b46_lookup_table_driven__c49_binary_heap_parent_child,gem5,AtomicSimpleCPU,default (CPU model's built-in predictor; GEM5_BP_TYPE not set),32kB,32kB,256kB,20000,1,767684.0,882818.0,0.0,0.0,143504.0,1360.0,882742.0,483.0,1843.0,1793.0,0.000441,0.8696,1.15,0.0,0.009477,0.000547,branches_total;branch_misses_total
460_b46_lookup_table_driven__c50_streaming_with_periodic_flush,460_b46_lookup_table_driven__c50_streaming_with_periodic_flush,gem5,AtomicSimpleCPU,default (CPU model's built-in predictor; GEM5_BP_TYPE not set),32kB,32kB,256kB,20000,1,560515.0,752294.0,0.0,0.0,143560.0,1358.0,752218.0,475.0,1833.0,1786.0,0.000376,0.7451,1.3421,0.0,0.009459,0.000631,branches_total;branch_misses_total
461_b47_mutual_ping_pong_recursion__c41_skip_list_multilevel_hop,461_b47_mutual_ping_pong_recursion__c41_skip_list_multilevel_hop,gem5,AtomicSimpleCPU,default (CPU model's built-in predictor; GEM5_BP_TYPE not set),32kB,32kB,256kB,20000,1,1493140.0,1687971.0,0.0,0.0,337128.0,1356.0,1687895.0,478.0,1835.0,1788.0,0.000844,0.8846,1.1305,0.0,0.004022,0.000283,branches_total;branch_misses_total
462_b47_mutual_ping_pong_recursion__c42_cache_oblivious_funnel_stride,462_b47_mutual_ping_pong_recursion__c42_cache_oblivious_funnel_stride,gem5,AtomicSimpleCPU,default (CPU model's built-in predictor; GEM5_BP_TYPE not set),32kB,32kB,256kB,20000,1,2264804.0,2956390.0,0.0,0.0,297321.0,1351.0,2956314.0,477.0,1829.0,1783.0,0.001478,0.7661,1.3054,0.0,0.004544,0.000161,branches_total;branch_misses_total
463_b47_mutual_ping_pong_recursion__c43_whole_buffer_rotation,463_b47_mutual_ping_pong_recursion__c43_whole_buffer_rotation,gem5,AtomicSimpleCPU,default (CPU model's built-in predictor; GEM5_BP_TYPE not set),32kB,32kB,256kB,20000,1,1228667.0,1410760.0,0.0,0.0,249090.0,1351.0,1410684.0,470.0,1822.0,1773.0,0.000705,0.8709,1.1482,0.0,0.005424,0.000333,branches_total;branch_misses_total
464_b47_mutual_ping_pong_recursion__c44_naive_gemm_row_col_alternation,464_b47_mutual_ping_pong_recursion__c44_naive_gemm_row_col_alternation,gem5,AtomicSimpleCPU,default (CPU model's built-in predictor; GEM5_BP_TYPE not set),32kB,32kB,256kB,20000,1,1317155.0,1590238.0,0.0,0.0,253221.0,1370.0,1590162.0,474.0,1845.0,1797.0,0.000795,0.8283,1.2073,0.0,0.00541,0.000298,branches_total;branch_misses_total
465_b47_mutual_ping_pong_recursion__c45_read_hot_write_cold_split,465_b47_mutual_ping_pong_recursion__c45_read_hot_write_cold_split,gem5,AtomicSimpleCPU,default (CPU model's built-in predictor; GEM5_BP_TYPE not set),32kB,32kB,256kB,20000,1,1223998.0,1400830.0,0.0,0.0,253148.0,1366.0,1400754.0,483.0,1850.0,1800.0,0.0007,0.8738,1.1445,0.0,0.005396,0.000345,branches_total;branch_misses_total
466_b47_mutual_ping_pong_recursion__c46_cantor_gap_sparse,466_b47_mutual_ping_pong_recursion__c46_cantor_gap_sparse,gem5,AtomicSimpleCPU,default (CPU model's built-in predictor; GEM5_BP_TYPE not set),32kB,32kB,256kB,20000,1,1723103.0,2011969.0,0.0,0.0,297012.0,1358.0,2011893.0,468.0,1827.0,1779.0,0.001006,0.8564,1.1676,0.0,0.004572,0.000233,branches_total;branch_misses_total
467_b47_mutual_ping_pong_recursion__c47_false_sharing_line_cycle,467_b47_mutual_ping_pong_recursion__c47_false_sharing_line_cycle,gem5,AtomicSimpleCPU,default (CPU model's built-in predictor; GEM5_BP_TYPE not set),32kB,32kB,256kB,20000,1,1191595.0,1345204.0,0.0,0.0,253143.0,1361.0,1345128.0,460.0,1822.0,1773.0,0.000673,0.8858,1.1289,0.0,0.005376,0.000342,branches_total;branch_misses_total
468_b47_mutual_ping_pong_recursion__c48_exponential_backoff_probe,468_b47_mutual_ping_pong_recursion__c48_exponential_backoff_probe,gem5,AtomicSimpleCPU,default (CPU model's built-in predictor; GEM5_BP_TYPE not set),32kB,32kB,256kB,20000,1,1406215.0,1690823.0,0.0,0.0,337138.0,1363.0,1690747.0,476.0,1840.0,1793.0,0.000845,0.8317,1.2024,0.0,0.004043,0.000282,branches_total;branch_misses_total
469_b47_mutual_ping_pong_recursion__c49_binary_heap_parent_child,469_b47_mutual_ping_pong_recursion__c49_binary_heap_parent_child,gem5,AtomicSimpleCPU,default (CPU model's built-in predictor; GEM5_BP_TYPE not set),32kB,32kB,256kB,20000,1,1525936.0,1727808.0,0.0,0.0,337119.0,1361.0,1727732.0,476.0,1838.0,1791.0,0.000864,0.8832,1.1323,0.0,0.004037,0.000276,branches_total;branch_misses_total
470_b47_mutual_ping_pong_recursion__c50_streaming_with_periodic_flush,470_b47_mutual_ping_pong_recursion__c50_streaming_with_periodic_flush,gem5,AtomicSimpleCPU,default (CPU model's built-in predictor; GEM5_BP_TYPE not set),32kB,32kB,256kB,20000,1,1229050.0,1475223.0,0.0,0.0,249216.0,1360.0,1475147.0,478.0,1839.0,1790.0,0.000738,0.8331,1.2003,0.0,0.005457,0.000324,branches_total;branch_misses_total
471_b48_variable_step_signed_countdown__c41_skip_list_multilevel_hop,471_b48_variable_step_signed_countdown__c41_skip_list_multilevel_hop,gem5,AtomicSimpleCPU,default (CPU model's built-in predictor; GEM5_BP_TYPE not set),32kB,32kB,256kB,20000,1,674483.0,967035.0,0.0,0.0,121113.0,1368.0,966959.0,464.0,1833.0,1784.0,0.000484,0.6975,1.4337,0.0,0.011295,0.00048,branches_total;branch_misses_total
472_b48_variable_step_signed_countdown__c42_cache_oblivious_funnel_stride,472_b48_variable_step_signed_countdown__c42_cache_oblivious_funnel_stride,gem5,AtomicSimpleCPU,default (CPU model's built-in predictor; GEM5_BP_TYPE not set),32kB,32kB,256kB,20000,1,1479859.0,1568731.0,0.0,0.0,121193.0,1356.0,1568655.0,471.0,1828.0,1780.0,0.000784,0.9433,1.0601,0.0,0.011189,0.0003,branches_total;branch_misses_total
473_b48_variable_step_signed_countdown__c43_whole_buffer_rotation,473_b48_variable_step_signed_countdown__c43_whole_buffer_rotation,gem5,AtomicSimpleCPU,default (CPU model's built-in predictor; GEM5_BP_TYPE not set),32kB,32kB,256kB,20000,1,515721.0,620534.0,0.0,0.0,121054.0,1358.0,620458.0,462.0,1821.0,1771.0,0.00031,0.8311,1.2032,0.0,0.011218,0.000745,branches_total;branch_misses_total
474_b48_variable_step_signed_countdown__c44_naive_gemm_row_col_alternation,474_b48_variable_step_signed_countdown__c44_naive_gemm_row_col_alternation,gem5,AtomicSimpleCPU,default (CPU model's built-in predictor; GEM5_BP_TYPE not set),32kB,32kB,256kB,20000,1,625547.0,724886.0,0.0,0.0,121243.0,1357.0,724810.0,471.0,1829.0,1780.0,0.000362,0.863,1.1588,0.0,0.011192,0.00065,branches_total;branch_misses_total
475_b48_variable_step_signed_countdown__c45_read_hot_write_cold_split,475_b48_variable_step_signed_countdown__c45_read_hot_write_cold_split,gem5,AtomicSimpleCPU,default (CPU model's built-in predictor; GEM5_BP_TYPE not set),32kB,32kB,256kB,20000,1,508364.0,683396.0,0.0,0.0,121120.0,1371.0,683320.0,477.0,1849.0,1798.0,0.000342,0.7439,1.3443,0.0,0.011319,0.000698,branches_total;branch_misses_total
476_b48_variable_step_signed_countdown__c46_cantor_gap_sparse,476_b48_variable_step_signed_countdown__c46_cantor_gap_sparse,gem5,AtomicSimpleCPU,default (CPU model's built-in predictor; GEM5_BP_TYPE not set),32kB,32kB,256kB,20000,1,958836.0,1115064.0,0.0,0.0,121001.0,1366.0,1114988.0,458.0,1825.0,1773.0,0.000558,0.8599,1.1629,0.0,0.011289,0.000411,branches_total;branch_misses_total
477_b48_variable_step_signed_countdown__c47_false_sharing_line_cycle,477_b48_variable_step_signed_countdown__c47_false_sharing_line_cycle,gem5,AtomicSimpleCPU,default (CPU model's built-in predictor; GEM5_BP_TYPE not set),32kB,32kB,256kB,20000,1,503878.0,654709.0,0.0,0.0,121120.0,1363.0,654633.0,456.0,1820.0,1770.0,0.000327,0.7696,1.2993,0.0,0.011253,0.000697,branches_total;branch_misses_total
478_b48_variable_step_signed_countdown__c48_exponential_backoff_probe,478_b48_variable_step_signed_countdown__c48_exponential_backoff_probe,gem5,AtomicSimpleCPU,default (CPU model's built-in predictor; GEM5_BP_TYPE not set),32kB,32kB,256kB,20000,1,648587.0,917927.0,0.0,0.0,121140.0,1360.0,917851.0,461.0,1822.0,1772.0,0.000459,0.7066,1.4153,0.0,0.011227,0.000502,branches_total;branch_misses_total
479_b48_variable_step_signed_countdown__c49_binary_heap_parent_child,479_b48_variable_step_signed_countdown__c49_binary_heap_parent_child,gem5,AtomicSimpleCPU,default (CPU model's built-in predictor; GEM5_BP_TYPE not set),32kB,32kB,256kB,20000,1,653908.0,939029.0,0.0,0.0,121103.0,1367.0,938953.0,474.0,1842.0,1794.0,0.00047,0.6964,1.436,0.0,0.011288,0.000505,branches_total;branch_misses_total
480_b48_variable_step_signed_countdown__c50_streaming_with_periodic_flush,480_b48_variable_step_signed_countdown__c50_streaming_with_periodic_flush,gem5,AtomicSimpleCPU,default (CPU model's built-in predictor; GEM5_BP_TYPE not set),32kB,32kB,256kB,20000,1,496176.0,627057.0,0.0,0.0,121190.0,1367.0,626981.0,456.0,1824.0,1775.0,0.000314,0.7913,1.2638,0.0,0.01128,0.000727,branches_total;branch_misses_total
481_b49_interleaved_two_pattern_multiplex__c41_skip_list_multilevel_hop,481_b49_interleaved_two_pattern_multiplex__c41_skip_list_multilevel_hop,gem5,AtomicSimpleCPU,default (CPU model's built-in predictor; GEM5_BP_TYPE not set),32kB,32kB,256kB,20000,1,754635.0,878512.0,0.0,0.0,121233.0,1361.0,878436.0,478.0,1840.0,1792.0,0.000439,0.859,1.1642,0.0,0.011226,0.000544,branches_total;branch_misses_total
482_b49_interleaved_two_pattern_multiplex__c42_cache_oblivious_funnel_stride,482_b49_interleaved_two_pattern_multiplex__c42_cache_oblivious_funnel_stride,gem5,AtomicSimpleCPU,default (CPU model's built-in predictor; GEM5_BP_TYPE not set),32kB,32kB,256kB,20000,1,1581067.0,2157301.0,0.0,0.0,121281.0,1362.0,2157225.0,468.0,1831.0,1786.0,0.001079,0.7329,1.3645,0.0,0.01123,0.000217,branches_total;branch_misses_total
483_b49_interleaved_two_pattern_multiplex__c43_whole_buffer_rotation,483_b49_interleaved_two_pattern_multiplex__c43_whole_buffer_rotation,gem5,AtomicSimpleCPU,default (CPU model's built-in predictor; GEM5_BP_TYPE not set),32kB,32kB,256kB,20000,1,587921.0,752931.0,0.0,0.0,121137.0,1358.0,752855.0,468.0,1827.0,1778.0,0.000376,0.7808,1.2807,0.0,0.01121,0.000622,branches_total;branch_misses_total
484_b49_interleaved_two_pattern_multiplex__c44_naive_gemm_row_col_alternation,484_b49_interleaved_two_pattern_multiplex__c44_naive_gemm_row_col_alternation,gem5,AtomicSimpleCPU,default (CPU model's built-in predictor; GEM5_BP_TYPE not set),32kB,32kB,256kB,20000,1,692760.0,833249.0,0.0,0.0,121320.0,1352.0,833173.0,474.0,1827.0,1781.0,0.000417,0.8314,1.2028,0.0,0.011144,0.000569,branches_total;branch_misses_total
485_b49_interleaved_two_pattern_multiplex__c45_read_hot_write_cold_split,485_b49_interleaved_two_pattern_multiplex__c45_read_hot_write_cold_split,gem5,AtomicSimpleCPU,default (CPU model's built-in predictor; GEM5_BP_TYPE not set),32kB,32kB,256kB,20000,1,572545.0,644649.0,0.0,0.0,121239.0,1362.0,644573.0,464.0,1827.0,1780.0,0.000322,0.8881,1.1259,0.0,0.011234,0.00072,branches_total;branch_misses_total
486_b49_interleaved_two_pattern_multiplex__c46_cantor_gap_sparse,486_b49_interleaved_two_pattern_multiplex__c46_cantor_gap_sparse,gem5,AtomicSimpleCPU,default (CPU model's built-in predictor; GEM5_BP_TYPE not set),32kB,32kB,256kB,20000,1,1039007.0,1219486.0,0.0,0.0,121060.0,1354.0,1219410.0,466.0,1821.0,1774.0,0.00061,0.852,1.1737,0.0,0.011185,0.000382,branches_total;branch_misses_total
487_b49_interleaved_two_pattern_multiplex__c47_false_sharing_line_cycle,487_b49_interleaved_two_pattern_multiplex__c47_false_sharing_line_cycle,gem5,AtomicSimpleCPU,default (CPU model's built-in predictor; GEM5_BP_TYPE not set),32kB,32kB,256kB,20000,1,564080.0,616953.0,0.0,0.0,121171.0,1366.0,616877.0,475.0,1842.0,1793.0,0.000308,0.9143,1.0937,0.0,0.011273,0.00077,branches_total;branch_misses_total
488_b49_interleaved_two_pattern_multiplex__c48_exponential_backoff_probe,488_b49_interleaved_two_pattern_multiplex__c48_exponential_backoff_probe,gem5,AtomicSimpleCPU,default (CPU model's built-in predictor; GEM5_BP_TYPE not set),32kB,32kB,256kB,20000,1,730715.0,844330.0,0.0,0.0,121206.0,1349.0,844254.0,474.0,1824.0,1780.0,0.000422,0.8654,1.1555,0.0,0.01113,0.000561,branches_total;branch_misses_total
489_b49_interleaved_two_pattern_multiplex__c49_binary_heap_parent_child,489_b49_interleaved_two_pattern_multiplex__c49_binary_heap_parent_child,gem5,AtomicSimpleCPU,default (CPU model's built-in predictor; GEM5_BP_TYPE not set),32kB,32kB,256kB,20000,1,764078.0,1033885.0,0.0,0.0,121220.0,1360.0,1033809.0,452.0,1813.0,1765.0,0.000517,0.739,1.3531,0.0,0.011219,0.000437,branches_total;branch_misses_total
490_b49_interleaved_two_pattern_multiplex__c50_streaming_with_periodic_flush,490_b49_interleaved_two_pattern_multiplex__c50_streaming_with_periodic_flush,gem5,AtomicSimpleCPU,default (CPU model's built-in predictor; GEM5_BP_TYPE not set),32kB,32kB,256kB,20000,1,568359.0,693435.0,0.0,0.0,121308.0,1360.0,693359.0,468.0,1829.0,1780.0,0.000347,0.8196,1.2201,0.0,0.011211,0.000675,branches_total;branch_misses_total
491_b50_hysteresis_debounce__c41_skip_list_multilevel_hop,491_b50_hysteresis_debounce__c41_skip_list_multilevel_hop,gem5,AtomicSimpleCPU,default (CPU model's built-in predictor; GEM5_BP_TYPE not set),32kB,32kB,256kB,20000,1,764595.0,1010742.0,0.0,0.0,120988.0,1359.0,1010666.0,467.0,1826.0,1779.0,0.000505,0.7565,1.3219,0.0,0.011233,0.000462,branches_total;branch_misses_total
492_b50_hysteresis_debounce__c42_cache_oblivious_funnel_stride,492_b50_hysteresis_debounce__c42_cache_oblivious_funnel_stride,gem5,AtomicSimpleCPU,default (CPU model's built-in predictor; GEM5_BP_TYPE not set),32kB,32kB,256kB,20000,1,1605032.0,1824214.0,0.0,0.0,121058.0,1362.0,1824138.0,475.0,1837.0,1789.0,0.000912,0.8798,1.1366,0.0,0.011251,0.00026,branches_total;branch_misses_total
493_b50_hysteresis_debounce__c43_whole_buffer_rotation,493_b50_hysteresis_debounce__c43_whole_buffer_rotation,gem5,AtomicSimpleCPU,default (CPU model's built-in predictor; GEM5_BP_TYPE not set),32kB,32kB,256kB,20000,1,600913.0,746661.0,0.0,0.0,120912.0,1359.0,746587.0,479.0,1838.0,1789.0,0.000373,0.8048,1.2425,0.0,0.01124,0.000642,branches_total;branch_misses_total
494_b50_hysteresis_debounce__c44_naive_gemm_row_col_alternation,494_b50_hysteresis_debounce__c44_naive_gemm_row_col_alternation,gem5,AtomicSimpleCPU,default (CPU model's built-in predictor; GEM5_BP_TYPE not set),32kB,32kB,256kB,20000,1,722890.0,891497.0,0.0,0.0,121085.0,1360.0,891421.0,470.0,1830.0,1781.0,0.000446,0.8109,1.2332,0.0,0.011232,0.000527,branches_total;branch_misses_total
495_b50_hysteresis_debounce__c45_read_hot_write_cold_split,495_b50_hysteresis_debounce__c45_read_hot_write_cold_split,gem5,AtomicSimpleCPU,default (CPU model's built-in predictor; GEM5_BP_TYPE not set),32kB,32kB,256kB,20000,1,587097.0,723117.0,0.0,0.0,120965.0,1355.0,723041.0,470.0,1825.0,1778.0,0.000362,0.8119,1.2317,0.0,0.011202,0.00065,branches_total;branch_misses_total
496_b50_hysteresis_debounce__c46_cantor_gap_sparse,496_b50_hysteresis_debounce__c46_cantor_gap_sparse,gem5,AtomicSimpleCPU,default (CPU model's built-in predictor; GEM5_BP_TYPE not set),32kB,32kB,256kB,20000,1,1043976.0,1224194.0,0.0,0.0,120845.0,1361.0,1224120.0,481.0,1842.0,1792.0,0.000612,0.8528,1.1726,0.0,0.011262,0.000393,branches_total;branch_misses_total
497_b50_hysteresis_debounce__c47_false_sharing_line_cycle,497_b50_hysteresis_debounce__c47_false_sharing_line_cycle,gem5,AtomicSimpleCPU,default (CPU model's built-in predictor; GEM5_BP_TYPE not set),32kB,32kB,256kB,20000,1,589065.0,688837.0,0.0,0.0,120964.0,1359.0,688761.0,481.0,1840.0,1791.0,0.000344,0.8552,1.1694,0.0,0.011235,0.000698,branches_total;branch_misses_total
498_b50_hysteresis_debounce__c48_exponential_backoff_probe,498_b50_hysteresis_debounce__c48_exponential_backoff_probe,gem5,AtomicSimpleCPU,default (CPU model's built-in predictor; GEM5_BP_TYPE not set),32kB,32kB,256kB,20000,1,724391.0,1012160.0,0.0,0.0,120983.0,1355.0,1012084.0,479.0,1834.0,1785.0,0.000506,0.7157,1.3973,0.0,0.0112,0.000473,branches_total;branch_misses_total
499_b50_hysteresis_debounce__c49_binary_heap_parent_child,499_b50_hysteresis_debounce__c49_binary_heap_parent_child,gem5,AtomicSimpleCPU,default (CPU model's built-in predictor; GEM5_BP_TYPE not set),32kB,32kB,256kB,20000,1,762232.0,876973.0,0.0,0.0,120964.0,1357.0,876897.0,473.0,1830.0,1784.0,0.000438,0.8692,1.1505,0.0,0.011218,0.000539,branches_total;branch_misses_total
500_b50_hysteresis_debounce__c50_streaming_with_periodic_flush,500_b50_hysteresis_debounce__c50_streaming_with_periodic_flush,gem5,AtomicSimpleCPU,default (CPU model's built-in predictor; GEM5_BP_TYPE not set),32kB,32kB,256kB,20000,1,573228.0,724960.0,0.0,0.0,121053.0,1355.0,724884.0,479.0,1834.0,1785.0,0.000362,0.7907,1.2647,0.0,0.011193,0.000661,branches_total;branch_misses_total
