filename,program,branch_pattern,cache_pattern,size_tier,predictor_stress_type,expected_dominant_miss_type,backend,compiler,arch,SIZE,N,SEED,warmup_iterations,taken,nottaken,sink,validation,reps,roi_elapsed_seconds_mean,roi_elapsed_seconds_median,roi_elapsed_seconds_stddev,perf_available,instructions_total,cycles_total,branches_total,branch_misses_total,cache_references_total,cache_misses_total,task_clock_ms,context_switches,cpu_migrations,page_faults,time_elapsed,observed_ipc,observed_cpi,observed_branch_miss_rate,observed_cache_miss_rate,observed_branch_density,observed_cache_refs_per_instruction,branches_to_N_ratio,plausible,instruction_count_source
001_b01_always_taken__c01_sequential_unit_stride,001_b01_always_taken__c01_sequential_unit_stride.c,always_taken,sequential_unit_stride,small_L1,static/trivial,compulsory+streaming (prefetch-friendly),qemu_user_mode,15.2.0,riscv64,4096,1000000,2654435769,100000,1000000,0,2136436781151712,PASS,1,0.00250394,0.00250394,0.0,0,,,,,,,,,,,,,,,,,,,0,qemu_guest_none
002_b01_always_taken__c02_sequential_wraparound_large,002_b01_always_taken__c02_sequential_wraparound_large.c,always_taken,sequential_wraparound_large,medium_L2,static/trivial,compulsory+streaming (prefetch-friendly),qemu_user_mode,15.2.0,riscv64,65536,3000000,2654435769,200000,3000000,0,6418432961555936,PASS,1,0.005656843,0.005656843,0.0,0,,,,,,,,,,,,,,,,,,,0,qemu_guest_none
003_b01_always_taken__c03_fixed_stride_small,003_b01_always_taken__c03_fixed_stride_small.c,always_taken,fixed_stride_small,large_L3,static/trivial,compulsory+streaming (prefetch-friendly),qemu_user_mode,15.2.0,riscv64,1048576,5000000,2654435769,200000,5000000,0,10753777502074240,PASS,1,0.010911081,0.010911081,0.0,0,,,,,,,,,,,,,,,,,,,0,qemu_guest_none
004_b01_always_taken__c04_fixed_stride_large,004_b01_always_taken__c04_fixed_stride_large.c,always_taken,fixed_stride_large,xlarge_DRAM,static/trivial,compulsory+streaming (prefetch-friendly),qemu_user_mode,15.2.0,riscv64,8388608,8000000,2654435769,200000,8000000,0,17191583684697664,PASS,1,0.069024942,0.069024942,0.0,0,,,,,,,,,,,,,,,,,,,0,qemu_guest_none
005_b01_always_taken__c05_random_small_working_set,005_b01_always_taken__c05_random_small_working_set.c,always_taken,random_small_working_set,small_L1,static/trivial,temporal reuse (capacity-sensitive),qemu_user_mode,15.2.0,riscv64,4096,1000000,2654435769,100000,1000000,0,2136432824084896,PASS,1,0.002210402,0.002210402,0.0,0,,,,,,,,,,,,,,,,,,,0,qemu_guest_none
006_b01_always_taken__c06_random_full_working_set,006_b01_always_taken__c06_random_full_working_set.c,always_taken,random_full_working_set,medium_L2,static/trivial,capacity (uniform random),qemu_user_mode,15.2.0,riscv64,65536,3000000,2654435769,200000,3000000,0,6418603018123872,PASS,1,0.007413304,0.007413304,0.0,0,,,,,,,,,,,,,,,,,,,0,qemu_guest_none
007_b01_always_taken__c07_matrix_row_major,007_b01_always_taken__c07_matrix_row_major.c,always_taken,matrix_row_major,large_L3,static/trivial,mixed spatial (traversal-order dependent),qemu_user_mode,15.2.0,riscv64,1048576,5000000,2654435769,200000,5000000,0,10734969022830560,PASS,1,0.042569557,0.042569557,0.0,0,,,,,,,,,,,,,,,,,,,0,qemu_guest_none
008_b01_always_taken__c08_matrix_col_major,008_b01_always_taken__c08_matrix_col_major.c,always_taken,matrix_col_major,xlarge_DRAM,static/trivial,mixed spatial (traversal-order dependent),qemu_user_mode,15.2.0,riscv64,8388608,8000000,2654435769,200000,8000000,0,17175465057612096,PASS,1,0.077678409,0.077678409,0.0,0,,,,,,,,,,,,,,,,,,,0,qemu_guest_none
009_b01_always_taken__c09_matrix_tiled_blocked,009_b01_always_taken__c09_matrix_tiled_blocked.c,always_taken,matrix_tiled_blocked,small_L1,static/trivial,mixed spatial (traversal-order dependent),qemu_user_mode,15.2.0,riscv64,4096,1000000,2654435769,100000,1000000,0,2136445142576096,PASS,1,0.008369147,0.008369147,0.0,0,,,,,,,,,,,,,,,,,,,0,qemu_guest_none
010_b01_always_taken__c10_pointer_chase_linked_list,010_b01_always_taken__c10_pointer_chase_linked_list.c,always_taken,pointer_chase_linked_list,medium_L2,static/trivial,"compulsory+latency-bound (dependent loads, no prefetch)",qemu_user_mode,15.2.0,riscv64,65536,3000000,2654435769,200000,3000000,0,6417928313254807,PASS,1,0.015797396,0.015797396,0.0,0,,,,,,,,,,,,,,,,,,,0,qemu_guest_none
011_b02_always_not_taken__c01_sequential_unit_stride,011_b02_always_not_taken__c01_sequential_unit_stride.c,always_not_taken,sequential_unit_stride,medium_L2,static/trivial,compulsory+streaming (prefetch-friendly),qemu_user_mode,15.2.0,riscv64,65536,3000000,2654435769,200000,0,3000000,18443534857229523648,PASS,1,0.005704327,0.005704327,0.0,0,,,,,,,,,,,,,,,,,,,0,qemu_guest_none
012_b02_always_not_taken__c02_sequential_wraparound_large,012_b02_always_not_taken__c02_sequential_wraparound_large.c,always_not_taken,sequential_wraparound_large,large_L3,static/trivial,compulsory+streaming (prefetch-friendly),qemu_user_mode,15.2.0,riscv64,1048576,5000000,2654435769,200000,0,5000000,18441376589199386336,PASS,1,0.009706125,0.009706125,0.0,0,,,,,,,,,,,,,,,,,,,0,qemu_guest_none
013_b02_always_not_taken__c03_fixed_stride_small,013_b02_always_not_taken__c03_fixed_stride_small.c,always_not_taken,fixed_stride_small,xlarge_DRAM,static/trivial,compulsory+streaming (prefetch-friendly),qemu_user_mode,15.2.0,riscv64,8388608,8000000,2654435769,200000,0,8000000,18438155951291589888,PASS,1,0.024136024,0.024136024,0.0,0,,,,,,,,,,,,,,,,,,,0,qemu_guest_none
014_b02_always_not_taken__c04_fixed_stride_large,014_b02_always_not_taken__c04_fixed_stride_large.c,always_not_taken,fixed_stride_large,small_L1,static/trivial,compulsory+streaming (prefetch-friendly),qemu_user_mode,15.2.0,riscv64,4096,1000000,2654435769,100000,0,1000000,18445703649036551616,PASS,1,0.001896968,0.001896968,0.0,0,,,,,,,,,,,,,,,,,,,0,qemu_guest_none
015_b02_always_not_taken__c05_random_small_working_set,015_b02_always_not_taken__c05_random_small_working_set.c,always_not_taken,random_small_working_set,medium_L2,static/trivial,temporal reuse (capacity-sensitive),qemu_user_mode,15.2.0,riscv64,65536,3000000,2654435769,200000,0,3000000,18443539405166869632,PASS,1,0.007397235,0.007397235,0.0,0,,,,,,,,,,,,,,,,,,,0,qemu_guest_none
016_b02_always_not_taken__c06_random_full_working_set,016_b02_always_not_taken__c06_random_full_working_set.c,always_not_taken,random_full_working_set,large_L3,static/trivial,capacity (uniform random),qemu_user_mode,15.2.0,riscv64,1048576,5000000,2654435769,200000,0,5000000,18441376318292802912,PASS,1,0.02085452,0.02085452,0.0,0,,,,,,,,,,,,,,,,,,,0,qemu_guest_none
017_b02_always_not_taken__c07_matrix_row_major,017_b02_always_not_taken__c07_matrix_row_major.c,always_not_taken,matrix_row_major,xlarge_DRAM,static/trivial,mixed spatial (traversal-order dependent),qemu_user_mode,15.2.0,riscv64,8388608,8000000,2654435769,200000,0,8000000,18438157416080424288,PASS,1,0.064389142,0.064389142,0.0,0,,,,,,,,,,,,,,,,,,,0,qemu_guest_none
018_b02_always_not_taken__c08_matrix_col_major,018_b02_always_not_taken__c08_matrix_col_major.c,always_not_taken,matrix_col_major,small_L1,static/trivial,mixed spatial (traversal-order dependent),qemu_user_mode,15.2.0,riscv64,4096,1000000,2654435769,100000,0,1000000,18445675853254244288,PASS,1,0.007963877,0.007963877,0.0,0,,,,,,,,,,,,,,,,,,,0,qemu_guest_none
019_b02_always_not_taken__c09_matrix_tiled_blocked,019_b02_always_not_taken__c09_matrix_tiled_blocked.c,always_not_taken,matrix_tiled_blocked,medium_L2,static/trivial,mixed spatial (traversal-order dependent),qemu_user_mode,15.2.0,riscv64,65536,3000000,2654435769,200000,0,3000000,18443534843014747584,PASS,1,0.024904699,0.024904699,0.0,0,,,,,,,,,,,,,,,,,,,0,qemu_guest_none
020_b02_always_not_taken__c10_pointer_chase_linked_list,020_b02_always_not_taken__c10_pointer_chase_linked_list.c,always_not_taken,pointer_chase_linked_list,large_L3,static/trivial,"compulsory+latency-bound (dependent loads, no prefetch)",qemu_user_mode,15.2.0,riscv64,1048576,5000000,2654435769,200000,0,5000000,18441376230101857815,PASS,1,0.108623391,0.108623391,0.0,0,,,,,,,,,,,,,,,,,,,0,qemu_guest_none
021_b03_alternating__c01_sequential_unit_stride,021_b03_alternating__c01_sequential_unit_stride.c,alternating,sequential_unit_stride,large_L3,static/periodic,compulsory+streaming (prefetch-friendly),qemu_user_mode,15.2.0,riscv64,1048576,5000000,2654435769,200000,2500000,2500000,2689339824537552,PASS,1,0.014174038,0.014174038,0.0,0,,,,,,,,,,,,,,,,,,,0,qemu_guest_none
022_b03_alternating__c02_sequential_wraparound_large,022_b03_alternating__c02_sequential_wraparound_large.c,alternating,sequential_wraparound_large,xlarge_DRAM,static/periodic,compulsory+streaming (prefetch-friendly),qemu_user_mode,15.2.0,riscv64,8388608,8000000,2654435769,200000,4000000,4000000,4297506827389056,PASS,1,0.023625498,0.023625498,0.0,0,,,,,,,,,,,,,,,,,,,0,qemu_guest_none
023_b03_alternating__c03_fixed_stride_small,023_b03_alternating__c03_fixed_stride_small.c,alternating,fixed_stride_small,small_L1,static/periodic,compulsory+streaming (prefetch-friendly),qemu_user_mode,15.2.0,riscv64,4096,1000000,2654435769,100000,500000,500000,500541929046688,PASS,1,0.00283645,0.00283645,0.0,0,,,,,,,,,,,,,,,,,,,0,qemu_guest_none
024_b03_alternating__c04_fixed_stride_large,024_b03_alternating__c04_fixed_stride_large.c,alternating,fixed_stride_large,medium_L2,static/periodic,compulsory+streaming (prefetch-friendly),qemu_user_mode,15.2.0,riscv64,65536,3000000,2654435769,200000,1500000,1500000,1559242695548448,PASS,1,0.009476636,0.009476636,0.0,0,,,,,,,,,,,,,,,,,,,0,qemu_guest_none
025_b03_alternating__c05_random_small_working_set,025_b03_alternating__c05_random_small_working_set.c,alternating,random_small_working_set,large_L3,static/periodic,temporal reuse (capacity-sensitive),qemu_user_mode,15.2.0,riscv64,1048576,5000000,2654435769,200000,2500000,2500000,2715123883280016,PASS,1,0.013288196,0.013288196,0.0,0,,,,,,,,,,,,,,,,,,,0,qemu_guest_none
026_b03_alternating__c06_random_full_working_set,026_b03_alternating__c06_random_full_working_set.c,alternating,random_full_working_set,xlarge_DRAM,static/periodic,capacity (uniform random),qemu_user_mode,15.2.0,riscv64,8388608,8000000,2654435769,200000,4000000,4000000,4297007430132096,PASS,1,0.135900011,0.135900011,0.0,0,,,,,,,,,,,,,,,,,,,0,qemu_guest_none
027_b03_alternating__c07_matrix_row_major,027_b03_alternating__c07_matrix_row_major.c,alternating,matrix_row_major,small_L1,static/periodic,mixed spatial (traversal-order dependent),qemu_user_mode,15.2.0,riscv64,4096,1000000,2654435769,100000,500000,500000,525199041760752,PASS,1,0.008032388,0.008032388,0.0,0,,,,,,,,,,,,,,,,,,,0,qemu_guest_none
028_b03_alternating__c08_matrix_col_major,028_b03_alternating__c08_matrix_col_major.c,alternating,matrix_col_major,medium_L2,static/periodic,mixed spatial (traversal-order dependent),qemu_user_mode,15.2.0,riscv64,65536,3000000,2654435769,200000,1500000,1500000,1614834661968960,PASS,1,0.023907381,0.023907381,0.0,0,,,,,,,,,,,,,,,,,,,0,qemu_guest_none
029_b03_alternating__c09_matrix_tiled_blocked,029_b03_alternating__c09_matrix_tiled_blocked.c,alternating,matrix_tiled_blocked,large_L3,static/periodic,mixed spatial (traversal-order dependent),qemu_user_mode,15.2.0,riscv64,1048576,5000000,2654435769,200000,2500000,2500000,2689296376871248,PASS,1,0.042820245,0.042820245,0.0,0,,,,,,,,,,,,,,,,,,,0,qemu_guest_none
030_b03_alternating__c10_pointer_chase_linked_list,030_b03_alternating__c10_pointer_chase_linked_list.c,alternating,pointer_chase_linked_list,xlarge_DRAM,static/periodic,"compulsory+latency-bound (dependent loads, no prefetch)",qemu_user_mode,15.2.0,riscv64,8388608,8000000,2654435769,200000,4000000,4000000,4292346082621064,PASS,1,0.799260744,0.799260744,0.0,0,,,,,,,,,,,,,,,,,,,0,qemu_guest_none
031_b04_periodic3__c01_sequential_unit_stride,031_b04_periodic3__c01_sequential_unit_stride.c,periodic3,sequential_unit_stride,xlarge_DRAM,static/periodic,compulsory+streaming (prefetch-friendly),qemu_user_mode,15.2.0,riscv64,8388608,8000000,2654435769,200000,5333333,2666667,8590274260940092,PASS,1,0.023088304,0.023088304,0.0,0,,,,,,,,,,,,,,,,,,,0,qemu_guest_none
032_b04_periodic3__c02_sequential_wraparound_large,032_b04_periodic3__c02_sequential_wraparound_large.c,periodic3,sequential_wraparound_large,small_L1,static/periodic,compulsory+streaming (prefetch-friendly),qemu_user_mode,15.2.0,riscv64,4096,1000000,2654435769,100000,666666,333334,1068155895551304,PASS,1,0.003117753,0.003117753,0.0,0,,,,,,,,,,,,,,,,,,,0,qemu_guest_none
033_b04_periodic3__c03_fixed_stride_small,033_b04_periodic3__c03_fixed_stride_small.c,periodic3,fixed_stride_small,medium_L2,static/periodic,compulsory+streaming (prefetch-friendly),qemu_user_mode,15.2.0,riscv64,65536,3000000,2654435769,200000,2000000,1000000,3211886018145079,PASS,1,0.009198755,0.009198755,0.0,0,,,,,,,,,,,,,,,,,,,0,qemu_guest_none
034_b04_periodic3__c04_fixed_stride_large,034_b04_periodic3__c04_fixed_stride_large.c,periodic3,fixed_stride_large,large_L3,static/periodic,compulsory+streaming (prefetch-friendly),qemu_user_mode,15.2.0,riscv64,1048576,5000000,2654435769,200000,3333333,1666667,5364353110548004,PASS,1,0.025123036,0.025123036,0.0,0,,,,,,,,,,,,,,,,,,,0,qemu_guest_none
035_b04_periodic3__c05_random_small_working_set,035_b04_periodic3__c05_random_small_working_set.c,periodic3,random_small_working_set,xlarge_DRAM,static/periodic,temporal reuse (capacity-sensitive),qemu_user_mode,15.2.0,riscv64,8388608,8000000,2654435769,200000,5333333,2666667,8545777980104066,PASS,1,0.027796483,0.027796483,0.0,0,,,,,,,,,,,,,,,,,,,0,qemu_guest_none
036_b04_periodic3__c06_random_full_working_set,036_b04_periodic3__c06_random_full_working_set.c,periodic3,random_full_working_set,small_L1,static/periodic,capacity (uniform random),qemu_user_mode,15.2.0,riscv64,4096,1000000,2654435769,100000,666666,333334,1068347839761913,PASS,1,0.003506332,0.003506332,0.0,0,,,,,,,,,,,,,,,,,,,0,qemu_guest_none
037_b04_periodic3__c07_matrix_row_major,037_b04_periodic3__c07_matrix_row_major.c,periodic3,matrix_row_major,medium_L2,static/periodic,mixed spatial (traversal-order dependent),qemu_user_mode,15.2.0,riscv64,65536,3000000,2654435769,200000,2000000,1000000,3208895803491702,PASS,1,0.032218808,0.032218808,0.0,0,,,,,,,,,,,,,,,,,,,0,qemu_guest_none
038_b04_periodic3__c08_matrix_col_major,038_b04_periodic3__c08_matrix_col_major.c,periodic3,matrix_col_major,large_L3,static/periodic,mixed spatial (traversal-order dependent),qemu_user_mode,15.2.0,riscv64,1048576,5000000,2654435769,200000,3333333,1666667,5367155209195799,PASS,1,0.056964868,0.056964868,0.0,0,,,,,,,,,,,,,,,,,,,0,qemu_guest_none
039_b04_periodic3__c09_matrix_tiled_blocked,039_b04_periodic3__c09_matrix_tiled_blocked.c,periodic3,matrix_tiled_blocked,xlarge_DRAM,static/periodic,mixed spatial (traversal-order dependent),qemu_user_mode,15.2.0,riscv64,8388608,8000000,2654435769,200000,5333333,2666667,8590212220811644,PASS,1,0.08664288,0.08664288,0.0,0,,,,,,,,,,,,,,,,,,,0,qemu_guest_none
040_b04_periodic3__c10_pointer_chase_linked_list,040_b04_periodic3__c10_pointer_chase_linked_list.c,periodic3,pointer_chase_linked_list,small_L1,static/periodic,"compulsory+latency-bound (dependent loads, no prefetch)",qemu_user_mode,15.2.0,riscv64,4096,1000000,2654435769,100000,666666,333334,1070850775171740,PASS,1,0.003429666,0.003429666,0.0,0,,,,,,,,,,,,,,,,,,,0,qemu_guest_none
041_b05_periodic8_biased__c01_sequential_unit_stride,041_b05_periodic8_biased__c01_sequential_unit_stride.c,periodic8_biased,sequential_unit_stride,small_L1,static/periodic,compulsory+streaming (prefetch-friendly),qemu_user_mode,15.2.0,riscv64,4096,1000000,2654435769,100000,625000,375000,920913579955264,PASS,1,0.002754688,0.002754688,0.0,0,,,,,,,,,,,,,,,,,,,0,qemu_guest_none
042_b05_periodic8_biased__c02_sequential_wraparound_large,042_b05_periodic8_biased__c02_sequential_wraparound_large.c,periodic8_biased,sequential_wraparound_large,medium_L2,static/periodic,compulsory+streaming (prefetch-friendly),qemu_user_mode,15.2.0,riscv64,65536,3000000,2654435769,200000,1875000,1125000,2794398407375496,PASS,1,0.008705737,0.008705737,0.0,0,,,,,,,,,,,,,,,,,,,0,qemu_guest_none
043_b05_periodic8_biased__c03_fixed_stride_small,043_b05_periodic8_biased__c03_fixed_stride_small.c,periodic8_biased,fixed_stride_small,large_L3,static/periodic,compulsory+streaming (prefetch-friendly),qemu_user_mode,15.2.0,riscv64,1048576,5000000,2654435769,200000,3125000,1875000,4717546347940504,PASS,1,0.015230034,0.015230034,0.0,0,,,,,,,,,,,,,,,,,,,0,qemu_guest_none
044_b05_periodic8_biased__c04_fixed_stride_large,044_b05_periodic8_biased__c04_fixed_stride_large.c,periodic8_biased,fixed_stride_large,xlarge_DRAM,static/periodic,compulsory+streaming (prefetch-friendly),qemu_user_mode,15.2.0,riscv64,8388608,8000000,2654435769,200000,5000000,3000000,7512281815788064,PASS,1,0.075263053,0.075263053,0.0,0,,,,,,,,,,,,,,,,,,,0,qemu_guest_none
045_b05_periodic8_biased__c05_random_small_working_set,045_b05_periodic8_biased__c05_random_small_working_set.c,periodic8_biased,random_small_working_set,small_L1,static/periodic,temporal reuse (capacity-sensitive),qemu_user_mode,15.2.0,riscv64,4096,1000000,2654435769,100000,625000,375000,956001584724520,PASS,1,0.002909475,0.002909475,0.0,0,,,,,,,,,,,,,,,,,,,0,qemu_guest_none
046_b05_periodic8_biased__c06_random_full_working_set,046_b05_periodic8_biased__c06_random_full_working_set.c,periodic8_biased,random_full_working_set,medium_L2,static/periodic,capacity (uniform random),qemu_user_mode,15.2.0,riscv64,65536,3000000,2654435769,200000,1875000,1125000,2824918855045488,PASS,1,0.009571128,0.009571128,0.0,0,,,,,,,,,,,,,,,,,,,0,qemu_guest_none
047_b05_periodic8_biased__c07_matrix_row_major,047_b05_periodic8_biased__c07_matrix_row_major.c,periodic8_biased,matrix_row_major,large_L3,static/periodic,mixed spatial (traversal-order dependent),qemu_user_mode,15.2.0,riscv64,1048576,5000000,2654435769,200000,3125000,1875000,4695440031494072,PASS,1,0.039983806,0.039983806,0.0,0,,,,,,,,,,,,,,,,,,,0,qemu_guest_none
048_b05_periodic8_biased__c08_matrix_col_major,048_b05_periodic8_biased__c08_matrix_col_major.c,periodic8_biased,matrix_col_major,xlarge_DRAM,static/periodic,mixed spatial (traversal-order dependent),qemu_user_mode,15.2.0,riscv64,8388608,8000000,2654435769,200000,5000000,3000000,7512459045692304,PASS,1,0.092750393,0.092750393,0.0,0,,,,,,,,,,,,,,,,,,,0,qemu_guest_none
049_b05_periodic8_biased__c09_matrix_tiled_blocked,049_b05_periodic8_biased__c09_matrix_tiled_blocked.c,periodic8_biased,matrix_tiled_blocked,small_L1,static/periodic,mixed spatial (traversal-order dependent),qemu_user_mode,15.2.0,riscv64,4096,1000000,2654435769,100000,625000,375000,920921460257312,PASS,1,0.00943111,0.00943111,0.0,0,,,,,,,,,,,,,,,,,,,0,qemu_guest_none
050_b05_periodic8_biased__c10_pointer_chase_linked_list,050_b05_periodic8_biased__c10_pointer_chase_linked_list.c,periodic8_biased,pointer_chase_linked_list,medium_L2,static/periodic,"compulsory+latency-bound (dependent loads, no prefetch)",qemu_user_mode,15.2.0,riscv64,65536,3000000,2654435769,200000,1875000,1125000,2815499798413255,PASS,1,0.01603926,0.01603926,0.0,0,,,,,,,,,,,,,,,,,,,0,qemu_guest_none
051_b06_pseudo_random_50__c01_sequential_unit_stride,051_b06_pseudo_random_50__c01_sequential_unit_stride.c,pseudo_random_50,sequential_unit_stride,medium_L2,stochastic,compulsory+streaming (prefetch-friendly),qemu_user_mode,15.2.0,riscv64,65536,3000000,2654435769,200000,1499993,1500007,1604584336714655,PASS,1,0.01984074,0.01984074,0.0,0,,,,,,,,,,,,,,,,,,,0,qemu_guest_none
052_b06_pseudo_random_50__c02_sequential_wraparound_large,052_b06_pseudo_random_50__c02_sequential_wraparound_large.c,pseudo_random_50,sequential_wraparound_large,large_L3,stochastic,compulsory+streaming (prefetch-friendly),qemu_user_mode,15.2.0,riscv64,1048576,5000000,2654435769,200000,2499933,2500067,2685512138677755,PASS,1,0.033492721,0.033492721,0.0,0,,,,,,,,,,,,,,,,,,,0,qemu_guest_none
053_b06_pseudo_random_50__c03_fixed_stride_small,053_b06_pseudo_random_50__c03_fixed_stride_small.c,pseudo_random_50,fixed_stride_small,xlarge_DRAM,stochastic,compulsory+streaming (prefetch-friendly),qemu_user_mode,15.2.0,riscv64,8388608,8000000,2654435769,200000,3999992,4000008,4301764705489880,PASS,1,0.056659753,0.056659753,0.0,0,,,,,,,,,,,,,,,,,,,0,qemu_guest_none
054_b06_pseudo_random_50__c04_fixed_stride_large,054_b06_pseudo_random_50__c04_fixed_stride_large.c,pseudo_random_50,fixed_stride_large,small_L1,stochastic,compulsory+streaming (prefetch-friendly),qemu_user_mode,15.2.0,riscv64,4096,1000000,2654435769,100000,500065,499935,520495769081557,PASS,1,0.006773263,0.006773263,0.0,0,,,,,,,,,,,,,,,,,,,0,qemu_guest_none
055_b06_pseudo_random_50__c05_random_small_working_set,055_b06_pseudo_random_50__c05_random_small_working_set.c,pseudo_random_50,random_small_working_set,medium_L2,stochastic,temporal reuse (capacity-sensitive),qemu_user_mode,15.2.0,riscv64,65536,3000000,2654435769,200000,1499993,1500007,1602273549187553,PASS,1,0.020448907,0.020448907,0.0,0,,,,,,,,,,,,,,,,,,,0,qemu_guest_none
056_b06_pseudo_random_50__c06_random_full_working_set,056_b06_pseudo_random_50__c06_random_full_working_set.c,pseudo_random_50,random_full_working_set,large_L3,stochastic,capacity (uniform random),qemu_user_mode,15.2.0,riscv64,1048576,5000000,2654435769,200000,2499933,2500067,2686848003675145,PASS,1,0.035834176,0.035834176,0.0,0,,,,,,,,,,,,,,,,,,,0,qemu_guest_none
057_b06_pseudo_random_50__c07_matrix_row_major,057_b06_pseudo_random_50__c07_matrix_row_major.c,pseudo_random_50,matrix_row_major,xlarge_DRAM,stochastic,mixed spatial (traversal-order dependent),qemu_user_mode,15.2.0,riscv64,8388608,8000000,2654435769,200000,3999992,4000008,4300493327587469,PASS,1,0.074957913,0.074957913,0.0,0,,,,,,,,,,,,,,,,,,,0,qemu_guest_none
058_b06_pseudo_random_50__c08_matrix_col_major,058_b06_pseudo_random_50__c08_matrix_col_major.c,pseudo_random_50,matrix_col_major,small_L1,stochastic,mixed spatial (traversal-order dependent),qemu_user_mode,15.2.0,riscv64,4096,1000000,2654435769,100000,500065,499935,534506870561180,PASS,1,0.009393278,0.009393278,0.0,0,,,,,,,,,,,,,,,,,,,0,qemu_guest_none
059_b06_pseudo_random_50__c09_matrix_tiled_blocked,059_b06_pseudo_random_50__c09_matrix_tiled_blocked.c,pseudo_random_50,matrix_tiled_blocked,medium_L2,stochastic,mixed spatial (traversal-order dependent),qemu_user_mode,15.2.0,riscv64,65536,3000000,2654435769,200000,1499993,1500007,1604597566478279,PASS,1,0.034817142,0.034817142,0.0,0,,,,,,,,,,,,,,,,,,,0,qemu_guest_none
060_b06_pseudo_random_50__c10_pointer_chase_linked_list,060_b06_pseudo_random_50__c10_pointer_chase_linked_list.c,pseudo_random_50,pointer_chase_linked_list,large_L3,stochastic,"compulsory+latency-bound (dependent loads, no prefetch)",qemu_user_mode,15.2.0,riscv64,1048576,5000000,2654435769,200000,2499933,2500067,2684123644024457,PASS,1,0.118759234,0.118759234,0.0,0,,,,,,,,,,,,,,,,,,,0,qemu_guest_none
061_b07_nested_dependent__c01_sequential_unit_stride,061_b07_nested_dependent__c01_sequential_unit_stride.c,nested_dependent,sequential_unit_stride,large_L3,value-dependent,compulsory+streaming (prefetch-friendly),qemu_user_mode,15.2.0,riscv64,1048576,5000000,2654435769,200000,2500000,2500000,2684541746866032,PASS,1,0.017663536,0.017663536,0.0,0,,,,,,,,,,,,,,,,,,,0,qemu_guest_none
062_b07_nested_dependent__c02_sequential_wraparound_large,062_b07_nested_dependent__c02_sequential_wraparound_large.c,nested_dependent,sequential_wraparound_large,xlarge_DRAM,value-dependent,compulsory+streaming (prefetch-friendly),qemu_user_mode,15.2.0,riscv64,8388608,8000000,2654435769,200000,4000000,4000000,4292770472152144,PASS,1,0.032785115,0.032785115,0.0,0,,,,,,,,,,,,,,,,,,,0,qemu_guest_none
063_b07_nested_dependent__c03_fixed_stride_small,063_b07_nested_dependent__c03_fixed_stride_small.c,nested_dependent,fixed_stride_small,small_L1,value-dependent,compulsory+streaming (prefetch-friendly),qemu_user_mode,15.2.0,riscv64,4096,1000000,2654435769,100000,500000,500000,493698201550816,PASS,1,0.003510988,0.003510988,0.0,0,,,,,,,,,,,,,,,,,,,0,qemu_guest_none
064_b07_nested_dependent__c04_fixed_stride_large,064_b07_nested_dependent__c04_fixed_stride_large.c,nested_dependent,fixed_stride_large,medium_L2,value-dependent,compulsory+streaming (prefetch-friendly),qemu_user_mode,15.2.0,riscv64,65536,3000000,2654435769,200000,1500000,1500000,1711029984640032,PASS,1,0.011312588,0.011312588,0.0,0,,,,,,,,,,,,,,,,,,,0,qemu_guest_none
065_b07_nested_dependent__c05_random_small_working_set,065_b07_nested_dependent__c05_random_small_working_set.c,nested_dependent,random_small_working_set,large_L3,value-dependent,temporal reuse (capacity-sensitive),qemu_user_mode,15.2.0,riscv64,1048576,5000000,2654435769,200000,2500000,2500000,2685251137346336,PASS,1,0.01860804,0.01860804,0.0,0,,,,,,,,,,,,,,,,,,,0,qemu_guest_none
066_b07_nested_dependent__c06_random_full_working_set,066_b07_nested_dependent__c06_random_full_working_set.c,nested_dependent,random_full_working_set,xlarge_DRAM,value-dependent,capacity (uniform random),qemu_user_mode,15.2.0,riscv64,8388608,8000000,2654435769,200000,4000000,4000000,4295773667897984,PASS,1,0.169682092,0.169682092,0.0,0,,,,,,,,,,,,,,,,,,,0,qemu_guest_none
067_b07_nested_dependent__c07_matrix_row_major,067_b07_nested_dependent__c07_matrix_row_major.c,nested_dependent,matrix_row_major,small_L1,value-dependent,mixed spatial (traversal-order dependent),qemu_user_mode,15.2.0,riscv64,4096,1000000,2654435769,100000,500000,500000,528156435258000,PASS,1,0.008026214,0.008026214,0.0,0,,,,,,,,,,,,,,,,,,,0,qemu_guest_none
068_b07_nested_dependent__c08_matrix_col_major,068_b07_nested_dependent__c08_matrix_col_major.c,nested_dependent,matrix_col_major,medium_L2,value-dependent,mixed spatial (traversal-order dependent),qemu_user_mode,15.2.0,riscv64,65536,3000000,2654435769,200000,1500000,1500000,1610980455154752,PASS,1,0.024640302,0.024640302,0.0,0,,,,,,,,,,,,,,,,,,,0,qemu_guest_none
069_b07_nested_dependent__c09_matrix_tiled_blocked,069_b07_nested_dependent__c09_matrix_tiled_blocked.c,nested_dependent,matrix_tiled_blocked,large_L3,value-dependent,mixed spatial (traversal-order dependent),qemu_user_mode,15.2.0,riscv64,1048576,5000000,2654435769,200000,2500000,2500000,2683043373682096,PASS,1,0.043400982,0.043400982,0.0,0,,,,,,,,,,,,,,,,,,,0,qemu_guest_none
070_b07_nested_dependent__c10_pointer_chase_linked_list,070_b07_nested_dependent__c10_pointer_chase_linked_list.c,nested_dependent,pointer_chase_linked_list,xlarge_DRAM,value-dependent,"compulsory+latency-bound (dependent loads, no prefetch)",qemu_user_mode,15.2.0,riscv64,8388608,8000000,2654435769,200000,4000000,4000000,4292231834635613,PASS,1,0.795578283,0.795578283,0.0,0,,,,,,,,,,,,,,,,,,,0,qemu_guest_none
071_b08_switch_multiway__c01_sequential_unit_stride,071_b08_switch_multiway__c01_sequential_unit_stride.c,switch_multiway,sequential_unit_stride,xlarge_DRAM,indirect-branch,compulsory+streaming (prefetch-friendly),qemu_user_mode,15.2.0,riscv64,8388608,8000000,2654435769,200000,4800000,3200000,6871073491126880,PASS,1,0.031453584,0.031453584,0.0,0,,,,,,,,,,,,,,,,,,,0,qemu_guest_none
072_b08_switch_multiway__c02_sequential_wraparound_large,072_b08_switch_multiway__c02_sequential_wraparound_large.c,switch_multiway,sequential_wraparound_large,small_L1,indirect-branch,compulsory+streaming (prefetch-friendly),qemu_user_mode,15.2.0,riscv64,4096,1000000,2654435769,100000,600000,400000,854558887835978,PASS,1,0.004068809,0.004068809,0.0,0,,,,,,,,,,,,,,,,,,,0,qemu_guest_none
073_b08_switch_multiway__c03_fixed_stride_small,073_b08_switch_multiway__c03_fixed_stride_small.c,switch_multiway,fixed_stride_small,medium_L2,indirect-branch,compulsory+streaming (prefetch-friendly),qemu_user_mode,15.2.0,riscv64,65536,3000000,2654435769,200000,1800000,1200000,2569560390708593,PASS,1,0.012227984,0.012227984,0.0,0,,,,,,,,,,,,,,,,,,,0,qemu_guest_none
074_b08_switch_multiway__c04_fixed_stride_large,074_b08_switch_multiway__c04_fixed_stride_large.c,switch_multiway,fixed_stride_large,large_L3,indirect-branch,compulsory+streaming (prefetch-friendly),qemu_user_mode,15.2.0,riscv64,1048576,5000000,2654435769,200000,3000000,2000000,4291486733607135,PASS,1,0.027054307,0.027054307,0.0,0,,,,,,,,,,,,,,,,,,,0,qemu_guest_none
075_b08_switch_multiway__c05_random_small_working_set,075_b08_switch_multiway__c05_random_small_working_set.c,switch_multiway,random_small_working_set,xlarge_DRAM,indirect-branch,temporal reuse (capacity-sensitive),qemu_user_mode,15.2.0,riscv64,8388608,8000000,2654435769,200000,4800000,3200000,6836646583665195,PASS,1,0.035105294,0.035105294,0.0,0,,,,,,,,,,,,,,,,,,,0,qemu_guest_none
076_b08_switch_multiway__c06_random_full_working_set,076_b08_switch_multiway__c06_random_full_working_set.c,switch_multiway,random_full_working_set,small_L1,indirect-branch,capacity (uniform random),qemu_user_mode,15.2.0,riscv64,4096,1000000,2654435769,100000,600000,400000,854579817929369,PASS,1,0.004432583,0.004432583,0.0,0,,,,,,,,,,,,,,,,,,,0,qemu_guest_none
077_b08_switch_multiway__c07_matrix_row_major,077_b08_switch_multiway__c07_matrix_row_major.c,switch_multiway,matrix_row_major,medium_L2,indirect-branch,mixed spatial (traversal-order dependent),qemu_user_mode,15.2.0,riscv64,65536,3000000,2654435769,200000,1800000,1200000,2567296009438691,PASS,1,0.032622002,0.032622002,0.0,0,,,,,,,,,,,,,,,,,,,0,qemu_guest_none
078_b08_switch_multiway__c08_matrix_col_major,078_b08_switch_multiway__c08_matrix_col_major.c,switch_multiway,matrix_col_major,large_L3,indirect-branch,mixed spatial (traversal-order dependent),qemu_user_mode,15.2.0,riscv64,1048576,5000000,2654435769,200000,3000000,2000000,4294313638493283,PASS,1,0.054101304,0.054101304,0.0,0,,,,,,,,,,,,,,,,,,,0,qemu_guest_none
079_b08_switch_multiway__c09_matrix_tiled_blocked,079_b08_switch_multiway__c09_matrix_tiled_blocked.c,switch_multiway,matrix_tiled_blocked,xlarge_DRAM,indirect-branch,mixed spatial (traversal-order dependent),qemu_user_mode,15.2.0,riscv64,8388608,8000000,2654435769,200000,4800000,3200000,6870980812817312,PASS,1,0.086792666,0.086792666,0.0,0,,,,,,,,,,,,,,,,,,,0,qemu_guest_none
080_b08_switch_multiway__c10_pointer_chase_linked_list,080_b08_switch_multiway__c10_pointer_chase_linked_list.c,switch_multiway,pointer_chase_linked_list,small_L1,indirect-branch,"compulsory+latency-bound (dependent loads, no prefetch)",qemu_user_mode,15.2.0,riscv64,4096,1000000,2654435769,100000,600000,400000,856680983628067,PASS,1,0.0038403,0.0038403,0.0,0,,,,,,,,,,,,,,,,,,,0,qemu_guest_none
081_b09_recursive_calls__c01_sequential_unit_stride,081_b09_recursive_calls__c01_sequential_unit_stride.c,recursive_calls,sequential_unit_stride,small_L1,control-flow/call-return,compulsory+streaming (prefetch-friendly),qemu_user_mode,15.2.0,riscv64,4096,1000000,2654435769,100000,500000,500000,548234108261456,PASS,1,0.010360285,0.010360285,0.0,0,,,,,,,,,,,,,,,,,,,0,qemu_guest_none
082_b09_recursive_calls__c02_sequential_wraparound_large,082_b09_recursive_calls__c02_sequential_wraparound_large.c,recursive_calls,sequential_wraparound_large,medium_L2,control-flow/call-return,compulsory+streaming (prefetch-friendly),qemu_user_mode,15.2.0,riscv64,65536,3000000,2654435769,200000,1500000,1500000,1596688216967888,PASS,1,0.027873151,0.027873151,0.0,0,,,,,,,,,,,,,,,,,,,0,qemu_guest_none
083_b09_recursive_calls__c03_fixed_stride_small,083_b09_recursive_calls__c03_fixed_stride_small.c,recursive_calls,fixed_stride_small,large_L3,control-flow/call-return,compulsory+streaming (prefetch-friendly),qemu_user_mode,15.2.0,riscv64,1048576,5000000,2654435769,200000,1254816,3745184,18445415550000357312,PASS,1,0.057677516,0.057677516,0.0,0,,,,,,,,,,,,,,,,,,,0,qemu_guest_none
084_b09_recursive_calls__c04_fixed_stride_large,084_b09_recursive_calls__c04_fixed_stride_large.c,recursive_calls,fixed_stride_large,xlarge_DRAM,control-flow/call-return,compulsory+streaming (prefetch-friendly),qemu_user_mode,15.2.0,riscv64,8388608,8000000,2654435769,200000,2000544,5999456,18444591956584797440,PASS,1,0.111718473,0.111718473,0.0,0,,,,,,,,,,,,,,,,,,,0,qemu_guest_none
085_b09_recursive_calls__c05_random_small_working_set,085_b09_recursive_calls__c05_random_small_working_set.c,recursive_calls,random_small_working_set,small_L1,control-flow/call-return,temporal reuse (capacity-sensitive),qemu_user_mode,15.2.0,riscv64,4096,1000000,2654435769,100000,500000,500000,548241622657040,PASS,1,0.01241836,0.01241836,0.0,0,,,,,,,,,,,,,,,,,,,0,qemu_guest_none
086_b09_recursive_calls__c06_random_full_working_set,086_b09_recursive_calls__c06_random_full_working_set.c,recursive_calls,random_full_working_set,medium_L2,control-flow/call-return,capacity (uniform random),qemu_user_mode,15.2.0,riscv64,65536,3000000,2654435769,200000,1500000,1500000,1608812967196816,PASS,1,0.034973848,0.034973848,0.0,0,,,,,,,,,,,,,,,,,,,0,qemu_guest_none
087_b09_recursive_calls__c07_matrix_row_major,087_b09_recursive_calls__c07_matrix_row_major.c,recursive_calls,matrix_row_major,large_L3,control-flow/call-return,mixed spatial (traversal-order dependent),qemu_user_mode,15.2.0,riscv64,1048576,5000000,2654435769,200000,2500000,2500000,2678225896553632,PASS,1,0.067753336,0.067753336,0.0,0,,,,,,,,,,,,,,,,,,,0,qemu_guest_none
088_b09_recursive_calls__c08_matrix_col_major,088_b09_recursive_calls__c08_matrix_col_major.c,recursive_calls,matrix_col_major,xlarge_DRAM,control-flow/call-return,mixed spatial (traversal-order dependent),qemu_user_mode,15.2.0,riscv64,8388608,8000000,2654435769,200000,3999648,4000352,4288661469816032,PASS,1,0.162812286,0.162812286,0.0,0,,,,,,,,,,,,,,,,,,,0,qemu_guest_none
089_b09_recursive_calls__c09_matrix_tiled_blocked,089_b09_recursive_calls__c09_matrix_tiled_blocked.c,recursive_calls,matrix_tiled_blocked,small_L1,control-flow/call-return,mixed spatial (traversal-order dependent),qemu_user_mode,15.2.0,riscv64,4096,1000000,2654435769,100000,500000,500000,548268779296464,PASS,1,0.015756754,0.015756754,0.0,0,,,,,,,,,,,,,,,,,,,0,qemu_guest_none
090_b09_recursive_calls__c10_pointer_chase_linked_list,090_b09_recursive_calls__c10_pointer_chase_linked_list.c,recursive_calls,pointer_chase_linked_list,medium_L2,control-flow/call-return,"compulsory+latency-bound (dependent loads, no prefetch)",qemu_user_mode,15.2.0,riscv64,65536,3000000,2654435769,200000,1500025,1499975,1604583253223844,PASS,1,0.048809236,0.048809236,0.0,0,,,,,,,,,,,,,,,,,,,0,qemu_guest_none
091_b10_correlated_history__c01_sequential_unit_stride,091_b10_correlated_history__c01_sequential_unit_stride.c,correlated_history,sequential_unit_stride,medium_L2,history-correlated,compulsory+streaming (prefetch-friendly),qemu_user_mode,15.2.0,riscv64,65536,3000000,2654435769,200000,1500000,1500000,1605083028954768,PASS,1,0.010225632,0.010225632,0.0,0,,,,,,,,,,,,,,,,,,,0,qemu_guest_none
092_b10_correlated_history__c02_sequential_wraparound_large,092_b10_correlated_history__c02_sequential_wraparound_large.c,correlated_history,sequential_wraparound_large,large_L3,history-correlated,compulsory+streaming (prefetch-friendly),qemu_user_mode,15.2.0,riscv64,1048576,5000000,2654435769,200000,2500000,2500000,2689339824537552,PASS,1,0.017639142,0.017639142,0.0,0,,,,,,,,,,,,,,,,,,,0,qemu_guest_none
093_b10_correlated_history__c03_fixed_stride_small,093_b10_correlated_history__c03_fixed_stride_small.c,correlated_history,fixed_stride_small,xlarge_DRAM,history-correlated,compulsory+streaming (prefetch-friendly),qemu_user_mode,15.2.0,riscv64,8388608,8000000,2654435769,200000,4000000,4000000,4291576612456576,PASS,1,0.032122438,0.032122438,0.0,0,,,,,,,,,,,,,,,,,,,0,qemu_guest_none
094_b10_correlated_history__c04_fixed_stride_large,094_b10_correlated_history__c04_fixed_stride_large.c,correlated_history,fixed_stride_large,small_L1,history-correlated,compulsory+streaming (prefetch-friendly),qemu_user_mode,15.2.0,riscv64,4096,1000000,2654435769,100000,500000,500000,492661368750000,PASS,1,0.003388433,0.003388433,0.0,0,,,,,,,,,,,,,,,,,,,0,qemu_guest_none
095_b10_correlated_history__c05_random_small_working_set,095_b10_correlated_history__c05_random_small_working_set.c,correlated_history,random_small_working_set,medium_L2,history-correlated,temporal reuse (capacity-sensitive),qemu_user_mode,15.2.0,riscv64,65536,3000000,2654435769,200000,1500000,1500000,1629073429003440,PASS,1,0.011346997,0.011346997,0.0,0,,,,,,,,,,,,,,,,,,,0,qemu_guest_none
096_b10_correlated_history__c06_random_full_working_set,096_b10_correlated_history__c06_random_full_working_set.c,correlated_history,random_full_working_set,large_L3,history-correlated,capacity (uniform random),qemu_user_mode,15.2.0,riscv64,1048576,5000000,2654435769,200000,2500000,2500000,2689837322778480,PASS,1,0.025702427,0.025702427,0.0,0,,,,,,,,,,,,,,,,,,,0,qemu_guest_none
097_b10_correlated_history__c07_matrix_row_major,097_b10_correlated_history__c07_matrix_row_major.c,correlated_history,matrix_row_major,xlarge_DRAM,history-correlated,mixed spatial (traversal-order dependent),qemu_user_mode,15.2.0,riscv64,8388608,8000000,2654435769,200000,4000000,4000000,4297506827389056,PASS,1,0.064762251,0.064762251,0.0,0,,,,,,,,,,,,,,,,,,,0,qemu_guest_none
098_b10_correlated_history__c08_matrix_col_major,098_b10_correlated_history__c08_matrix_col_major.c,correlated_history,matrix_col_major,small_L1,history-correlated,mixed spatial (traversal-order dependent),qemu_user_mode,15.2.0,riscv64,4096,1000000,2654435769,100000,500000,500000,520733250381504,PASS,1,0.008032466,0.008032466,0.0,0,,,,,,,,,,,,,,,,,,,0,qemu_guest_none
099_b10_correlated_history__c09_matrix_tiled_blocked,099_b10_correlated_history__c09_matrix_tiled_blocked.c,correlated_history,matrix_tiled_blocked,medium_L2,history-correlated,mixed spatial (traversal-order dependent),qemu_user_mode,15.2.0,riscv64,65536,3000000,2654435769,200000,1500000,1500000,1605127846843920,PASS,1,0.025835783,0.025835783,0.0,0,,,,,,,,,,,,,,,,,,,0,qemu_guest_none
100_b10_correlated_history__c10_pointer_chase_linked_list,100_b10_correlated_history__c10_pointer_chase_linked_list.c,correlated_history,pointer_chase_linked_list,large_L3,history-correlated,"compulsory+latency-bound (dependent loads, no prefetch)",qemu_user_mode,15.2.0,riscv64,1048576,5000000,2654435769,200000,2500000,2500000,2682957087559943,PASS,1,0.107319112,0.107319112,0.0,0,,,,,,,,,,,,,,,,,,,0,qemu_guest_none
101_b11_value_dependent_threshold__c11_sliding_window,101_b11_value_dependent_threshold__c11_sliding_window.c,value_dependent_threshold,sliding_window,small_L1,value-dependent,mixed/unclassified,qemu_user_mode,15.2.0,riscv64,4096,1000000,2654435769,100000,500012,499988,534107728725735,PASS,1,0.005502784,0.005502784,0.0,0,,,,,,,,,,,,,,,,,,,0,qemu_guest_none
102_b11_value_dependent_threshold__c12_prime_stride_anti_alias,102_b11_value_dependent_threshold__c12_prime_stride_anti_alias.c,value_dependent_threshold,prime_stride_anti_alias,medium_L2,value-dependent,compulsory+streaming (prefetch-friendly),qemu_user_mode,15.2.0,riscv64,65536,3000000,2654435769,200000,1500007,1499993,1589485519131755,PASS,1,0.009030429,0.009030429,0.0,0,,,,,,,,,,,,,,,,,,,0,qemu_guest_none
103_b11_value_dependent_threshold__c13_two_stream_interleaved,103_b11_value_dependent_threshold__c13_two_stream_interleaved.c,value_dependent_threshold,two_stream_interleaved,large_L3,value-dependent,mixed/unclassified,qemu_user_mode,15.2.0,riscv64,1048576,5000000,2654435769,200000,2499992,2500008,2684491024855568,PASS,1,0.015089595,0.015089595,0.0,0,,,,,,,,,,,,,,,,,,,0,qemu_guest_none
104_b11_value_dependent_threshold__c14_temporal_burst_reuse,104_b11_value_dependent_threshold__c14_temporal_burst_reuse.c,value_dependent_threshold,temporal_burst_reuse,xlarge_DRAM,value-dependent,mixed/unclassified,qemu_user_mode,15.2.0,riscv64,8388608,8000000,2654435769,200000,3999950,4000050,4300938100491102,PASS,1,0.048545419,0.048545419,0.0,0,,,,,,,,,,,,,,,,,,,0,qemu_guest_none
105_b11_value_dependent_threshold__c15_reverse_sequential,105_b11_value_dependent_threshold__c15_reverse_sequential.c,value_dependent_threshold,reverse_sequential,small_L1,value-dependent,compulsory+streaming (prefetch-friendly),qemu_user_mode,15.2.0,riscv64,4096,1000000,2654435769,100000,499998,500002,533972026324141,PASS,1,0.002993046,0.002993046,0.0,0,,,,,,,,,,,,,,,,,,,0,qemu_guest_none
106_b11_value_dependent_threshold__c16_block_sparse,106_b11_value_dependent_threshold__c16_block_sparse.c,value_dependent_threshold,block_sparse,medium_L2,value-dependent,mixed spatial (traversal-order dependent),qemu_user_mode,15.2.0,riscv64,65536,3000000,2654435769,200000,1482166,1517834,1616808994273553,PASS,1,0.011290241,0.011290241,0.0,0,,,,,,,,,,,,,,,,,,,0,qemu_guest_none
107_b11_value_dependent_threshold__c17_zipf_like_hot_buckets,107_b11_value_dependent_threshold__c17_zipf_like_hot_buckets.c,value_dependent_threshold,zipf_like_hot_buckets,large_L3,value-dependent,temporal reuse (skewed/hot-set),qemu_user_mode,15.2.0,riscv64,1048576,5000000,2654435769,200000,2499924,2500076,2587776282301071,PASS,1,0.065519365,0.065519365,0.0,0,,,,,,,,,,,,,,,,,,,0,qemu_guest_none
108_b11_value_dependent_threshold__c18_producer_consumer_two_pointer,108_b11_value_dependent_threshold__c18_producer_consumer_two_pointer.c,value_dependent_threshold,producer_consumer_two_pointer,xlarge_DRAM,value-dependent,mixed/unclassified,qemu_user_mode,15.2.0,riscv64,8388608,8000000,2654435769,200000,4000000,4000000,4295221609697024,PASS,1,0.033502817,0.033502817,0.0,0,,,,,,,,,,,,,,,,,,,0,qemu_guest_none
109_b11_value_dependent_threshold__c19_matrix_diagonal_wavefront,109_b11_value_dependent_threshold__c19_matrix_diagonal_wavefront.c,value_dependent_threshold,matrix_diagonal_wavefront,small_L1,value-dependent,mixed spatial (traversal-order dependent),qemu_user_mode,15.2.0,riscv64,4096,1000000,2654435769,100000,500048,499952,529922386943658,PASS,1,0.015619691,0.015619691,0.0,0,,,,,,,,,,,,,,,,,,,0,qemu_guest_none
110_b11_value_dependent_threshold__c20_hot_cold_phase_alternation,110_b11_value_dependent_threshold__c20_hot_cold_phase_alternation.c,value_dependent_threshold,hot_cold_phase_alternation,medium_L2,value-dependent,temporal reuse (skewed/hot-set),qemu_user_mode,15.2.0,riscv64,65536,3000000,2654435769,200000,1499997,1500003,1590604448099657,PASS,1,0.012200819,0.012200819,0.0,0,,,,,,,,,,,,,,,,,,,0,qemu_guest_none
111_b12_doubling_run_lengths__c11_sliding_window,111_b12_doubling_run_lengths__c11_sliding_window.c,doubling_run_lengths,sliding_window,medium_L2,phase-changing/non-stationary,mixed/unclassified,qemu_user_mode,15.2.0,riscv64,65536,3000000,2654435769,200000,1500318,1499682,1604865760859121,PASS,1,0.011781343,0.011781343,0.0,0,,,,,,,,,,,,,,,,,,,0,qemu_guest_none
112_b12_doubling_run_lengths__c12_prime_stride_anti_alias,112_b12_doubling_run_lengths__c12_prime_stride_anti_alias.c,doubling_run_lengths,prime_stride_anti_alias,large_L3,phase-changing/non-stationary,compulsory+streaming (prefetch-friendly),qemu_user_mode,15.2.0,riscv64,1048576,5000000,2654435769,200000,2499620,2500380,2687676954671054,PASS,1,0.019590986,0.019590986,0.0,0,,,,,,,,,,,,,,,,,,,0,qemu_guest_none
113_b12_doubling_run_lengths__c13_two_stream_interleaved,113_b12_doubling_run_lengths__c13_two_stream_interleaved.c,doubling_run_lengths,two_stream_interleaved,xlarge_DRAM,phase-changing/non-stationary,mixed/unclassified,qemu_user_mode,15.2.0,riscv64,8388608,8000000,2654435769,200000,4000062,3999938,4297150339966813,PASS,1,0.028713217,0.028713217,0.0,0,,,,,,,,,,,,,,,,,,,0,qemu_guest_none
114_b12_doubling_run_lengths__c14_temporal_burst_reuse,114_b12_doubling_run_lengths__c14_temporal_burst_reuse.c,doubling_run_lengths,temporal_burst_reuse,small_L1,phase-changing/non-stationary,mixed/unclassified,qemu_user_mode,15.2.0,riscv64,4096,1000000,2654435769,100000,499992,500008,549952959586522,PASS,1,0.003528052,0.003528052,0.0,0,,,,,,,,,,,,,,,,,,,0,qemu_guest_none
115_b12_doubling_run_lengths__c15_reverse_sequential,115_b12_doubling_run_lengths__c15_reverse_sequential.c,doubling_run_lengths,reverse_sequential,medium_L2,phase-changing/non-stationary,compulsory+streaming (prefetch-friendly),qemu_user_mode,15.2.0,riscv64,65536,3000000,2654435769,200000,1500318,1499682,1593280417623176,PASS,1,0.009849715,0.009849715,0.0,0,,,,,,,,,,,,,,,,,,,0,qemu_guest_none
116_b12_doubling_run_lengths__c16_block_sparse,116_b12_doubling_run_lengths__c16_block_sparse.c,doubling_run_lengths,block_sparse,large_L3,phase-changing/non-stationary,mixed spatial (traversal-order dependent),qemu_user_mode,15.2.0,riscv64,1048576,5000000,2654435769,200000,2499620,2500380,2800867872427892,PASS,1,0.022887554,0.022887554,0.0,0,,,,,,,,,,,,,,,,,,,0,qemu_guest_none
117_b12_doubling_run_lengths__c17_zipf_like_hot_buckets,117_b12_doubling_run_lengths__c17_zipf_like_hot_buckets.c,doubling_run_lengths,zipf_like_hot_buckets,xlarge_DRAM,phase-changing/non-stationary,temporal reuse (skewed/hot-set),qemu_user_mode,15.2.0,riscv64,8388608,8000000,2654435769,200000,4000062,3999938,4143351736688106,PASS,1,0.13361428,0.13361428,0.0,0,,,,,,,,,,,,,,,,,,,0,qemu_guest_none
118_b12_doubling_run_lengths__c18_producer_consumer_two_pointer,118_b12_doubling_run_lengths__c18_producer_consumer_two_pointer.c,doubling_run_lengths,producer_consumer_two_pointer,small_L1,phase-changing/non-stationary,mixed/unclassified,qemu_user_mode,15.2.0,riscv64,4096,1000000,2654435769,100000,499992,500008,534060720998550,PASS,1,0.004729314,0.004729314,0.0,0,,,,,,,,,,,,,,,,,,,0,qemu_guest_none
119_b12_doubling_run_lengths__c19_matrix_diagonal_wavefront,119_b12_doubling_run_lengths__c19_matrix_diagonal_wavefront.c,doubling_run_lengths,matrix_diagonal_wavefront,medium_L2,phase-changing/non-stationary,mixed spatial (traversal-order dependent),qemu_user_mode,15.2.0,riscv64,65536,3000000,2654435769,200000,1500318,1499682,1607571828332075,PASS,1,0.032943745,0.032943745,0.0,0,,,,,,,,,,,,,,,,,,,0,qemu_guest_none
120_b12_doubling_run_lengths__c20_hot_cold_phase_alternation,120_b12_doubling_run_lengths__c20_hot_cold_phase_alternation.c,doubling_run_lengths,hot_cold_phase_alternation,large_L3,phase-changing/non-stationary,temporal reuse (skewed/hot-set),qemu_user_mode,15.2.0,riscv64,1048576,5000000,2654435769,200000,2499620,2500380,2671793063652096,PASS,1,0.027019427,0.027019427,0.0,0,,,,,,,,,,,,,,,,,,,0,qemu_guest_none
121_b13_single_phase_change__c11_sliding_window,121_b13_single_phase_change__c11_sliding_window.c,single_phase_change,sliding_window,large_L3,static/trivial,mixed/unclassified,qemu_user_mode,15.2.0,riscv64,1048576,5000000,2654435769,200000,2500000,2500000,2677463440140928,PASS,1,0.016127464,0.016127464,0.0,0,,,,,,,,,,,,,,,,,,,0,qemu_guest_none
122_b13_single_phase_change__c12_prime_stride_anti_alias,122_b13_single_phase_change__c12_prime_stride_anti_alias.c,single_phase_change,prime_stride_anti_alias,xlarge_DRAM,static/trivial,compulsory+streaming (prefetch-friendly),qemu_user_mode,15.2.0,riscv64,8388608,8000000,2654435769,200000,4000000,4000000,4297655327971264,PASS,1,0.053338795,0.053338795,0.0,0,,,,,,,,,,,,,,,,,,,0,qemu_guest_none
123_b13_single_phase_change__c13_two_stream_interleaved,123_b13_single_phase_change__c13_two_stream_interleaved.c,single_phase_change,two_stream_interleaved,small_L1,static/trivial,mixed/unclassified,qemu_user_mode,15.2.0,riscv64,4096,1000000,2654435769,100000,500000,500000,534097851115104,PASS,1,0.002501959,0.002501959,0.0,0,,,,,,,,,,,,,,,,,,,0,qemu_guest_none
124_b13_single_phase_change__c14_temporal_burst_reuse,124_b13_single_phase_change__c14_temporal_burst_reuse.c,single_phase_change,temporal_burst_reuse,medium_L2,static/trivial,mixed/unclassified,qemu_user_mode,15.2.0,riscv64,65536,3000000,2654435769,200000,1500000,1500000,1604655725829832,PASS,1,0.007369324,0.007369324,0.0,0,,,,,,,,,,,,,,,,,,,0,qemu_guest_none
125_b13_single_phase_change__c15_reverse_sequential,125_b13_single_phase_change__c15_reverse_sequential.c,single_phase_change,reverse_sequential,large_L3,static/trivial,compulsory+streaming (prefetch-friendly),qemu_user_mode,15.2.0,riscv64,1048576,5000000,2654435769,200000,2500000,2500000,2684138174876016,PASS,1,0.012230891,0.012230891,0.0,0,,,,,,,,,,,,,,,,,,,0,qemu_guest_none
126_b13_single_phase_change__c16_block_sparse,126_b13_single_phase_change__c16_block_sparse.c,single_phase_change,block_sparse,xlarge_DRAM,static/trivial,mixed spatial (traversal-order dependent),qemu_user_mode,15.2.0,riscv64,8388608,8000000,2654435769,200000,4000000,4000000,4485933912279776,PASS,1,0.025112373,0.025112373,0.0,0,,,,,,,,,,,,,,,,,,,0,qemu_guest_none
127_b13_single_phase_change__c17_zipf_like_hot_buckets,127_b13_single_phase_change__c17_zipf_like_hot_buckets.c,single_phase_change,zipf_like_hot_buckets,small_L1,static/trivial,temporal reuse (skewed/hot-set),qemu_user_mode,15.2.0,riscv64,4096,1000000,2654435769,100000,500000,500000,516570573226577,PASS,1,0.007565502,0.007565502,0.0,0,,,,,,,,,,,,,,,,,,,0,qemu_guest_none
128_b13_single_phase_change__c18_producer_consumer_two_pointer,128_b13_single_phase_change__c18_producer_consumer_two_pointer.c,single_phase_change,producer_consumer_two_pointer,medium_L2,static/trivial,mixed/unclassified,qemu_user_mode,15.2.0,riscv64,65536,3000000,2654435769,200000,1500000,1500000,1604583794645904,PASS,1,0.011486005,0.011486005,0.0,0,,,,,,,,,,,,,,,,,,,0,qemu_guest_none
129_b13_single_phase_change__c19_matrix_diagonal_wavefront,129_b13_single_phase_change__c19_matrix_diagonal_wavefront.c,single_phase_change,matrix_diagonal_wavefront,large_L3,static/trivial,mixed spatial (traversal-order dependent),qemu_user_mode,15.2.0,riscv64,1048576,5000000,2654435769,200000,2500000,2500000,2683411222455487,PASS,1,0.057359232,0.057359232,0.0,0,,,,,,,,,,,,,,,,,,,0,qemu_guest_none
130_b13_single_phase_change__c20_hot_cold_phase_alternation,130_b13_single_phase_change__c20_hot_cold_phase_alternation.c,single_phase_change,hot_cold_phase_alternation,xlarge_DRAM,static/trivial,temporal reuse (skewed/hot-set),qemu_user_mode,15.2.0,riscv64,8388608,8000000,2654435769,200000,4000000,4000000,4274648256974431,PASS,1,0.103892301,0.103892301,0.0,0,,,,,,,,,,,,,,,,,,,0,qemu_guest_none
131_b14_four_way_skewed__c11_sliding_window,131_b14_four_way_skewed__c11_sliding_window.c,four_way_skewed,sliding_window,xlarge_DRAM,value-dependent,mixed/unclassified,qemu_user_mode,15.2.0,riscv64,8388608,8000000,2654435769,200000,6400503,1599497,12021527692229206,PASS,1,0.073583757,0.073583757,0.0,0,,,,,,,,,,,,,,,,,,,0,qemu_guest_none
132_b14_four_way_skewed__c12_prime_stride_anti_alias,132_b14_four_way_skewed__c12_prime_stride_anti_alias.c,four_way_skewed,prime_stride_anti_alias,small_L1,value-dependent,compulsory+streaming (prefetch-friendly),qemu_user_mode,15.2.0,riscv64,4096,1000000,2654435769,100000,800091,199909,1495741441296204,PASS,1,0.006608115,0.006608115,0.0,0,,,,,,,,,,,,,,,,,,,0,qemu_guest_none
133_b14_four_way_skewed__c13_two_stream_interleaved,133_b14_four_way_skewed__c13_two_stream_interleaved.c,four_way_skewed,two_stream_interleaved,medium_L2,value-dependent,mixed/unclassified,qemu_user_mode,15.2.0,riscv64,65536,3000000,2654435769,200000,2400278,599722,4494308042519854,PASS,1,0.02108529,0.02108529,0.0,0,,,,,,,,,,,,,,,,,,,0,qemu_guest_none
134_b14_four_way_skewed__c14_temporal_burst_reuse,134_b14_four_way_skewed__c14_temporal_burst_reuse.c,four_way_skewed,temporal_burst_reuse,large_L3,value-dependent,mixed/unclassified,qemu_user_mode,15.2.0,riscv64,1048576,5000000,2654435769,200000,4000439,999561,7510241569340846,PASS,1,0.03237055,0.03237055,0.0,0,,,,,,,,,,,,,,,,,,,0,qemu_guest_none
135_b14_four_way_skewed__c15_reverse_sequential,135_b14_four_way_skewed__c15_reverse_sequential.c,four_way_skewed,reverse_sequential,xlarge_DRAM,value-dependent,compulsory+streaming (prefetch-friendly),qemu_user_mode,15.2.0,riscv64,8388608,8000000,2654435769,200000,6400537,1599463,12025419336111669,PASS,1,0.054612688,0.054612688,0.0,0,,,,,,,,,,,,,,,,,,,0,qemu_guest_none
136_b14_four_way_skewed__c16_block_sparse,136_b14_four_way_skewed__c16_block_sparse.c,four_way_skewed,block_sparse,small_L1,value-dependent,mixed spatial (traversal-order dependent),qemu_user_mode,15.2.0,riscv64,4096,1000000,2654435769,100000,800028,199972,1569138994300962,PASS,1,0.005294493,0.005294493,0.0,0,,,,,,,,,,,,,,,,,,,0,qemu_guest_none
137_b14_four_way_skewed__c17_zipf_like_hot_buckets,137_b14_four_way_skewed__c17_zipf_like_hot_buckets.c,four_way_skewed,zipf_like_hot_buckets,medium_L2,value-dependent,temporal reuse (skewed/hot-set),qemu_user_mode,15.2.0,riscv64,65536,3000000,2654435769,200000,2400116,599884,4347048876363726,PASS,1,0.035329981,0.035329981,0.0,0,,,,,,,,,,,,,,,,,,,0,qemu_guest_none
138_b14_four_way_skewed__c18_producer_consumer_two_pointer,138_b14_four_way_skewed__c18_producer_consumer_two_pointer.c,four_way_skewed,producer_consumer_two_pointer,large_L3,value-dependent,mixed/unclassified,qemu_user_mode,15.2.0,riscv64,1048576,5000000,2654435769,200000,4000806,999194,7517886502180301,PASS,1,0.038897669,0.038897669,0.0,0,,,,,,,,,,,,,,,,,,,0,qemu_guest_none
139_b14_four_way_skewed__c19_matrix_diagonal_wavefront,139_b14_four_way_skewed__c19_matrix_diagonal_wavefront.c,four_way_skewed,matrix_diagonal_wavefront,xlarge_DRAM,value-dependent,mixed spatial (traversal-order dependent),qemu_user_mode,15.2.0,riscv64,8388608,8000000,2654435769,200000,6400126,1599874,12028996664186616,PASS,1,0.167583909,0.167583909,0.0,0,,,,,,,,,,,,,,,,,,,0,qemu_guest_none
140_b14_four_way_skewed__c20_hot_cold_phase_alternation,140_b14_four_way_skewed__c20_hot_cold_phase_alternation.c,four_way_skewed,hot_cold_phase_alternation,small_L1,value-dependent,temporal reuse (skewed/hot-set),qemu_user_mode,15.2.0,riscv64,4096,1000000,2654435769,100000,799978,200022,1493083465347504,PASS,1,0.008231063,0.008231063,0.0,0,,,,,,,,,,,,,,,,,,,0,qemu_guest_none
141_b15_manual_unroll4_sparse__c11_sliding_window,141_b15_manual_unroll4_sparse__c11_sliding_window.c,manual_unroll4_sparse,sliding_window,small_L1,mixed/other,mixed/unclassified,qemu_user_mode,15.2.0,riscv64,4096,1000000,2654435769,100000,500000,500000,534157711682990,PASS,1,0.003395242,0.003395242,0.0,0,,,,,,,,,,,,,,,,,,,0,qemu_guest_none
142_b15_manual_unroll4_sparse__c12_prime_stride_anti_alias,142_b15_manual_unroll4_sparse__c12_prime_stride_anti_alias.c,manual_unroll4_sparse,prime_stride_anti_alias,medium_L2,mixed/other,compulsory+streaming (prefetch-friendly),qemu_user_mode,15.2.0,riscv64,65536,3000000,2654435769,200000,1500000,1500000,1588340766847600,PASS,1,0.009620035,0.009620035,0.0,0,,,,,,,,,,,,,,,,,,,0,qemu_guest_none
143_b15_manual_unroll4_sparse__c13_two_stream_interleaved,143_b15_manual_unroll4_sparse__c13_two_stream_interleaved.c,manual_unroll4_sparse,two_stream_interleaved,large_L3,mixed/other,mixed/unclassified,qemu_user_mode,15.2.0,riscv64,1048576,5000000,2654435769,200000,2500000,2500000,2683753320977232,PASS,1,0.015032462,0.015032462,0.0,0,,,,,,,,,,,,,,,,,,,0,qemu_guest_none
144_b15_manual_unroll4_sparse__c14_temporal_burst_reuse,144_b15_manual_unroll4_sparse__c14_temporal_burst_reuse.c,manual_unroll4_sparse,temporal_burst_reuse,xlarge_DRAM,mixed/other,mixed/unclassified,qemu_user_mode,15.2.0,riscv64,8388608,8000000,2654435769,200000,4000000,4000000,4293811348623168,PASS,1,0.025184864,0.025184864,0.0,0,,,,,,,,,,,,,,,,,,,0,qemu_guest_none
145_b15_manual_unroll4_sparse__c15_reverse_sequential,145_b15_manual_unroll4_sparse__c15_reverse_sequential.c,manual_unroll4_sparse,reverse_sequential,small_L1,mixed/other,compulsory+streaming (prefetch-friendly),qemu_user_mode,15.2.0,riscv64,4096,1000000,2654435769,100000,500000,500000,533936278102880,PASS,1,0.002857188,0.002857188,0.0,0,,,,,,,,,,,,,,,,,,,0,qemu_guest_none
146_b15_manual_unroll4_sparse__c16_block_sparse,146_b15_manual_unroll4_sparse__c16_block_sparse.c,manual_unroll4_sparse,block_sparse,medium_L2,mixed/other,mixed spatial (traversal-order dependent),qemu_user_mode,15.2.0,riscv64,65536,3000000,2654435769,200000,1500000,1500000,1333575173328016,PASS,1,0.01138183,0.01138183,0.0,0,,,,,,,,,,,,,,,,,,,0,qemu_guest_none
147_b15_manual_unroll4_sparse__c17_zipf_like_hot_buckets,147_b15_manual_unroll4_sparse__c17_zipf_like_hot_buckets.c,manual_unroll4_sparse,zipf_like_hot_buckets,large_L3,mixed/other,temporal reuse (skewed/hot-set),qemu_user_mode,15.2.0,riscv64,1048576,5000000,2654435769,200000,2500000,2500000,2870003938942161,PASS,1,0.037456292,0.037456292,0.0,0,,,,,,,,,,,,,,,,,,,0,qemu_guest_none
148_b15_manual_unroll4_sparse__c18_producer_consumer_two_pointer,148_b15_manual_unroll4_sparse__c18_producer_consumer_two_pointer.c,manual_unroll4_sparse,producer_consumer_two_pointer,xlarge_DRAM,mixed/other,mixed/unclassified,qemu_user_mode,15.2.0,riscv64,8388608,8000000,2654435769,200000,4000000,4000000,4292821417385216,PASS,1,0.033142174,0.033142174,0.0,0,,,,,,,,,,,,,,,,,,,0,qemu_guest_none
149_b15_manual_unroll4_sparse__c19_matrix_diagonal_wavefront,149_b15_manual_unroll4_sparse__c19_matrix_diagonal_wavefront.c,manual_unroll4_sparse,matrix_diagonal_wavefront,small_L1,mixed/other,mixed spatial (traversal-order dependent),qemu_user_mode,15.2.0,riscv64,4096,1000000,2654435769,100000,500000,500000,539040210035405,PASS,1,0.011438034,0.011438034,0.0,0,,,,,,,,,,,,,,,,,,,0,qemu_guest_none
150_b15_manual_unroll4_sparse__c20_hot_cold_phase_alternation,150_b15_manual_unroll4_sparse__c20_hot_cold_phase_alternation.c,manual_unroll4_sparse,hot_cold_phase_alternation,medium_L2,mixed/other,temporal reuse (skewed/hot-set),qemu_user_mode,15.2.0,riscv64,65536,3000000,2654435769,200000,1500000,1500000,1590633320551276,PASS,1,0.011270072,0.011270072,0.0,0,,,,,,,,,,,,,,,,,,,0,qemu_guest_none
151_b16_sentinel_search_loop__c11_sliding_window,151_b16_sentinel_search_loop__c11_sliding_window.c,sentinel_search_loop,sliding_window,medium_L2,value-dependent,mixed/unclassified,qemu_user_mode,15.2.0,riscv64,65536,3000000,2654435769,200000,2969132,30868,6319803591249991,PASS,1,0.016798355,0.016798355,0.0,0,,,,,,,,,,,,,,,,,,,0,qemu_guest_none
152_b16_sentinel_search_loop__c12_prime_stride_anti_alias,152_b16_sentinel_search_loop__c12_prime_stride_anti_alias.c,sentinel_search_loop,prime_stride_anti_alias,large_L3,value-dependent,compulsory+streaming (prefetch-friendly),qemu_user_mode,15.2.0,riscv64,1048576,5000000,2654435769,200000,4948417,51583,10568049383249013,PASS,1,0.017870118,0.017870118,0.0,0,,,,,,,,,,,,,,,,,,,0,qemu_guest_none
153_b16_sentinel_search_loop__c13_two_stream_interleaved,153_b16_sentinel_search_loop__c13_two_stream_interleaved.c,sentinel_search_loop,two_stream_interleaved,xlarge_DRAM,value-dependent,mixed/unclassified,qemu_user_mode,15.2.0,riscv64,8388608,8000000,2654435769,200000,7917372,82628,16907950179728073,PASS,1,0.029327424,0.029327424,0.0,0,,,,,,,,,,,,,,,,,,,0,qemu_guest_none
154_b16_sentinel_search_loop__c14_temporal_burst_reuse,154_b16_sentinel_search_loop__c14_temporal_burst_reuse.c,sentinel_search_loop,temporal_burst_reuse,small_L1,value-dependent,mixed/unclassified,qemu_user_mode,15.2.0,riscv64,4096,1000000,2654435769,100000,989633,10367,2103048381332532,PASS,1,0.003445335,0.003445335,0.0,0,,,,,,,,,,,,,,,,,,,0,qemu_guest_none
155_b16_sentinel_search_loop__c15_reverse_sequential,155_b16_sentinel_search_loop__c15_reverse_sequential.c,sentinel_search_loop,reverse_sequential,medium_L2,value-dependent,compulsory+streaming (prefetch-friendly),qemu_user_mode,15.2.0,riscv64,65536,3000000,2654435769,200000,2969138,30862,6320082260003093,PASS,1,0.010535645,0.010535645,0.0,0,,,,,,,,,,,,,,,,,,,0,qemu_guest_none
156_b16_sentinel_search_loop__c16_block_sparse,156_b16_sentinel_search_loop__c16_block_sparse.c,sentinel_search_loop,block_sparse,large_L3,value-dependent,mixed spatial (traversal-order dependent),qemu_user_mode,15.2.0,riscv64,1048576,5000000,2654435769,200000,4948602,51398,11035791196809053,PASS,1,0.020156888,0.020156888,0.0,0,,,,,,,,,,,,,,,,,,,0,qemu_guest_none
157_b16_sentinel_search_loop__c17_zipf_like_hot_buckets,157_b16_sentinel_search_loop__c17_zipf_like_hot_buckets.c,sentinel_search_loop,zipf_like_hot_buckets,xlarge_DRAM,value-dependent,temporal reuse (skewed/hot-set),qemu_user_mode,15.2.0,riscv64,8388608,8000000,2654435769,200000,7917733,82267,16315320118539001,PASS,1,0.148195297,0.148195297,0.0,0,,,,,,,,,,,,,,,,,,,0,qemu_guest_none
158_b16_sentinel_search_loop__c18_producer_consumer_two_pointer,158_b16_sentinel_search_loop__c18_producer_consumer_two_pointer.c,sentinel_search_loop,producer_consumer_two_pointer,small_L1,value-dependent,mixed/unclassified,qemu_user_mode,15.2.0,riscv64,4096,1000000,2654435769,100000,989640,10360,2103193637467743,PASS,1,0.004512397,0.004512397,0.0,0,,,,,,,,,,,,,,,,,,,0,qemu_guest_none
159_b16_sentinel_search_loop__c19_matrix_diagonal_wavefront,159_b16_sentinel_search_loop__c19_matrix_diagonal_wavefront.c,sentinel_search_loop,matrix_diagonal_wavefront,medium_L2,value-dependent,mixed spatial (traversal-order dependent),qemu_user_mode,15.2.0,riscv64,65536,3000000,2654435769,200000,2969107,30893,6329246221772859,PASS,1,0.041309163,0.041309163,0.0,0,,,,,,,,,,,,,,,,,,,0,qemu_guest_none
160_b16_sentinel_search_loop__c20_hot_cold_phase_alternation,160_b16_sentinel_search_loop__c20_hot_cold_phase_alternation.c,sentinel_search_loop,hot_cold_phase_alternation,large_L3,value-dependent,temporal reuse (skewed/hot-set),qemu_user_mode,15.2.0,riscv64,1048576,5000000,2654435769,200000,4948472,51528,10525855949812880,PASS,1,0.033776788,0.033776788,0.0,0,,,,,,,,,,,,,,,,,,,0,qemu_guest_none
161_b17_correlated_two_branch_xor__c11_sliding_window,161_b17_correlated_two_branch_xor__c11_sliding_window.c,correlated_two_branch_xor,sliding_window,large_L3,history-correlated,mixed/unclassified,qemu_user_mode,15.2.0,riscv64,1048576,5000000,2654435769,200000,2500000,2500000,2680128415844813,PASS,1,0.027179245,0.027179245,0.0,0,,,,,,,,,,,,,,,,,,,0,qemu_guest_none
162_b17_correlated_two_branch_xor__c12_prime_stride_anti_alias,162_b17_correlated_two_branch_xor__c12_prime_stride_anti_alias.c,correlated_two_branch_xor,prime_stride_anti_alias,xlarge_DRAM,history-correlated,compulsory+streaming (prefetch-friendly),qemu_user_mode,15.2.0,riscv64,8388608,8000000,2654435769,200000,4000000,4000000,4291781799992768,PASS,1,0.062604789,0.062604789,0.0,0,,,,,,,,,,,,,,,,,,,0,qemu_guest_none
163_b17_correlated_two_branch_xor__c13_two_stream_interleaved,163_b17_correlated_two_branch_xor__c13_two_stream_interleaved.c,correlated_two_branch_xor,two_stream_interleaved,small_L1,history-correlated,mixed/unclassified,qemu_user_mode,15.2.0,riscv64,4096,1000000,2654435769,100000,500000,500000,539769537491974,PASS,1,0.003646438,0.003646438,0.0,0,,,,,,,,,,,,,,,,,,,0,qemu_guest_none
164_b17_correlated_two_branch_xor__c14_temporal_burst_reuse,164_b17_correlated_two_branch_xor__c14_temporal_burst_reuse.c,correlated_two_branch_xor,temporal_burst_reuse,medium_L2,history-correlated,mixed/unclassified,qemu_user_mode,15.2.0,riscv64,65536,3000000,2654435769,200000,1500000,1500000,1604540457864616,PASS,1,0.010077598,0.010077598,0.0,0,,,,,,,,,,,,,,,,,,,0,qemu_guest_none
165_b17_correlated_two_branch_xor__c15_reverse_sequential,165_b17_correlated_two_branch_xor__c15_reverse_sequential.c,correlated_two_branch_xor,reverse_sequential,large_L3,history-correlated,compulsory+streaming (prefetch-friendly),qemu_user_mode,15.2.0,riscv64,1048576,5000000,2654435769,200000,2500000,2500000,2682740127045416,PASS,1,0.016775279,0.016775279,0.0,0,,,,,,,,,,,,,,,,,,,0,qemu_guest_none
166_b17_correlated_two_branch_xor__c16_block_sparse,166_b17_correlated_two_branch_xor__c16_block_sparse.c,correlated_two_branch_xor,block_sparse,xlarge_DRAM,history-correlated,mixed spatial (traversal-order dependent),qemu_user_mode,15.2.0,riscv64,8388608,8000000,2654435769,200000,4000000,4000000,4477795677718336,PASS,1,0.033493483,0.033493483,0.0,0,,,,,,,,,,,,,,,,,,,0,qemu_guest_none
167_b17_correlated_two_branch_xor__c17_zipf_like_hot_buckets,167_b17_correlated_two_branch_xor__c17_zipf_like_hot_buckets.c,correlated_two_branch_xor,zipf_like_hot_buckets,small_L1,history-correlated,temporal reuse (skewed/hot-set),qemu_user_mode,15.2.0,riscv64,4096,1000000,2654435769,100000,500000,500000,535575322912232,PASS,1,0.008303678,0.008303678,0.0,0,,,,,,,,,,,,,,,,,,,0,qemu_guest_none
168_b17_correlated_two_branch_xor__c18_producer_consumer_two_pointer,168_b17_correlated_two_branch_xor__c18_producer_consumer_two_pointer.c,correlated_two_branch_xor,producer_consumer_two_pointer,medium_L2,history-correlated,mixed/unclassified,qemu_user_mode,15.2.0,riscv64,65536,3000000,2654435769,200000,1500000,1500000,1603973652815152,PASS,1,0.012983822,0.012983822,0.0,0,,,,,,,,,,,,,,,,,,,0,qemu_guest_none
169_b17_correlated_two_branch_xor__c19_matrix_diagonal_wavefront,169_b17_correlated_two_branch_xor__c19_matrix_diagonal_wavefront.c,correlated_two_branch_xor,matrix_diagonal_wavefront,large_L3,history-correlated,mixed spatial (traversal-order dependent),qemu_user_mode,15.2.0,riscv64,1048576,5000000,2654435769,200000,2500000,2500000,2682215015382072,PASS,1,0.069712259,0.069712259,0.0,0,,,,,,,,,,,,,,,,,,,0,qemu_guest_none
170_b17_correlated_two_branch_xor__c20_hot_cold_phase_alternation,170_b17_correlated_two_branch_xor__c20_hot_cold_phase_alternation.c,correlated_two_branch_xor,hot_cold_phase_alternation,xlarge_DRAM,history-correlated,temporal reuse (skewed/hot-set),qemu_user_mode,15.2.0,riscv64,8388608,8000000,2654435769,200000,4000000,4000000,4272364694430935,PASS,1,0.140626647,0.140626647,0.0,0,,,,,,,,,,,,,,,,,,,0,qemu_guest_none
171_b18_indirect_fn_dispatch__c11_sliding_window,171_b18_indirect_fn_dispatch__c11_sliding_window.c,indirect_fn_dispatch,sliding_window,xlarge_DRAM,control-flow/call-return,mixed/unclassified,qemu_user_mode,15.2.0,riscv64,8388608,8000000,2654435769,200000,4000115,3999885,4290962819765064,PASS,1,0.205871456,0.205871456,0.0,0,,,,,,,,,,,,,,,,,,,0,qemu_guest_none
172_b18_indirect_fn_dispatch__c12_prime_stride_anti_alias,172_b18_indirect_fn_dispatch__c12_prime_stride_anti_alias.c,indirect_fn_dispatch,prime_stride_anti_alias,small_L1,control-flow/call-return,compulsory+streaming (prefetch-friendly),qemu_user_mode,15.2.0,riscv64,4096,1000000,2654435769,100000,491015,508985,508035853492141,PASS,1,0.02528325,0.02528325,0.0,0,,,,,,,,,,,,,,,,,,,0,qemu_guest_none
173_b18_indirect_fn_dispatch__c13_two_stream_interleaved,173_b18_indirect_fn_dispatch__c13_two_stream_interleaved.c,indirect_fn_dispatch,two_stream_interleaved,medium_L2,control-flow/call-return,mixed/unclassified,qemu_user_mode,15.2.0,riscv64,65536,3000000,2654435769,200000,1505300,1494700,1623713619027916,PASS,1,0.076103811,0.076103811,0.0,0,,,,,,,,,,,,,,,,,,,0,qemu_guest_none
174_b18_indirect_fn_dispatch__c14_temporal_burst_reuse,174_b18_indirect_fn_dispatch__c14_temporal_burst_reuse.c,indirect_fn_dispatch,temporal_burst_reuse,large_L3,control-flow/call-return,mixed/unclassified,qemu_user_mode,15.2.0,riscv64,1048576,5000000,2654435769,200000,2501536,2498464,2687044707206079,PASS,1,0.128435913,0.128435913,0.0,0,,,,,,,,,,,,,,,,,,,0,qemu_guest_none
175_b18_indirect_fn_dispatch__c15_reverse_sequential,175_b18_indirect_fn_dispatch__c15_reverse_sequential.c,indirect_fn_dispatch,reverse_sequential,xlarge_DRAM,control-flow/call-return,compulsory+streaming (prefetch-friendly),qemu_user_mode,15.2.0,riscv64,8388608,8000000,2654435769,200000,4950992,3049008,7358469088001297,PASS,1,0.203158978,0.203158978,0.0,0,,,,,,,,,,,,,,,,,,,0,qemu_guest_none
176_b18_indirect_fn_dispatch__c16_block_sparse,176_b18_indirect_fn_dispatch__c16_block_sparse.c,indirect_fn_dispatch,block_sparse,small_L1,control-flow/call-return,mixed spatial (traversal-order dependent),qemu_user_mode,15.2.0,riscv64,4096,1000000,2654435769,100000,490037,509963,462499956572700,PASS,1,0.025946963,0.025946963,0.0,0,,,,,,,,,,,,,,,,,,,0,qemu_guest_none
177_b18_indirect_fn_dispatch__c17_zipf_like_hot_buckets,177_b18_indirect_fn_dispatch__c17_zipf_like_hot_buckets.c,indirect_fn_dispatch,zipf_like_hot_buckets,medium_L2,control-flow/call-return,temporal reuse (skewed/hot-set),qemu_user_mode,15.2.0,riscv64,65536,3000000,2654435769,200000,738283,2261717,18446037030078138192,PASS,1,0.085163263,0.085163263,0.0,0,,,,,,,,,,,,,,,,,,,0,qemu_guest_none
178_b18_indirect_fn_dispatch__c18_producer_consumer_two_pointer,178_b18_indirect_fn_dispatch__c18_producer_consumer_two_pointer.c,indirect_fn_dispatch,producer_consumer_two_pointer,large_L3,control-flow/call-return,mixed/unclassified,qemu_user_mode,15.2.0,riscv64,1048576,5000000,2654435769,200000,2600995,2399005,3007400820210696,PASS,1,0.135763017,0.135763017,0.0,0,,,,,,,,,,,,,,,,,,,0,qemu_guest_none
179_b18_indirect_fn_dispatch__c19_matrix_diagonal_wavefront,179_b18_indirect_fn_dispatch__c19_matrix_diagonal_wavefront.c,indirect_fn_dispatch,matrix_diagonal_wavefront,xlarge_DRAM,control-flow/call-return,mixed spatial (traversal-order dependent),qemu_user_mode,15.2.0,riscv64,8388608,8000000,2654435769,200000,3681036,4318964,3262751363510287,PASS,1,0.273692489,0.273692489,0.0,0,,,,,,,,,,,,,,,,,,,0,qemu_guest_none
180_b18_indirect_fn_dispatch__c20_hot_cold_phase_alternation,180_b18_indirect_fn_dispatch__c20_hot_cold_phase_alternation.c,indirect_fn_dispatch,hot_cold_phase_alternation,small_L1,control-flow/call-return,temporal reuse (skewed/hot-set),qemu_user_mode,15.2.0,riscv64,4096,1000000,2654435769,100000,556866,443134,721890363103874,PASS,1,0.026097997,0.026097997,0.0,0,,,,,,,,,,,,,,,,,,,0,qemu_guest_none
181_b19_data_dependent_break_trip__c11_sliding_window,181_b19_data_dependent_break_trip__c11_sliding_window.c,data_dependent_break_trip,sliding_window,small_L1,mixed/other,mixed/unclassified,qemu_user_mode,15.2.0,riscv64,4096,1000000,2654435769,100000,593626,406374,834334171120124,PASS,1,0.010360552,0.010360552,0.0,0,,,,,,,,,,,,,,,,,,,0,qemu_guest_none
182_b19_data_dependent_break_trip__c12_prime_stride_anti_alias,182_b19_data_dependent_break_trip__c12_prime_stride_anti_alias.c,data_dependent_break_trip,prime_stride_anti_alias,medium_L2,mixed/other,compulsory+streaming (prefetch-friendly),qemu_user_mode,15.2.0,riscv64,65536,3000000,2654435769,200000,1781955,1218045,2506819393616414,PASS,1,0.02162583,0.02162583,0.0,0,,,,,,,,,,,,,,,,,,,0,qemu_guest_none
183_b19_data_dependent_break_trip__c13_two_stream_interleaved,183_b19_data_dependent_break_trip__c13_two_stream_interleaved.c,data_dependent_break_trip,two_stream_interleaved,large_L3,mixed/other,mixed/unclassified,qemu_user_mode,15.2.0,riscv64,1048576,5000000,2654435769,200000,2976653,2023347,4217371505809047,PASS,1,0.036456661,0.036456661,0.0,0,,,,,,,,,,,,,,,,,,,0,qemu_guest_none
184_b19_data_dependent_break_trip__c14_temporal_burst_reuse,184_b19_data_dependent_break_trip__c14_temporal_burst_reuse.c,data_dependent_break_trip,temporal_burst_reuse,xlarge_DRAM,mixed/other,mixed/unclassified,qemu_user_mode,15.2.0,riscv64,8388608,8000000,2654435769,200000,4833445,3166555,6977343243580850,PASS,1,0.044898635,0.044898635,0.0,0,,,,,,,,,,,,,,,,,,,0,qemu_guest_none
185_b19_data_dependent_break_trip__c15_reverse_sequential,185_b19_data_dependent_break_trip__c15_reverse_sequential.c,data_dependent_break_trip,reverse_sequential,small_L1,mixed/other,compulsory+streaming (prefetch-friendly),qemu_user_mode,15.2.0,riscv64,4096,1000000,2654435769,100000,593779,406221,836525838737256,PASS,1,0.007089212,0.007089212,0.0,0,,,,,,,,,,,,,,,,,,,0,qemu_guest_none
186_b19_data_dependent_break_trip__c16_block_sparse,186_b19_data_dependent_break_trip__c16_block_sparse.c,data_dependent_break_trip,block_sparse,medium_L2,mixed/other,mixed spatial (traversal-order dependent),qemu_user_mode,15.2.0,riscv64,65536,3000000,2654435769,200000,1781373,1218627,2665913759102392,PASS,1,0.016398659,0.016398659,0.0,0,,,,,,,,,,,,,,,,,,,0,qemu_guest_none
187_b19_data_dependent_break_trip__c17_zipf_like_hot_buckets,187_b19_data_dependent_break_trip__c17_zipf_like_hot_buckets.c,data_dependent_break_trip,zipf_like_hot_buckets,large_L3,mixed/other,temporal reuse (skewed/hot-set),qemu_user_mode,15.2.0,riscv64,1048576,5000000,2654435769,200000,2964150,2035850,4009059505080859,PASS,1,0.072986238,0.072986238,0.0,0,,,,,,,,,,,,,,,,,,,0,qemu_guest_none
188_b19_data_dependent_break_trip__c18_producer_consumer_two_pointer,188_b19_data_dependent_break_trip__c18_producer_consumer_two_pointer.c,data_dependent_break_trip,producer_consumer_two_pointer,xlarge_DRAM,mixed/other,mixed/unclassified,qemu_user_mode,15.2.0,riscv64,8388608,8000000,2654435769,200000,5500372,2499628,9125154407041559,PASS,1,0.057659087,0.057659087,0.0,0,,,,,,,,,,,,,,,,,,,0,qemu_guest_none
189_b19_data_dependent_break_trip__c19_matrix_diagonal_wavefront,189_b19_data_dependent_break_trip__c19_matrix_diagonal_wavefront.c,data_dependent_break_trip,matrix_diagonal_wavefront,small_L1,mixed/other,mixed spatial (traversal-order dependent),qemu_user_mode,15.2.0,riscv64,4096,1000000,2654435769,100000,592892,407108,832296620825882,PASS,1,0.019741625,0.019741625,0.0,0,,,,,,,,,,,,,,,,,,,0,qemu_guest_none
190_b19_data_dependent_break_trip__c20_hot_cold_phase_alternation,190_b19_data_dependent_break_trip__c20_hot_cold_phase_alternation.c,data_dependent_break_trip,hot_cold_phase_alternation,medium_L2,mixed/other,temporal reuse (skewed/hot-set),qemu_user_mode,15.2.0,riscv64,65536,3000000,2654435769,200000,1775658,1224342,2482864592172027,PASS,1,0.025244899,0.025244899,0.0,0,,,,,,,,,,,,,,,,,,,0,qemu_guest_none
191_b20_random_threshold_walk__c11_sliding_window,191_b20_random_threshold_walk__c11_sliding_window.c,random_threshold_walk,sliding_window,medium_L2,stochastic,mixed/unclassified,qemu_user_mode,15.2.0,riscv64,65536,3000000,2654435769,200000,1687506,1312494,2210735163264548,PASS,1,0.020036947,0.020036947,0.0,0,,,,,,,,,,,,,,,,,,,0,qemu_guest_none
192_b20_random_threshold_walk__c12_prime_stride_anti_alias,192_b20_random_threshold_walk__c12_prime_stride_anti_alias.c,random_threshold_walk,prime_stride_anti_alias,large_L3,stochastic,compulsory+streaming (prefetch-friendly),qemu_user_mode,15.2.0,riscv64,1048576,5000000,2654435769,200000,2812496,2187504,3694988368424299,PASS,1,0.030416226,0.030416226,0.0,0,,,,,,,,,,,,,,,,,,,0,qemu_guest_none
193_b20_random_threshold_walk__c13_two_stream_interleaved,193_b20_random_threshold_walk__c13_two_stream_interleaved.c,random_threshold_walk,two_stream_interleaved,xlarge_DRAM,stochastic,mixed/unclassified,qemu_user_mode,15.2.0,riscv64,8388608,8000000,2654435769,200000,4500002,3499998,5901415862156495,PASS,1,0.049668982,0.049668982,0.0,0,,,,,,,,,,,,,,,,,,,0,qemu_guest_none
194_b20_random_threshold_walk__c14_temporal_burst_reuse,194_b20_random_threshold_walk__c14_temporal_burst_reuse.c,random_threshold_walk,temporal_burst_reuse,small_L1,stochastic,mixed/unclassified,qemu_user_mode,15.2.0,riscv64,4096,1000000,2654435769,100000,562493,437507,729667355275885,PASS,1,0.006140231,0.006140231,0.0,0,,,,,,,,,,,,,,,,,,,0,qemu_guest_none
195_b20_random_threshold_walk__c15_reverse_sequential,195_b20_random_threshold_walk__c15_reverse_sequential.c,random_threshold_walk,reverse_sequential,medium_L2,stochastic,compulsory+streaming (prefetch-friendly),qemu_user_mode,15.2.0,riscv64,65536,3000000,2654435769,200000,1687506,1312494,2196496846048100,PASS,1,0.01781984,0.01781984,0.0,0,,,,,,,,,,,,,,,,,,,0,qemu_guest_none
196_b20_random_threshold_walk__c16_block_sparse,196_b20_random_threshold_walk__c16_block_sparse.c,random_threshold_walk,block_sparse,large_L3,stochastic,mixed spatial (traversal-order dependent),qemu_user_mode,15.2.0,riscv64,1048576,5000000,2654435769,200000,2812496,2187504,3544201037203432,PASS,1,0.030399336,0.030399336,0.0,0,,,,,,,,,,,,,,,,,,,0,qemu_guest_none
197_b20_random_threshold_walk__c17_zipf_like_hot_buckets,197_b20_random_threshold_walk__c17_zipf_like_hot_buckets.c,random_threshold_walk,zipf_like_hot_buckets,xlarge_DRAM,stochastic,temporal reuse (skewed/hot-set),qemu_user_mode,15.2.0,riscv64,8388608,8000000,2654435769,200000,4500002,3499998,5325158974012872,PASS,1,0.16562306,0.16562306,0.0,0,,,,,,,,,,,,,,,,,,,0,qemu_guest_none
198_b20_random_threshold_walk__c18_producer_consumer_two_pointer,198_b20_random_threshold_walk__c18_producer_consumer_two_pointer.c,random_threshold_walk,producer_consumer_two_pointer,small_L1,stochastic,mixed/unclassified,qemu_user_mode,15.2.0,riscv64,4096,1000000,2654435769,100000,562493,437507,723794661520613,PASS,1,0.006384341,0.006384341,0.0,0,,,,,,,,,,,,,,,,,,,0,qemu_guest_none
199_b20_random_threshold_walk__c19_matrix_diagonal_wavefront,199_b20_random_threshold_walk__c19_matrix_diagonal_wavefront.c,random_threshold_walk,matrix_diagonal_wavefront,medium_L2,stochastic,mixed spatial (traversal-order dependent),qemu_user_mode,15.2.0,riscv64,65536,3000000,2654435769,200000,1687506,1312494,2207207364872461,PASS,1,0.040706728,0.040706728,0.0,0,,,,,,,,,,,,,,,,,,,0,qemu_guest_none
200_b20_random_threshold_walk__c20_hot_cold_phase_alternation,200_b20_random_threshold_walk__c20_hot_cold_phase_alternation.c,random_threshold_walk,hot_cold_phase_alternation,large_L3,stochastic,temporal reuse (skewed/hot-set),qemu_user_mode,15.2.0,riscv64,1048576,5000000,2654435769,200000,2812496,2187504,3591044963913647,PASS,1,0.038260818,0.038260818,0.0,0,,,,,,,,,,,,,,,,,,,0,qemu_guest_none
201_b21_loop_carried_running_state__c21_pyramid_multiresolution_stride,201_b21_loop_carried_running_state__c21_pyramid_multiresolution_stride.c,loop_carried_running_state,pyramid_multiresolution_stride,small_L1,value-dependent,compulsory+streaming (prefetch-friendly),qemu_user_mode,15.2.0,riscv64,4096,1000000,2654435769,100000,648352,351648,1005713532990928,PASS,1,0.002943143,0.002943143,0.0,0,,,,,,,,,,,,,,,,,,,0,qemu_guest_none
202_b21_loop_carried_running_state__c22_tensor_3d_slice_poor_locality,202_b21_loop_carried_running_state__c22_tensor_3d_slice_poor_locality.c,loop_carried_running_state,tensor_3d_slice_poor_locality,medium_L2,value-dependent,mixed/unclassified,qemu_user_mode,15.2.0,riscv64,65536,3000000,2654435769,200000,2250432,749568,4009469751848544,PASS,1,0.009616965,0.009616965,0.0,0,,,,,,,,,,,,,,,,,,,0,qemu_guest_none
203_b21_loop_carried_running_state__c23_struct_of_array_field_burst,203_b21_loop_carried_running_state__c23_struct_of_array_field_burst.c,loop_carried_running_state,struct_of_array_field_burst,large_L3,value-dependent,compulsory+streaming (prefetch-friendly),qemu_user_mode,15.2.0,riscv64,1048576,5000000,2654435769,200000,2073450,2926550,1313021047921004,PASS,1,0.027149148,0.027149148,0.0,0,,,,,,,,,,,,,,,,,,,0,qemu_guest_none
204_b21_loop_carried_running_state__c24_banked_interleaved_access,204_b21_loop_carried_running_state__c24_banked_interleaved_access.c,loop_carried_running_state,banked_interleaved_access,xlarge_DRAM,value-dependent,compulsory+streaming (prefetch-friendly),qemu_user_mode,15.2.0,riscv64,8388608,8000000,2654435769,200000,6000000,2000000,10734470688510320,PASS,1,0.02454341,0.02454341,0.0,0,,,,,,,,,,,,,,,,,,,0,qemu_guest_none
205_b21_loop_carried_running_state__c25_lru_recency_weighted_reuse,205_b21_loop_carried_running_state__c25_lru_recency_weighted_reuse.c,loop_carried_running_state,lru_recency_weighted_reuse,small_L1,value-dependent,temporal reuse (capacity-sensitive),qemu_user_mode,15.2.0,riscv64,4096,1000000,2654435769,100000,499774,500226,521002775594254,PASS,1,0.015754301,0.015754301,0.0,0,,,,,,,,,,,,,,,,,,,0,qemu_guest_none
206_b21_loop_carried_running_state__c26_geometric_stride_growth,206_b21_loop_carried_running_state__c26_geometric_stride_growth.c,loop_carried_running_state,geometric_stride_growth,medium_L2,value-dependent,compulsory+streaming (prefetch-friendly),qemu_user_mode,15.2.0,riscv64,65536,3000000,2654435769,200000,1499997,1500003,1604188705152266,PASS,1,0.021299748,0.021299748,0.0,0,,,,,,,,,,,,,,,,,,,0,qemu_guest_none
207_b21_loop_carried_running_state__c27_reduction_broadcast_pattern,207_b21_loop_carried_running_state__c27_reduction_broadcast_pattern.c,loop_carried_running_state,reduction_broadcast_pattern,large_L3,value-dependent,compulsory+streaming (prefetch-friendly),qemu_user_mode,15.2.0,riscv64,1048576,5000000,2654435769,200000,2500000,2500000,2801069373984070,PASS,1,0.019080789,0.019080789,0.0,0,,,,,,,,,,,,,,,,,,,0,qemu_guest_none
208_b21_loop_carried_running_state__c28_morton_zorder_traversal,208_b21_loop_carried_running_state__c28_morton_zorder_traversal.c,loop_carried_running_state,morton_zorder_traversal,xlarge_DRAM,value-dependent,mixed spatial (traversal-order dependent),qemu_user_mode,15.2.0,riscv64,8388608,8000000,2654435769,200000,5048576,2951424,7668910313868848,PASS,1,0.052871981,0.052871981,0.0,0,,,,,,,,,,,,,,,,,,,0,qemu_guest_none
209_b21_loop_carried_running_state__c29_ping_pong_cache_thrash,209_b21_loop_carried_running_state__c29_ping_pong_cache_thrash.c,loop_carried_running_state,ping_pong_cache_thrash,small_L1,value-dependent,conflict/associativity,qemu_user_mode,15.2.0,riscv64,4096,1000000,2654435769,100000,500000,500000,520053115017680,PASS,1,0.003670623,0.003670623,0.0,0,,,,,,,,,,,,,,,,,,,0,qemu_guest_none
210_b21_loop_carried_running_state__c30_gather_scatter_indirect_table,210_b21_loop_carried_running_state__c30_gather_scatter_indirect_table.c,loop_carried_running_state,gather_scatter_indirect_table,medium_L2,value-dependent,capacity (uniform random),qemu_user_mode,15.2.0,riscv64,65536,3000000,2654435769,200000,1500000,1500000,1612035384021280,PASS,1,0.010021526,0.010021526,0.0,0,,,,,,,,,,,,,,,,,,,0,qemu_guest_none
211_b22_drifting_threshold_periodic_reset__c21_pyramid_multiresolution_stride,211_b22_drifting_threshold_periodic_reset__c21_pyramid_multiresolution_stride.c,drifting_threshold_periodic_reset,pyramid_multiresolution_stride,medium_L2,stochastic,compulsory+streaming (prefetch-friendly),qemu_user_mode,15.2.0,riscv64,65536,3000000,2654435769,200000,2240646,759354,3991161625047691,PASS,1,0.024296527,0.024296527,0.0,0,,,,,,,,,,,,,,,,,,,0,qemu_guest_none
212_b22_drifting_threshold_periodic_reset__c22_tensor_3d_slice_poor_locality,212_b22_drifting_threshold_periodic_reset__c22_tensor_3d_slice_poor_locality.c,drifting_threshold_periodic_reset,tensor_3d_slice_poor_locality,large_L3,stochastic,mixed/unclassified,qemu_user_mode,15.2.0,riscv64,1048576,5000000,2654435769,200000,3730937,1269063,6651663281743168,PASS,1,0.0435728,0.0435728,0.0,0,,,,,,,,,,,,,,,,,,,0,qemu_guest_none
213_b22_drifting_threshold_periodic_reset__c23_struct_of_array_field_burst,213_b22_drifting_threshold_periodic_reset__c23_struct_of_array_field_burst.c,drifting_threshold_periodic_reset,struct_of_array_field_burst,xlarge_DRAM,stochastic,compulsory+streaming (prefetch-friendly),qemu_user_mode,15.2.0,riscv64,8388608,8000000,2654435769,200000,5972543,2027457,10651207042823528,PASS,1,0.102918886,0.102918886,0.0,0,,,,,,,,,,,,,,,,,,,0,qemu_guest_none
214_b22_drifting_threshold_periodic_reset__c24_banked_interleaved_access,214_b22_drifting_threshold_periodic_reset__c24_banked_interleaved_access.c,drifting_threshold_periodic_reset,banked_interleaved_access,small_L1,stochastic,compulsory+streaming (prefetch-friendly),qemu_user_mode,15.2.0,riscv64,4096,1000000,2654435769,100000,741042,258958,1307550639199527,PASS,1,0.007944808,0.007944808,0.0,0,,,,,,,,,,,,,,,,,,,0,qemu_guest_none
215_b22_drifting_threshold_periodic_reset__c25_lru_recency_weighted_reuse,215_b22_drifting_threshold_periodic_reset__c25_lru_recency_weighted_reuse.c,drifting_threshold_periodic_reset,lru_recency_weighted_reuse,medium_L2,stochastic,temporal reuse (capacity-sensitive),qemu_user_mode,15.2.0,riscv64,65536,3000000,2654435769,200000,2238263,761737,3961306979652463,PASS,1,0.048711126,0.048711126,0.0,0,,,,,,,,,,,,,,,,,,,0,qemu_guest_none
216_b22_drifting_threshold_periodic_reset__c26_geometric_stride_growth,216_b22_drifting_threshold_periodic_reset__c26_geometric_stride_growth.c,drifting_threshold_periodic_reset,geometric_stride_growth,large_L3,stochastic,compulsory+streaming (prefetch-friendly),qemu_user_mode,15.2.0,riscv64,1048576,5000000,2654435769,200000,3732223,1267777,6656143965891960,PASS,1,0.052031564,0.052031564,0.0,0,,,,,,,,,,,,,,,,,,,0,qemu_guest_none
217_b22_drifting_threshold_periodic_reset__c27_reduction_broadcast_pattern,217_b22_drifting_threshold_periodic_reset__c27_reduction_broadcast_pattern.c,drifting_threshold_periodic_reset,reduction_broadcast_pattern,xlarge_DRAM,stochastic,compulsory+streaming (prefetch-friendly),qemu_user_mode,15.2.0,riscv64,8388608,8000000,2654435769,200000,5968120,2031880,10881989823345852,PASS,1,0.061429514,0.061429514,0.0,0,,,,,,,,,,,,,,,,,,,0,qemu_guest_none
218_b22_drifting_threshold_periodic_reset__c28_morton_zorder_traversal,218_b22_drifting_threshold_periodic_reset__c28_morton_zorder_traversal.c,drifting_threshold_periodic_reset,morton_zorder_traversal,small_L1,stochastic,mixed spatial (traversal-order dependent),qemu_user_mode,15.2.0,riscv64,4096,1000000,2654435769,100000,740937,259063,1308064000374252,PASS,1,0.013653626,0.013653626,0.0,0,,,,,,,,,,,,,,,,,,,0,qemu_guest_none
219_b22_drifting_threshold_periodic_reset__c29_ping_pong_cache_thrash,219_b22_drifting_threshold_periodic_reset__c29_ping_pong_cache_thrash.c,drifting_threshold_periodic_reset,ping_pong_cache_thrash,medium_L2,stochastic,conflict/associativity,qemu_user_mode,15.2.0,riscv64,65536,3000000,2654435769,200000,2233018,766982,3966806151097172,PASS,1,0.031551066,0.031551066,0.0,0,,,,,,,,,,,,,,,,,,,0,qemu_guest_none
220_b22_drifting_threshold_periodic_reset__c30_gather_scatter_indirect_table,220_b22_drifting_threshold_periodic_reset__c30_gather_scatter_indirect_table.c,drifting_threshold_periodic_reset,gather_scatter_indirect_table,large_L3,stochastic,capacity (uniform random),qemu_user_mode,15.2.0,riscv64,1048576,5000000,2654435769,200000,3735623,1264377,6727101838298013,PASS,1,0.039759934,0.039759934,0.0,0,,,,,,,,,,,,,,,,,,,0,qemu_guest_none
221_b23_popcount_parity__c21_pyramid_multiresolution_stride,221_b23_popcount_parity__c21_pyramid_multiresolution_stride.c,popcount_parity,pyramid_multiresolution_stride,large_L3,value-dependent,compulsory+streaming (prefetch-friendly),qemu_user_mode,15.2.0,riscv64,1048576,5000000,2654435769,200000,2499965,2500035,2684780175183269,PASS,1,0.043112631,0.043112631,0.0,0,,,,,,,,,,,,,,,,,,,0,qemu_guest_none
222_b23_popcount_parity__c22_tensor_3d_slice_poor_locality,222_b23_popcount_parity__c22_tensor_3d_slice_poor_locality.c,popcount_parity,tensor_3d_slice_poor_locality,xlarge_DRAM,value-dependent,mixed/unclassified,qemu_user_mode,15.2.0,riscv64,8388608,8000000,2654435769,200000,4002202,3997798,4298802590563737,PASS,1,0.08227404,0.08227404,0.0,0,,,,,,,,,,,,,,,,,,,0,qemu_guest_none
223_b23_popcount_parity__c23_struct_of_array_field_burst,223_b23_popcount_parity__c23_struct_of_array_field_burst.c,popcount_parity,struct_of_array_field_burst,small_L1,value-dependent,compulsory+streaming (prefetch-friendly),qemu_user_mode,15.2.0,riscv64,4096,1000000,2654435769,100000,500020,499980,536350779125183,PASS,1,0.013397592,0.013397592,0.0,0,,,,,,,,,,,,,,,,,,,0,qemu_guest_none
224_b23_popcount_parity__c24_banked_interleaved_access,224_b23_popcount_parity__c24_banked_interleaved_access.c,popcount_parity,banked_interleaved_access,medium_L2,value-dependent,compulsory+streaming (prefetch-friendly),qemu_user_mode,15.2.0,riscv64,65536,3000000,2654435769,200000,1500178,1499822,1605390577694963,PASS,1,0.025060979,0.025060979,0.0,0,,,,,,,,,,,,,,,,,,,0,qemu_guest_none
225_b23_popcount_parity__c25_lru_recency_weighted_reuse,225_b23_popcount_parity__c25_lru_recency_weighted_reuse.c,popcount_parity,lru_recency_weighted_reuse,large_L3,value-dependent,temporal reuse (capacity-sensitive),qemu_user_mode,15.2.0,riscv64,1048576,5000000,2654435769,200000,2499735,2500265,2683284827988627,PASS,1,0.096418272,0.096418272,0.0,0,,,,,,,,,,,,,,,,,,,0,qemu_guest_none
226_b23_popcount_parity__c26_geometric_stride_growth,226_b23_popcount_parity__c26_geometric_stride_growth.c,popcount_parity,geometric_stride_growth,xlarge_DRAM,value-dependent,compulsory+streaming (prefetch-friendly),qemu_user_mode,15.2.0,riscv64,8388608,8000000,2654435769,200000,3999958,4000042,4290676312573320,PASS,1,0.097562464,0.097562464,0.0,0,,,,,,,,,,,,,,,,,,,0,qemu_guest_none
227_b23_popcount_parity__c27_reduction_broadcast_pattern,227_b23_popcount_parity__c27_reduction_broadcast_pattern.c,popcount_parity,reduction_broadcast_pattern,small_L1,value-dependent,compulsory+streaming (prefetch-friendly),qemu_user_mode,15.2.0,riscv64,4096,1000000,2654435769,100000,500034,499966,549254798865546,PASS,1,0.008633803,0.008633803,0.0,0,,,,,,,,,,,,,,,,,,,0,qemu_guest_none
228_b23_popcount_parity__c28_morton_zorder_traversal,228_b23_popcount_parity__c28_morton_zorder_traversal.c,popcount_parity,morton_zorder_traversal,medium_L2,value-dependent,mixed spatial (traversal-order dependent),qemu_user_mode,15.2.0,riscv64,65536,3000000,2654435769,200000,1500147,1499853,1605304548961371,PASS,1,0.047535806,0.047535806,0.0,0,,,,,,,,,,,,,,,,,,,0,qemu_guest_none
229_b23_popcount_parity__c29_ping_pong_cache_thrash,229_b23_popcount_parity__c29_ping_pong_cache_thrash.c,popcount_parity,ping_pong_cache_thrash,large_L3,value-dependent,conflict/associativity,qemu_user_mode,15.2.0,riscv64,1048576,5000000,2654435769,200000,2501200,2498800,2688755986269183,PASS,1,0.056834482,0.056834482,0.0,0,,,,,,,,,,,,,,,,,,,0,qemu_guest_none
230_b23_popcount_parity__c30_gather_scatter_indirect_table,230_b23_popcount_parity__c30_gather_scatter_indirect_table.c,popcount_parity,gather_scatter_indirect_table,xlarge_DRAM,value-dependent,capacity (uniform random),qemu_user_mode,15.2.0,riscv64,8388608,8000000,2654435769,200000,3999981,4000019,4269405519814004,PASS,1,0.089450105,0.089450105,0.0,0,,,,,,,,,,,,,,,,,,,0,qemu_guest_none
231_b24_monotonic_drift_saturating__c21_pyramid_multiresolution_stride,231_b24_monotonic_drift_saturating__c21_pyramid_multiresolution_stride.c,monotonic_drift_saturating,pyramid_multiresolution_stride,xlarge_DRAM,static/trivial,compulsory+streaming (prefetch-friendly),qemu_user_mode,15.2.0,riscv64,8388608,8000000,2654435769,200000,7918349,81651,16911120764269407,PASS,1,0.043734848,0.043734848,0.0,0,,,,,,,,,,,,,,,,,,,0,qemu_guest_none
232_b24_monotonic_drift_saturating__c22_tensor_3d_slice_poor_locality,232_b24_monotonic_drift_saturating__c22_tensor_3d_slice_poor_locality.c,monotonic_drift_saturating,tensor_3d_slice_poor_locality,small_L1,static/trivial,mixed/unclassified,qemu_user_mode,15.2.0,riscv64,4096,1000000,2654435769,100000,988349,11651,2099555060374868,PASS,1,0.005477643,0.005477643,0.0,0,,,,,,,,,,,,,,,,,,,0,qemu_guest_none
233_b24_monotonic_drift_saturating__c23_struct_of_array_field_burst,233_b24_monotonic_drift_saturating__c23_struct_of_array_field_burst.c,monotonic_drift_saturating,struct_of_array_field_burst,medium_L2,static/trivial,compulsory+streaming (prefetch-friendly),qemu_user_mode,15.2.0,riscv64,65536,3000000,2654435769,200000,2968349,31651,6306576076766702,PASS,1,0.03277594,0.03277594,0.0,0,,,,,,,,,,,,,,,,,,,0,qemu_guest_none
234_b24_monotonic_drift_saturating__c24_banked_interleaved_access,234_b24_monotonic_drift_saturating__c24_banked_interleaved_access.c,monotonic_drift_saturating,banked_interleaved_access,large_L3,static/trivial,compulsory+streaming (prefetch-friendly),qemu_user_mode,15.2.0,riscv64,1048576,5000000,2654435769,200000,4948349,51651,10567401443862749,PASS,1,0.027279787,0.027279787,0.0,0,,,,,,,,,,,,,,,,,,,0,qemu_guest_none
235_b24_monotonic_drift_saturating__c25_lru_recency_weighted_reuse,235_b24_monotonic_drift_saturating__c25_lru_recency_weighted_reuse.c,monotonic_drift_saturating,lru_recency_weighted_reuse,xlarge_DRAM,static/trivial,temporal reuse (capacity-sensitive),qemu_user_mode,15.2.0,riscv64,8388608,8000000,2654435769,200000,7918349,81651,16917831438124164,PASS,1,0.215607921,0.215607921,0.0,0,,,,,,,,,,,,,,,,,,,0,qemu_guest_none
236_b24_monotonic_drift_saturating__c26_geometric_stride_growth,236_b24_monotonic_drift_saturating__c26_geometric_stride_growth.c,monotonic_drift_saturating,geometric_stride_growth,small_L1,static/trivial,compulsory+streaming (prefetch-friendly),qemu_user_mode,15.2.0,riscv64,4096,1000000,2654435769,100000,988349,11651,2098569468257424,PASS,1,0.005635237,0.005635237,0.0,0,,,,,,,,,,,,,,,,,,,0,qemu_guest_none
237_b24_monotonic_drift_saturating__c27_reduction_broadcast_pattern,237_b24_monotonic_drift_saturating__c27_reduction_broadcast_pattern.c,monotonic_drift_saturating,reduction_broadcast_pattern,medium_L2,static/trivial,compulsory+streaming (prefetch-friendly),qemu_user_mode,15.2.0,riscv64,65536,3000000,2654435769,200000,2968349,31651,6473520171938418,PASS,1,0.017245318,0.017245318,0.0,0,,,,,,,,,,,,,,,,,,,0,qemu_guest_none
238_b24_monotonic_drift_saturating__c28_morton_zorder_traversal,238_b24_monotonic_drift_saturating__c28_morton_zorder_traversal.c,monotonic_drift_saturating,morton_zorder_traversal,large_L3,static/trivial,mixed spatial (traversal-order dependent),qemu_user_mode,15.2.0,riscv64,1048576,5000000,2654435769,200000,4948349,51651,10567789070384457,PASS,1,0.04500681,0.04500681,0.0,0,,,,,,,,,,,,,,,,,,,0,qemu_guest_none
239_b24_monotonic_drift_saturating__c29_ping_pong_cache_thrash,239_b24_monotonic_drift_saturating__c29_ping_pong_cache_thrash.c,monotonic_drift_saturating,ping_pong_cache_thrash,xlarge_DRAM,static/trivial,conflict/associativity,qemu_user_mode,15.2.0,riscv64,8388608,8000000,2654435769,200000,7918349,81651,16912056008409887,PASS,1,0.065792408,0.065792408,0.0,0,,,,,,,,,,,,,,,,,,,0,qemu_guest_none
240_b24_monotonic_drift_saturating__c30_gather_scatter_indirect_table,240_b24_monotonic_drift_saturating__c30_gather_scatter_indirect_table.c,monotonic_drift_saturating,gather_scatter_indirect_table,small_L1,static/trivial,capacity (uniform random),qemu_user_mode,15.2.0,riscv64,4096,1000000,2654435769,100000,988349,11651,2098420991487264,PASS,1,0.004164035,0.004164035,0.0,0,,,,,,,,,,,,,,,,,,,0,qemu_guest_none
241_b25_rare_exception_1_in_1024__c21_pyramid_multiresolution_stride,241_b25_rare_exception_1_in_1024__c21_pyramid_multiresolution_stride.c,rare_exception_1_in_1024,pyramid_multiresolution_stride,small_L1,mixed/other,compulsory+streaming (prefetch-friendly),qemu_user_mode,15.2.0,riscv64,4096,1000000,2654435769,100000,977,999023,18445695644100287883,PASS,1,0.002447467,0.002447467,0.0,0,,,,,,,,,,,,,,,,,,,0,qemu_guest_none
242_b25_rare_exception_1_in_1024__c22_tensor_3d_slice_poor_locality,242_b25_rare_exception_1_in_1024__c22_tensor_3d_slice_poor_locality.c,rare_exception_1_in_1024,tensor_3d_slice_poor_locality,medium_L2,mixed/other,mixed/unclassified,qemu_user_mode,15.2.0,riscv64,65536,3000000,2654435769,200000,2930,2997070,18443544058131971020,PASS,1,0.008014499,0.008014499,0.0,0,,,,,,,,,,,,,,,,,,,0,qemu_guest_none
243_b25_rare_exception_1_in_1024__c23_struct_of_array_field_burst,243_b25_rare_exception_1_in_1024__c23_struct_of_array_field_burst.c,rare_exception_1_in_1024,struct_of_array_field_burst,large_L3,mixed/other,compulsory+streaming (prefetch-friendly),qemu_user_mode,15.2.0,riscv64,1048576,5000000,2654435769,200000,4883,4995117,18441391896301067715,PASS,1,0.026705858,0.026705858,0.0,0,,,,,,,,,,,,,,,,,,,0,qemu_guest_none
244_b25_rare_exception_1_in_1024__c24_banked_interleaved_access,244_b25_rare_exception_1_in_1024__c24_banked_interleaved_access.c,rare_exception_1_in_1024,banked_interleaved_access,xlarge_DRAM,mixed/other,compulsory+streaming (prefetch-friendly),qemu_user_mode,15.2.0,riscv64,8388608,8000000,2654435769,200000,7813,7992187,18438183082392515810,PASS,1,0.020687189,0.020687189,0.0,0,,,,,,,,,,,,,,,,,,,0,qemu_guest_none
245_b25_rare_exception_1_in_1024__c25_lru_recency_weighted_reuse,245_b25_rare_exception_1_in_1024__c25_lru_recency_weighted_reuse.c,rare_exception_1_in_1024,lru_recency_weighted_reuse,small_L1,mixed/other,temporal reuse (capacity-sensitive),qemu_user_mode,15.2.0,riscv64,4096,1000000,2654435769,100000,977,999023,18445701639986885222,PASS,1,0.0105493,0.0105493,0.0,0,,,,,,,,,,,,,,,,,,,0,qemu_guest_none
246_b25_rare_exception_1_in_1024__c26_geometric_stride_growth,246_b25_rare_exception_1_in_1024__c26_geometric_stride_growth.c,rare_exception_1_in_1024,geometric_stride_growth,medium_L2,mixed/other,compulsory+streaming (prefetch-friendly),qemu_user_mode,15.2.0,riscv64,65536,3000000,2654435769,200000,2930,2997070,18443545102008729310,PASS,1,0.010996386,0.010996386,0.0,0,,,,,,,,,,,,,,,,,,,0,qemu_guest_none
247_b25_rare_exception_1_in_1024__c27_reduction_broadcast_pattern,247_b25_rare_exception_1_in_1024__c27_reduction_broadcast_pattern.c,rare_exception_1_in_1024,reduction_broadcast_pattern,large_L3,mixed/other,compulsory+streaming (prefetch-friendly),qemu_user_mode,15.2.0,riscv64,1048576,5000000,2654435769,200000,4883,4995117,18441257709134417358,PASS,1,0.016902653,0.016902653,0.0,0,,,,,,,,,,,,,,,,,,,0,qemu_guest_none
248_b25_rare_exception_1_in_1024__c28_morton_zorder_traversal,248_b25_rare_exception_1_in_1024__c28_morton_zorder_traversal.c,rare_exception_1_in_1024,morton_zorder_traversal,xlarge_DRAM,mixed/other,mixed spatial (traversal-order dependent),qemu_user_mode,15.2.0,riscv64,8388608,8000000,2654435769,200000,7813,7992187,18438183892547847589,PASS,1,0.051073335,0.051073335,0.0,0,,,,,,,,,,,,,,,,,,,0,qemu_guest_none
249_b25_rare_exception_1_in_1024__c29_ping_pong_cache_thrash,249_b25_rare_exception_1_in_1024__c29_ping_pong_cache_thrash.c,rare_exception_1_in_1024,ping_pong_cache_thrash,small_L1,mixed/other,conflict/associativity,qemu_user_mode,15.2.0,riscv64,4096,1000000,2654435769,100000,977,999023,18445680037419995429,PASS,1,0.003337802,0.003337802,0.0,0,,,,,,,,,,,,,,,,,,,0,qemu_guest_none
250_b25_rare_exception_1_in_1024__c30_gather_scatter_indirect_table,250_b25_rare_exception_1_in_1024__c30_gather_scatter_indirect_table.c,rare_exception_1_in_1024,gather_scatter_indirect_table,medium_L2,mixed/other,capacity (uniform random),qemu_user_mode,15.2.0,riscv64,65536,3000000,2654435769,200000,2930,2997070,18443556854981142118,PASS,1,0.009743117,0.009743117,0.0,0,,,,,,,,,,,,,,,,,,,0,qemu_guest_none
251_b26_warmup_then_steady__c21_pyramid_multiresolution_stride,251_b26_warmup_then_steady__c21_pyramid_multiresolution_stride.c,warmup_then_steady,pyramid_multiresolution_stride,medium_L2,static/trivial,compulsory+streaming (prefetch-friendly),qemu_user_mode,15.2.0,riscv64,65536,3000000,2654435769,200000,2925000,75000,6191210350879596,PASS,1,0.006784049,0.006784049,0.0,0,,,,,,,,,,,,,,,,,,,0,qemu_guest_none
252_b26_warmup_then_steady__c22_tensor_3d_slice_poor_locality,252_b26_warmup_then_steady__c22_tensor_3d_slice_poor_locality.c,warmup_then_steady,tensor_3d_slice_poor_locality,large_L3,static/trivial,mixed/unclassified,qemu_user_mode,15.2.0,riscv64,1048576,5000000,2654435769,200000,4875000,125000,10332309731435368,PASS,1,0.015067076,0.015067076,0.0,0,,,,,,,,,,,,,,,,,,,0,qemu_guest_none
253_b26_warmup_then_steady__c23_struct_of_array_field_burst,253_b26_warmup_then_steady__c23_struct_of_array_field_burst.c,warmup_then_steady,struct_of_array_field_burst,xlarge_DRAM,static/trivial,compulsory+streaming (prefetch-friendly),qemu_user_mode,15.2.0,riscv64,8388608,8000000,2654435769,200000,7800000,200000,16535580832441325,PASS,1,0.045947408,0.045947408,0.0,0,,,,,,,,,,,,,,,,,,,0,qemu_guest_none
254_b26_warmup_then_steady__c24_banked_interleaved_access,254_b26_warmup_then_steady__c24_banked_interleaved_access.c,warmup_then_steady,banked_interleaved_access,small_L1,static/trivial,compulsory+streaming (prefetch-friendly),qemu_user_mode,15.2.0,riscv64,4096,1000000,2654435769,100000,975000,25000,2056276539866588,PASS,1,0.002471414,0.002471414,0.0,0,,,,,,,,,,,,,,,,,,,0,qemu_guest_none
255_b26_warmup_then_steady__c25_lru_recency_weighted_reuse,255_b26_warmup_then_steady__c25_lru_recency_weighted_reuse.c,warmup_then_steady,lru_recency_weighted_reuse,medium_L2,static/trivial,temporal reuse (capacity-sensitive),qemu_user_mode,15.2.0,riscv64,65536,3000000,2654435769,200000,2925000,75000,6131401132292209,PASS,1,0.031649766,0.031649766,0.0,0,,,,,,,,,,,,,,,,,,,0,qemu_guest_none
256_b26_warmup_then_steady__c26_geometric_stride_growth,256_b26_warmup_then_steady__c26_geometric_stride_growth.c,warmup_then_steady,geometric_stride_growth,large_L3,static/trivial,compulsory+streaming (prefetch-friendly),qemu_user_mode,15.2.0,riscv64,1048576,5000000,2654435769,200000,4875000,125000,10336791797188229,PASS,1,0.020858561,0.020858561,0.0,0,,,,,,,,,,,,,,,,,,,0,qemu_guest_none
257_b26_warmup_then_steady__c27_reduction_broadcast_pattern,257_b26_warmup_then_steady__c27_reduction_broadcast_pattern.c,warmup_then_steady,reduction_broadcast_pattern,xlarge_DRAM,static/trivial,compulsory+streaming (prefetch-friendly),qemu_user_mode,15.2.0,riscv64,8388608,8000000,2654435769,200000,7800000,200000,16942159007670736,PASS,1,0.024335075,0.024335075,0.0,0,,,,,,,,,,,,,,,,,,,0,qemu_guest_none
258_b26_warmup_then_steady__c28_morton_zorder_traversal,258_b26_warmup_then_steady__c28_morton_zorder_traversal.c,warmup_then_steady,morton_zorder_traversal,small_L1,static/trivial,mixed spatial (traversal-order dependent),qemu_user_mode,15.2.0,riscv64,4096,1000000,2654435769,100000,975000,25000,2055680073273800,PASS,1,0.006083977,0.006083977,0.0,0,,,,,,,,,,,,,,,,,,,0,qemu_guest_none
259_b26_warmup_then_steady__c29_ping_pong_cache_thrash,259_b26_warmup_then_steady__c29_ping_pong_cache_thrash.c,warmup_then_steady,ping_pong_cache_thrash,medium_L2,static/trivial,conflict/associativity,qemu_user_mode,15.2.0,riscv64,65536,3000000,2654435769,200000,2925000,75000,6177830053987732,PASS,1,0.011153739,0.011153739,0.0,0,,,,,,,,,,,,,,,,,,,0,qemu_guest_none
260_b26_warmup_then_steady__c30_gather_scatter_indirect_table,260_b26_warmup_then_steady__c30_gather_scatter_indirect_table.c,warmup_then_steady,gather_scatter_indirect_table,large_L3,static/trivial,capacity (uniform random),qemu_user_mode,15.2.0,riscv64,1048576,5000000,2654435769,200000,4875000,125000,10421317865092204,PASS,1,0.01605538,0.01605538,0.0,0,,,,,,,,,,,,,,,,,,,0,qemu_guest_none
261_b27_meta_correlated_nested__c21_pyramid_multiresolution_stride,261_b27_meta_correlated_nested__c21_pyramid_multiresolution_stride.c,meta_correlated_nested,pyramid_multiresolution_stride,large_L3,history-correlated,compulsory+streaming (prefetch-friendly),qemu_user_mode,15.2.0,riscv64,1048576,5000000,2654435769,200000,3203125,1796875,4950092522802160,PASS,1,0.021473289,0.021473289,0.0,0,,,,,,,,,,,,,,,,,,,0,qemu_guest_none
262_b27_meta_correlated_nested__c22_tensor_3d_slice_poor_locality,262_b27_meta_correlated_nested__c22_tensor_3d_slice_poor_locality.c,meta_correlated_nested,tensor_3d_slice_poor_locality,xlarge_DRAM,history-correlated,mixed/unclassified,qemu_user_mode,15.2.0,riscv64,8388608,8000000,2654435769,200000,5125000,2875000,7914999209753125,PASS,1,0.050585325,0.050585325,0.0,0,,,,,,,,,,,,,,,,,,,0,qemu_guest_none
263_b27_meta_correlated_nested__c23_struct_of_array_field_burst,263_b27_meta_correlated_nested__c23_struct_of_array_field_burst.c,meta_correlated_nested,struct_of_array_field_burst,small_L1,history-correlated,compulsory+streaming (prefetch-friendly),qemu_user_mode,15.2.0,riscv64,4096,1000000,2654435769,100000,640625,359375,1021098529064695,PASS,1,0.008085692,0.008085692,0.0,0,,,,,,,,,,,,,,,,,,,0,qemu_guest_none
264_b27_meta_correlated_nested__c24_banked_interleaved_access,264_b27_meta_correlated_nested__c24_banked_interleaved_access.c,meta_correlated_nested,banked_interleaved_access,medium_L2,history-correlated,compulsory+streaming (prefetch-friendly),qemu_user_mode,15.2.0,riscv64,65536,3000000,2654435769,200000,1921875,1078125,2961680032610158,PASS,1,0.012737884,0.012737884,0.0,0,,,,,,,,,,,,,,,,,,,0,qemu_guest_none
265_b27_meta_correlated_nested__c25_lru_recency_weighted_reuse,265_b27_meta_correlated_nested__c25_lru_recency_weighted_reuse.c,meta_correlated_nested,lru_recency_weighted_reuse,large_L3,history-correlated,temporal reuse (capacity-sensitive),qemu_user_mode,15.2.0,riscv64,1048576,5000000,2654435769,200000,3203125,1796875,4940168901366797,PASS,1,0.064613912,0.064613912,0.0,0,,,,,,,,,,,,,,,,,,,0,qemu_guest_none
266_b27_meta_correlated_nested__c26_geometric_stride_growth,266_b27_meta_correlated_nested__c26_geometric_stride_growth.c,meta_correlated_nested,geometric_stride_growth,xlarge_DRAM,history-correlated,compulsory+streaming (prefetch-friendly),qemu_user_mode,15.2.0,riscv64,8388608,8000000,2654435769,200000,5125000,2875000,7913896740151728,PASS,1,0.064178591,0.064178591,0.0,0,,,,,,,,,,,,,,,,,,,0,qemu_guest_none
267_b27_meta_correlated_nested__c27_reduction_broadcast_pattern,267_b27_meta_correlated_nested__c27_reduction_broadcast_pattern.c,meta_correlated_nested,reduction_broadcast_pattern,small_L1,history-correlated,compulsory+streaming (prefetch-friendly),qemu_user_mode,15.2.0,riscv64,4096,1000000,2654435769,100000,640625,359375,953386041366739,PASS,1,0.004912136,0.004912136,0.0,0,,,,,,,,,,,,,,,,,,,0,qemu_guest_none
268_b27_meta_correlated_nested__c28_morton_zorder_traversal,268_b27_meta_correlated_nested__c28_morton_zorder_traversal.c,meta_correlated_nested,morton_zorder_traversal,medium_L2,history-correlated,mixed spatial (traversal-order dependent),qemu_user_mode,15.2.0,riscv64,65536,3000000,2654435769,200000,1921875,1078125,2962641767623477,PASS,1,0.024077413,0.024077413,0.0,0,,,,,,,,,,,,,,,,,,,0,qemu_guest_none
269_b27_meta_correlated_nested__c29_ping_pong_cache_thrash,269_b27_meta_correlated_nested__c29_ping_pong_cache_thrash.c,meta_correlated_nested,ping_pong_cache_thrash,large_L3,history-correlated,conflict/associativity,qemu_user_mode,15.2.0,riscv64,1048576,5000000,2654435769,200000,3203125,1796875,4944680984511620,PASS,1,0.02757187,0.02757187,0.0,0,,,,,,,,,,,,,,,,,,,0,qemu_guest_none
270_b27_meta_correlated_nested__c30_gather_scatter_indirect_table,270_b27_meta_correlated_nested__c30_gather_scatter_indirect_table.c,meta_correlated_nested,gather_scatter_indirect_table,xlarge_DRAM,history-correlated,capacity (uniform random),qemu_user_mode,15.2.0,riscv64,8388608,8000000,2654435769,200000,5125000,2875000,7843308645560070,PASS,1,0.037895999,0.037895999,0.0,0,,,,,,,,,,,,,,,,,,,0,qemu_guest_none
271_b28_data_driven_stack_machine__c21_pyramid_multiresolution_stride,271_b28_data_driven_stack_machine__c21_pyramid_multiresolution_stride.c,data_driven_stack_machine,pyramid_multiresolution_stride,xlarge_DRAM,control-flow/call-return,compulsory+streaming (prefetch-friendly),qemu_user_mode,15.2.0,riscv64,8388608,8000000,2654435769,200000,4491427,3508573,5874685269419964,PASS,1,0.031998273,0.031998273,0.0,0,,,,,,,,,,,,,,,,,,,0,qemu_guest_none
272_b28_data_driven_stack_machine__c22_tensor_3d_slice_poor_locality,272_b28_data_driven_stack_machine__c22_tensor_3d_slice_poor_locality.c,data_driven_stack_machine,tensor_3d_slice_poor_locality,small_L1,control-flow/call-return,mixed/unclassified,qemu_user_mode,15.2.0,riscv64,4096,1000000,2654435769,100000,592909,407091,839534721960642,PASS,1,0.004149538,0.004149538,0.0,0,,,,,,,,,,,,,,,,,,,0,qemu_guest_none
273_b28_data_driven_stack_machine__c23_struct_of_array_field_burst,273_b28_data_driven_stack_machine__c23_struct_of_array_field_burst.c,data_driven_stack_machine,struct_of_array_field_burst,medium_L2,control-flow/call-return,compulsory+streaming (prefetch-friendly),qemu_user_mode,15.2.0,riscv64,65536,3000000,2654435769,200000,1500031,1499969,1604273255358155,PASS,1,0.016277595,0.016277595,0.0,0,,,,,,,,,,,,,,,,,,,0,qemu_guest_none
274_b28_data_driven_stack_machine__c24_banked_interleaved_access,274_b28_data_driven_stack_machine__c24_banked_interleaved_access.c,data_driven_stack_machine,banked_interleaved_access,large_L3,control-flow/call-return,compulsory+streaming (prefetch-friendly),qemu_user_mode,15.2.0,riscv64,1048576,5000000,2654435769,200000,2500031,2499969,2683226571265689,PASS,1,0.020581751,0.020581751,0.0,0,,,,,,,,,,,,,,,,,,,0,qemu_guest_none
275_b28_data_driven_stack_machine__c25_lru_recency_weighted_reuse,275_b28_data_driven_stack_machine__c25_lru_recency_weighted_reuse.c,data_driven_stack_machine,lru_recency_weighted_reuse,xlarge_DRAM,control-flow/call-return,temporal reuse (capacity-sensitive),qemu_user_mode,15.2.0,riscv64,8388608,8000000,2654435769,200000,4000032,3999968,4295019412935653,PASS,1,0.224813896,0.224813896,0.0,0,,,,,,,,,,,,,,,,,,,0,qemu_guest_none
276_b28_data_driven_stack_machine__c26_geometric_stride_growth,276_b28_data_driven_stack_machine__c26_geometric_stride_growth.c,data_driven_stack_machine,geometric_stride_growth,small_L1,control-flow/call-return,compulsory+streaming (prefetch-friendly),qemu_user_mode,15.2.0,riscv64,4096,1000000,2654435769,100000,500031,499969,532343305505592,PASS,1,0.004519852,0.004519852,0.0,0,,,,,,,,,,,,,,,,,,,0,qemu_guest_none
277_b28_data_driven_stack_machine__c27_reduction_broadcast_pattern,277_b28_data_driven_stack_machine__c27_reduction_broadcast_pattern.c,data_driven_stack_machine,reduction_broadcast_pattern,medium_L2,control-flow/call-return,compulsory+streaming (prefetch-friendly),qemu_user_mode,15.2.0,riscv64,65536,3000000,2654435769,200000,1500032,1499968,1568029760006051,PASS,1,0.014115977,0.014115977,0.0,0,,,,,,,,,,,,,,,,,,,0,qemu_guest_none
278_b28_data_driven_stack_machine__c28_morton_zorder_traversal,278_b28_data_driven_stack_machine__c28_morton_zorder_traversal.c,data_driven_stack_machine,morton_zorder_traversal,large_L3,control-flow/call-return,mixed spatial (traversal-order dependent),qemu_user_mode,15.2.0,riscv64,1048576,5000000,2654435769,200000,2500031,2499969,2683670756154331,PASS,1,0.035272151,0.035272151,0.0,0,,,,,,,,,,,,,,,,,,,0,qemu_guest_none
279_b28_data_driven_stack_machine__c29_ping_pong_cache_thrash,279_b28_data_driven_stack_machine__c29_ping_pong_cache_thrash.c,data_driven_stack_machine,ping_pong_cache_thrash,xlarge_DRAM,control-flow/call-return,conflict/associativity,qemu_user_mode,15.2.0,riscv64,8388608,8000000,2654435769,200000,4000031,3999969,4298220188067441,PASS,1,0.03350907,0.03350907,0.0,0,,,,,,,,,,,,,,,,,,,0,qemu_guest_none
280_b28_data_driven_stack_machine__c30_gather_scatter_indirect_table,280_b28_data_driven_stack_machine__c30_gather_scatter_indirect_table.c,data_driven_stack_machine,gather_scatter_indirect_table,small_L1,control-flow/call-return,capacity (uniform random),qemu_user_mode,15.2.0,riscv64,4096,1000000,2654435769,100000,500031,499969,529738519843925,PASS,1,0.003519764,0.003519764,0.0,0,,,,,,,,,,,,,,,,,,,0,qemu_guest_none
281_b29_bursty_streak_pattern__c21_pyramid_multiresolution_stride,281_b29_bursty_streak_pattern__c21_pyramid_multiresolution_stride.c,bursty_streak_pattern,pyramid_multiresolution_stride,small_L1,static/trivial,compulsory+streaming (prefetch-friendly),qemu_user_mode,15.2.0,riscv64,4096,1000000,2654435769,100000,860344,139656,1664712805403872,PASS,1,0.004134723,0.004134723,0.0,0,,,,,,,,,,,,,,,,,,,0,qemu_guest_none
282_b29_bursty_streak_pattern__c22_tensor_3d_slice_poor_locality,282_b29_bursty_streak_pattern__c22_tensor_3d_slice_poor_locality.c,bursty_streak_pattern,tensor_3d_slice_poor_locality,medium_L2,static/trivial,mixed/unclassified,qemu_user_mode,15.2.0,riscv64,65536,3000000,2654435769,200000,2584912,415088,5087514079409678,PASS,1,0.014967363,0.014967363,0.0,0,,,,,,,,,,,,,,,,,,,0,qemu_guest_none
283_b29_bursty_streak_pattern__c23_struct_of_array_field_burst,283_b29_bursty_streak_pattern__c23_struct_of_array_field_burst.c,bursty_streak_pattern,struct_of_array_field_burst,large_L3,static/trivial,compulsory+streaming (prefetch-friendly),qemu_user_mode,15.2.0,riscv64,1048576,5000000,2654435769,200000,4309480,690520,8515235574051536,PASS,1,0.039459832,0.039459832,0.0,0,,,,,,,,,,,,,,,,,,,0,qemu_guest_none
284_b29_bursty_streak_pattern__c24_banked_interleaved_access,284_b29_bursty_streak_pattern__c24_banked_interleaved_access.c,bursty_streak_pattern,banked_interleaved_access,xlarge_DRAM,static/trivial,compulsory+streaming (prefetch-friendly),qemu_user_mode,15.2.0,riscv64,8388608,8000000,2654435769,200000,6898008,1101992,13624672947457378,PASS,1,0.034919424,0.034919424,0.0,0,,,,,,,,,,,,,,,,,,,0,qemu_guest_none
285_b29_bursty_streak_pattern__c25_lru_recency_weighted_reuse,285_b29_bursty_streak_pattern__c25_lru_recency_weighted_reuse.c,bursty_streak_pattern,lru_recency_weighted_reuse,small_L1,static/trivial,temporal reuse (capacity-sensitive),qemu_user_mode,15.2.0,riscv64,4096,1000000,2654435769,100000,860344,139656,1652398571788378,PASS,1,0.011801284,0.011801284,0.0,0,,,,,,,,,,,,,,,,,,,0,qemu_guest_none
286_b29_bursty_streak_pattern__c26_geometric_stride_growth,286_b29_bursty_streak_pattern__c26_geometric_stride_growth.c,bursty_streak_pattern,geometric_stride_growth,medium_L2,static/trivial,compulsory+streaming (prefetch-friendly),qemu_user_mode,15.2.0,riscv64,65536,3000000,2654435769,200000,2584912,415088,5083994125711339,PASS,1,0.015146724,0.015146724,0.0,0,,,,,,,,,,,,,,,,,,,0,qemu_guest_none
287_b29_bursty_streak_pattern__c27_reduction_broadcast_pattern,287_b29_bursty_streak_pattern__c27_reduction_broadcast_pattern.c,bursty_streak_pattern,reduction_broadcast_pattern,large_L3,static/trivial,compulsory+streaming (prefetch-friendly),qemu_user_mode,15.2.0,riscv64,1048576,5000000,2654435769,200000,4309480,690520,8713512996935663,PASS,1,0.023598655,0.023598655,0.0,0,,,,,,,,,,,,,,,,,,,0,qemu_guest_none
288_b29_bursty_streak_pattern__c28_morton_zorder_traversal,288_b29_bursty_streak_pattern__c28_morton_zorder_traversal.c,bursty_streak_pattern,morton_zorder_traversal,xlarge_DRAM,static/trivial,mixed spatial (traversal-order dependent),qemu_user_mode,15.2.0,riscv64,8388608,8000000,2654435769,200000,6898008,1101992,13621517669490165,PASS,1,0.064496677,0.064496677,0.0,0,,,,,,,,,,,,,,,,,,,0,qemu_guest_none
289_b29_bursty_streak_pattern__c29_ping_pong_cache_thrash,289_b29_bursty_streak_pattern__c29_ping_pong_cache_thrash.c,bursty_streak_pattern,ping_pong_cache_thrash,small_L1,static/trivial,conflict/associativity,qemu_user_mode,15.2.0,riscv64,4096,1000000,2654435769,100000,860344,139656,1688594964741813,PASS,1,0.005316468,0.005316468,0.0,0,,,,,,,,,,,,,,,,,,,0,qemu_guest_none
290_b29_bursty_streak_pattern__c30_gather_scatter_indirect_table,290_b29_bursty_streak_pattern__c30_gather_scatter_indirect_table.c,bursty_streak_pattern,gather_scatter_indirect_table,medium_L2,static/trivial,capacity (uniform random),qemu_user_mode,15.2.0,riscv64,65536,3000000,2654435769,200000,2584912,415088,5056441566405807,PASS,1,0.011852996,0.011852996,0.0,0,,,,,,,,,,,,,,,,,,,0,qemu_guest_none
291_b30_periodic_interrupt_override__c21_pyramid_multiresolution_stride,291_b30_periodic_interrupt_override__c21_pyramid_multiresolution_stride.c,periodic_interrupt_override,pyramid_multiresolution_stride,medium_L2,static/trivial,compulsory+streaming (prefetch-friendly),qemu_user_mode,15.2.0,riscv64,65536,3000000,2654435769,200000,1523288,1476712,1681324738413823,PASS,1,0.023726511,0.023726511,0.0,0,,,,,,,,,,,,,,,,,,,0,qemu_guest_none
292_b30_periodic_interrupt_override__c22_tensor_3d_slice_poor_locality,292_b30_periodic_interrupt_override__c22_tensor_3d_slice_poor_locality.c,periodic_interrupt_override,tensor_3d_slice_poor_locality,large_L3,static/trivial,mixed/unclassified,qemu_user_mode,15.2.0,riscv64,1048576,5000000,2654435769,200000,2538892,2461108,2806116224017483,PASS,1,0.040921809,0.040921809,0.0,0,,,,,,,,,,,,,,,,,,,0,qemu_guest_none
293_b30_periodic_interrupt_override__c23_struct_of_array_field_burst,293_b30_periodic_interrupt_override__c23_struct_of_array_field_burst.c,periodic_interrupt_override,struct_of_array_field_burst,xlarge_DRAM,static/trivial,compulsory+streaming (prefetch-friendly),qemu_user_mode,15.2.0,riscv64,8388608,8000000,2654435769,200000,4062514,3937486,4499432485486058,PASS,1,0.076810102,0.076810102,0.0,0,,,,,,,,,,,,,,,,,,,0,qemu_guest_none
294_b30_periodic_interrupt_override__c24_banked_interleaved_access,294_b30_periodic_interrupt_override__c24_banked_interleaved_access.c,periodic_interrupt_override,banked_interleaved_access,small_L1,static/trivial,compulsory+streaming (prefetch-friendly),qemu_user_mode,15.2.0,riscv64,4096,1000000,2654435769,100000,507831,492169,561691344491189,PASS,1,0.00750947,0.00750947,0.0,0,,,,,,,,,,,,,,,,,,,0,qemu_guest_none
295_b30_periodic_interrupt_override__c25_lru_recency_weighted_reuse,295_b30_periodic_interrupt_override__c25_lru_recency_weighted_reuse.c,periodic_interrupt_override,lru_recency_weighted_reuse,medium_L2,static/trivial,temporal reuse (capacity-sensitive),qemu_user_mode,15.2.0,riscv64,65536,3000000,2654435769,200000,1523288,1476712,1667361216006591,PASS,1,0.046054283,0.046054283,0.0,0,,,,,,,,,,,,,,,,,,,0,qemu_guest_none
296_b30_periodic_interrupt_override__c26_geometric_stride_growth,296_b30_periodic_interrupt_override__c26_geometric_stride_growth.c,periodic_interrupt_override,geometric_stride_growth,large_L3,static/trivial,compulsory+streaming (prefetch-friendly),qemu_user_mode,15.2.0,riscv64,1048576,5000000,2654435769,200000,2538892,2461108,2804788213257737,PASS,1,0.04395268,0.04395268,0.0,0,,,,,,,,,,,,,,,,,,,0,qemu_guest_none
297_b30_periodic_interrupt_override__c27_reduction_broadcast_pattern,297_b30_periodic_interrupt_override__c27_reduction_broadcast_pattern.c,periodic_interrupt_override,reduction_broadcast_pattern,xlarge_DRAM,static/trivial,compulsory+streaming (prefetch-friendly),qemu_user_mode,15.2.0,riscv64,8388608,8000000,2654435769,200000,4062514,3937486,4498738866061788,PASS,1,0.063904627,0.063904627,0.0,0,,,,,,,,,,,,,,,,,,,0,qemu_guest_none
298_b30_periodic_interrupt_override__c28_morton_zorder_traversal,298_b30_periodic_interrupt_override__c28_morton_zorder_traversal.c,periodic_interrupt_override,morton_zorder_traversal,small_L1,static/trivial,mixed spatial (traversal-order dependent),qemu_user_mode,15.2.0,riscv64,4096,1000000,2654435769,100000,507831,492169,564311862566827,PASS,1,0.011248748,0.011248748,0.0,0,,,,,,,,,,,,,,,,,,,0,qemu_guest_none
299_b30_periodic_interrupt_override__c29_ping_pong_cache_thrash,299_b30_periodic_interrupt_override__c29_ping_pong_cache_thrash.c,periodic_interrupt_override,ping_pong_cache_thrash,medium_L2,static/trivial,conflict/associativity,qemu_user_mode,15.2.0,riscv64,65536,3000000,2654435769,200000,1523288,1476712,1681069888742468,PASS,1,0.025937542,0.025937542,0.0,0,,,,,,,,,,,,,,,,,,,0,qemu_guest_none
300_b30_periodic_interrupt_override__c30_gather_scatter_indirect_table,300_b30_periodic_interrupt_override__c30_gather_scatter_indirect_table.c,periodic_interrupt_override,gather_scatter_indirect_table,large_L3,static/trivial,capacity (uniform random),qemu_user_mode,15.2.0,riscv64,1048576,5000000,2654435769,200000,2538892,2461108,2825139211285770,PASS,1,0.037928104,0.037928104,0.0,0,,,,,,,,,,,,,,,,,,,0,qemu_guest_none
301_b31_prime_period13__c31_fibonacci_stride,301_b31_prime_period13__c31_fibonacci_stride.c,prime_period13,fibonacci_stride,small_L1,static/periodic,compulsory+streaming (prefetch-friendly),qemu_user_mode,15.2.0,riscv64,4096,1000000,2654435769,100000,538462,461538,685694618896355,PASS,1,0.004021837,0.004021837,0.0,0,,,,,,,,,,,,,,,,,,,0,qemu_guest_none
302_b31_prime_period13__c32_hilbert_curve_traversal,302_b31_prime_period13__c32_hilbert_curve_traversal.c,prime_period13,hilbert_curve_traversal,medium_L2,static/periodic,mixed spatial (traversal-order dependent),qemu_user_mode,15.2.0,riscv64,65536,3000000,2654435769,200000,1615386,1384614,1974962116210771,PASS,1,0.187129697,0.187129697,0.0,0,,,,,,,,,,,,,,,,,,,0,qemu_guest_none
303_b31_prime_period13__c33_cache_set_conflict_stress,303_b31_prime_period13__c33_cache_set_conflict_stress.c,prime_period13,cache_set_conflict_stress,large_L3,static/periodic,conflict/associativity,qemu_user_mode,15.2.0,riscv64,1048576,5000000,2654435769,200000,2692310,2307690,3271829184442183,PASS,1,0.022570621,0.022570621,0.0,0,,,,,,,,,,,,,,,,,,,0,qemu_guest_none
304_b31_prime_period13__c34_variable_length_burst_reuse,304_b31_prime_period13__c34_variable_length_burst_reuse.c,prime_period13,variable_length_burst_reuse,xlarge_DRAM,static/periodic,capacity (uniform random),qemu_user_mode,15.2.0,riscv64,8388608,8000000,2654435769,200000,4307695,3692305,5283571038163518,PASS,1,0.089979988,0.089979988,0.0,0,,,,,,,,,,,,,,,,,,,0,qemu_guest_none
305_b31_prime_period13__c35_checkerboard_red_black,305_b31_prime_period13__c35_checkerboard_red_black.c,prime_period13,checkerboard_red_black,small_L1,static/periodic,mixed spatial (traversal-order dependent),qemu_user_mode,15.2.0,riscv64,4096,1000000,2654435769,100000,538462,461538,650845534561816,PASS,1,0.012313398,0.012313398,0.0,0,,,,,,,,,,,,,,,,,,,0,qemu_guest_none
306_b31_prime_period13__c36_im2col_overlapping_patch_gather,306_b31_prime_period13__c36_im2col_overlapping_patch_gather.c,prime_period13,im2col_overlapping_patch_gather,medium_L2,static/periodic,compulsory+streaming (prefetch-friendly),qemu_user_mode,15.2.0,riscv64,65536,3000000,2654435769,200000,1615386,1384614,1973185471445007,PASS,1,0.023877068,0.023877068,0.0,0,,,,,,,,,,,,,,,,,,,0,qemu_guest_none
307_b31_prime_period13__c37_double_buffer_epoch_alternation,307_b31_prime_period13__c37_double_buffer_epoch_alternation.c,prime_period13,double_buffer_epoch_alternation,large_L3,static/periodic,conflict+capacity (thrashing/alternation),qemu_user_mode,15.2.0,riscv64,1048576,5000000,2654435769,200000,2692310,2307690,3301518009522612,PASS,1,0.016747421,0.016747421,0.0,0,,,,,,,,,,,,,,,,,,,0,qemu_guest_none
308_b31_prime_period13__c38_cuckoo_double_hash_probe,308_b31_prime_period13__c38_cuckoo_double_hash_probe.c,prime_period13,cuckoo_double_hash_probe,xlarge_DRAM,static/periodic,capacity+compulsory (indirect gather/scatter),qemu_user_mode,15.2.0,riscv64,8388608,8000000,2654435769,200000,4307695,3692305,5288561442561292,PASS,1,0.178840757,0.178840757,0.0,0,,,,,,,,,,,,,,,,,,,0,qemu_guest_none
309_b31_prime_period13__c39_bounded_random_walk,309_b31_prime_period13__c39_bounded_random_walk.c,prime_period13,bounded_random_walk,small_L1,static/periodic,capacity (uniform random),qemu_user_mode,15.2.0,riscv64,4096,1000000,2654435769,100000,538462,461538,649087997481331,PASS,1,0.005568351,0.005568351,0.0,0,,,,,,,,,,,,,,,,,,,0,qemu_guest_none
310_b31_prime_period13__c40_causal_attention_triangular,310_b31_prime_period13__c40_causal_attention_triangular.c,prime_period13,causal_attention_triangular,medium_L2,static/periodic,mixed/unclassified,qemu_user_mode,15.2.0,riscv64,65536,3000000,2654435769,200000,1615386,1384614,1981717829593772,PASS,1,0.032208439,0.032208439,0.0,0,,,,,,,,,,,,,,,,,,,0,qemu_guest_none
311_b32_emulated_2bit_saturating_counter__c31_fibonacci_stride,311_b32_emulated_2bit_saturating_counter__c31_fibonacci_stride.c,emulated_2bit_saturating_counter,fibonacci_stride,medium_L2,value-dependent,compulsory+streaming (prefetch-friendly),qemu_user_mode,15.2.0,riscv64,65536,3000000,2654435769,200000,1502712,1497288,1602692056848168,PASS,1,0.028122135,0.028122135,0.0,0,,,,,,,,,,,,,,,,,,,0,qemu_guest_none
312_b32_emulated_2bit_saturating_counter__c32_hilbert_curve_traversal,312_b32_emulated_2bit_saturating_counter__c32_hilbert_curve_traversal.c,emulated_2bit_saturating_counter,hilbert_curve_traversal,large_L3,value-dependent,mixed spatial (traversal-order dependent),qemu_user_mode,15.2.0,riscv64,1048576,5000000,2654435769,200000,2500286,2499714,2686040809091984,PASS,1,0.286202154,0.286202154,0.0,0,,,,,,,,,,,,,,,,,,,0,qemu_guest_none
313_b32_emulated_2bit_saturating_counter__c33_cache_set_conflict_stress,313_b32_emulated_2bit_saturating_counter__c33_cache_set_conflict_stress.c,emulated_2bit_saturating_counter,cache_set_conflict_stress,xlarge_DRAM,value-dependent,conflict/associativity,qemu_user_mode,15.2.0,riscv64,8388608,8000000,2654435769,200000,3999744,4000256,4289322212250050,PASS,1,0.037242001,0.037242001,0.0,0,,,,,,,,,,,,,,,,,,,0,qemu_guest_none
314_b32_emulated_2bit_saturating_counter__c34_variable_length_burst_reuse,314_b32_emulated_2bit_saturating_counter__c34_variable_length_burst_reuse.c,emulated_2bit_saturating_counter,variable_length_burst_reuse,small_L1,value-dependent,capacity (uniform random),qemu_user_mode,15.2.0,riscv64,4096,1000000,2654435769,100000,500000,500000,529660134950296,PASS,1,0.00522805,0.00522805,0.0,0,,,,,,,,,,,,,,,,,,,0,qemu_guest_none
315_b32_emulated_2bit_saturating_counter__c35_checkerboard_red_black,315_b32_emulated_2bit_saturating_counter__c35_checkerboard_red_black.c,emulated_2bit_saturating_counter,checkerboard_red_black,medium_L2,value-dependent,mixed spatial (traversal-order dependent),qemu_user_mode,15.2.0,riscv64,65536,3000000,2654435769,200000,1501463,1498537,1610674963617676,PASS,1,0.028964562,0.028964562,0.0,0,,,,,,,,,,,,,,,,,,,0,qemu_guest_none
316_b32_emulated_2bit_saturating_counter__c36_im2col_overlapping_patch_gather,316_b32_emulated_2bit_saturating_counter__c36_im2col_overlapping_patch_gather.c,emulated_2bit_saturating_counter,im2col_overlapping_patch_gather,large_L3,value-dependent,compulsory+streaming (prefetch-friendly),qemu_user_mode,15.2.0,riscv64,1048576,5000000,2654435769,200000,2500002,2499998,2682517293374178,PASS,1,0.027826804,0.027826804,0.0,0,,,,,,,,,,,,,,,,,,,0,qemu_guest_none
317_b32_emulated_2bit_saturating_counter__c37_double_buffer_epoch_alternation,317_b32_emulated_2bit_saturating_counter__c37_double_buffer_epoch_alternation.c,emulated_2bit_saturating_counter,double_buffer_epoch_alternation,xlarge_DRAM,value-dependent,conflict+capacity (thrashing/alternation),qemu_user_mode,15.2.0,riscv64,8388608,8000000,2654435769,200000,4100000,3900000,4611601291404048,PASS,1,0.036050697,0.036050697,0.0,0,,,,,,,,,,,,,,,,,,,0,qemu_guest_none
318_b32_emulated_2bit_saturating_counter__c38_cuckoo_double_hash_probe,318_b32_emulated_2bit_saturating_counter__c38_cuckoo_double_hash_probe.c,emulated_2bit_saturating_counter,cuckoo_double_hash_probe,small_L1,value-dependent,capacity+compulsory (indirect gather/scatter),qemu_user_mode,15.2.0,riscv64,4096,1000000,2654435769,100000,499632,500368,541435703404716,PASS,1,0.004767132,0.004767132,0.0,0,,,,,,,,,,,,,,,,,,,0,qemu_guest_none
319_b32_emulated_2bit_saturating_counter__c39_bounded_random_walk,319_b32_emulated_2bit_saturating_counter__c39_bounded_random_walk.c,emulated_2bit_saturating_counter,bounded_random_walk,medium_L2,value-dependent,capacity (uniform random),qemu_user_mode,15.2.0,riscv64,65536,3000000,2654435769,200000,1499139,1500861,1602204851174899,PASS,1,0.039698233,0.039698233,0.0,0,,,,,,,,,,,,,,,,,,,0,qemu_guest_none
320_b32_emulated_2bit_saturating_counter__c40_causal_attention_triangular,320_b32_emulated_2bit_saturating_counter__c40_causal_attention_triangular.c,emulated_2bit_saturating_counter,causal_attention_triangular,large_L3,value-dependent,mixed/unclassified,qemu_user_mode,15.2.0,riscv64,1048576,5000000,2654435769,200000,2635068,2364932,3127705638418302,PASS,1,0.044618774,0.044618774,0.0,0,,,,,,,,,,,,,,,,,,,0,qemu_guest_none
321_b33_uniform_random_block_runs__c31_fibonacci_stride,321_b33_uniform_random_block_runs__c31_fibonacci_stride.c,uniform_random_block_runs,fibonacci_stride,large_L3,stochastic,compulsory+streaming (prefetch-friendly),qemu_user_mode,15.2.0,riscv64,1048576,5000000,2654435769,200000,2538465,2461535,2809414050185007,PASS,1,0.031683641,0.031683641,0.0,0,,,,,,,,,,,,,,,,,,,0,qemu_guest_none
322_b33_uniform_random_block_runs__c32_hilbert_curve_traversal,322_b33_uniform_random_block_runs__c32_hilbert_curve_traversal.c,uniform_random_block_runs,hilbert_curve_traversal,xlarge_DRAM,stochastic,mixed spatial (traversal-order dependent),qemu_user_mode,15.2.0,riscv64,8388608,8000000,2654435769,200000,4061561,3938439,4492694478952542,PASS,1,0.527873922,0.527873922,0.0,0,,,,,,,,,,,,,,,,,,,0,qemu_guest_none
323_b33_uniform_random_block_runs__c33_cache_set_conflict_stress,323_b33_uniform_random_block_runs__c33_cache_set_conflict_stress.c,uniform_random_block_runs,cache_set_conflict_stress,small_L1,stochastic,conflict/associativity,qemu_user_mode,15.2.0,riscv64,4096,1000000,2654435769,100000,507737,492263,293412268370258,PASS,1,0.003704488,0.003704488,0.0,0,,,,,,,,,,,,,,,,,,,0,qemu_guest_none
324_b33_uniform_random_block_runs__c34_variable_length_burst_reuse,324_b33_uniform_random_block_runs__c34_variable_length_burst_reuse.c,uniform_random_block_runs,variable_length_burst_reuse,medium_L2,stochastic,capacity (uniform random),qemu_user_mode,15.2.0,riscv64,65536,3000000,2654435769,200000,1523103,1476897,1676226895431089,PASS,1,0.014844987,0.014844987,0.0,0,,,,,,,,,,,,,,,,,,,0,qemu_guest_none
325_b33_uniform_random_block_runs__c35_checkerboard_red_black,325_b33_uniform_random_block_runs__c35_checkerboard_red_black.c,uniform_random_block_runs,checkerboard_red_black,large_L3,stochastic,mixed spatial (traversal-order dependent),qemu_user_mode,15.2.0,riscv64,1048576,5000000,2654435769,200000,2538465,2461535,2806602643021390,PASS,1,0.048053509,0.048053509,0.0,0,,,,,,,,,,,,,,,,,,,0,qemu_guest_none
326_b33_uniform_random_block_runs__c36_im2col_overlapping_patch_gather,326_b33_uniform_random_block_runs__c36_im2col_overlapping_patch_gather.c,uniform_random_block_runs,im2col_overlapping_patch_gather,xlarge_DRAM,stochastic,compulsory+streaming (prefetch-friendly),qemu_user_mode,15.2.0,riscv64,8388608,8000000,2654435769,200000,4061561,3938439,4489424830340028,PASS,1,0.043934098,0.043934098,0.0,0,,,,,,,,,,,,,,,,,,,0,qemu_guest_none
327_b33_uniform_random_block_runs__c37_double_buffer_epoch_alternation,327_b33_uniform_random_block_runs__c37_double_buffer_epoch_alternation.c,uniform_random_block_runs,double_buffer_epoch_alternation,small_L1,stochastic,conflict+capacity (thrashing/alternation),qemu_user_mode,15.2.0,riscv64,4096,1000000,2654435769,100000,507737,492263,559231468805012,PASS,1,0.004264627,0.004264627,0.0,0,,,,,,,,,,,,,,,,,,,0,qemu_guest_none
328_b33_uniform_random_block_runs__c38_cuckoo_double_hash_probe,328_b33_uniform_random_block_runs__c38_cuckoo_double_hash_probe.c,uniform_random_block_runs,cuckoo_double_hash_probe,medium_L2,stochastic,capacity+compulsory (indirect gather/scatter),qemu_user_mode,15.2.0,riscv64,65536,3000000,2654435769,200000,1523103,1476897,1680142591059243,PASS,1,0.016468504,0.016468504,0.0,0,,,,,,,,,,,,,,,,,,,0,qemu_guest_none
329_b33_uniform_random_block_runs__c39_bounded_random_walk,329_b33_uniform_random_block_runs__c39_bounded_random_walk.c,uniform_random_block_runs,bounded_random_walk,large_L3,stochastic,capacity (uniform random),qemu_user_mode,15.2.0,riscv64,1048576,5000000,2654435769,200000,2538465,2461535,2818657393375157,PASS,1,0.027442895,0.027442895,0.0,0,,,,,,,,,,,,,,,,,,,0,qemu_guest_none
330_b33_uniform_random_block_runs__c40_causal_attention_triangular,330_b33_uniform_random_block_runs__c40_causal_attention_triangular.c,uniform_random_block_runs,causal_attention_triangular,xlarge_DRAM,stochastic,mixed/unclassified,qemu_user_mode,15.2.0,riscv64,8388608,8000000,2654435769,200000,4061561,3938439,4493842995912874,PASS,1,0.067522714,0.067522714,0.0,0,,,,,,,,,,,,,,,,,,,0,qemu_guest_none
331_b34_data_driven_countdown__c31_fibonacci_stride,331_b34_data_driven_countdown__c31_fibonacci_stride.c,data_driven_countdown,fibonacci_stride,xlarge_DRAM,value-dependent,compulsory+streaming (prefetch-friendly),qemu_user_mode,15.2.0,riscv64,8388608,8000000,2654435769,200000,8000000,0,17174486838779183,PASS,1,0.172702644,0.172702644,0.0,0,,,,,,,,,,,,,,,,,,,0,qemu_guest_none
332_b34_data_driven_countdown__c32_hilbert_curve_traversal,332_b34_data_driven_countdown__c32_hilbert_curve_traversal.c,data_driven_countdown,hilbert_curve_traversal,small_L1,value-dependent,mixed spatial (traversal-order dependent),qemu_user_mode,15.2.0,riscv64,4096,1000000,2654435769,100000,1000000,0,2136478452787424,PASS,1,0.046482571,0.046482571,0.0,0,,,,,,,,,,,,,,,,,,,0,qemu_guest_none
333_b34_data_driven_countdown__c33_cache_set_conflict_stress,333_b34_data_driven_countdown__c33_cache_set_conflict_stress.c,data_driven_countdown,cache_set_conflict_stress,medium_L2,value-dependent,conflict/associativity,qemu_user_mode,15.2.0,riscv64,65536,3000000,2654435769,200000,3000000,0,6465907816500000,PASS,1,0.023055846,0.023055846,0.0,0,,,,,,,,,,,,,,,,,,,0,qemu_guest_none
334_b34_data_driven_countdown__c34_variable_length_burst_reuse,334_b34_data_driven_countdown__c34_variable_length_burst_reuse.c,data_driven_countdown,variable_length_burst_reuse,large_L3,value-dependent,capacity (uniform random),qemu_user_mode,15.2.0,riscv64,1048576,5000000,2654435769,200000,5000000,0,10749070548311296,PASS,1,0.030640082,0.030640082,0.0,0,,,,,,,,,,,,,,,,,,,0,qemu_guest_none
335_b34_data_driven_countdown__c35_checkerboard_red_black,335_b34_data_driven_countdown__c35_checkerboard_red_black.c,data_driven_countdown,checkerboard_red_black,xlarge_DRAM,value-dependent,mixed spatial (traversal-order dependent),qemu_user_mode,15.2.0,riscv64,8388608,8000000,2654435769,200000,8000000,0,17171697653070718,PASS,1,0.093242601,0.093242601,0.0,0,,,,,,,,,,,,,,,,,,,0,qemu_guest_none
336_b34_data_driven_countdown__c36_im2col_overlapping_patch_gather,336_b34_data_driven_countdown__c36_im2col_overlapping_patch_gather.c,data_driven_countdown,im2col_overlapping_patch_gather,small_L1,value-dependent,compulsory+streaming (prefetch-friendly),qemu_user_mode,15.2.0,riscv64,4096,1000000,2654435769,100000,1000000,0,2136599624655900,PASS,1,0.007804658,0.007804658,0.0,0,,,,,,,,,,,,,,,,,,,0,qemu_guest_none
337_b34_data_driven_countdown__c37_double_buffer_epoch_alternation,337_b34_data_driven_countdown__c37_double_buffer_epoch_alternation.c,data_driven_countdown,double_buffer_epoch_alternation,medium_L2,value-dependent,conflict+capacity (thrashing/alternation),qemu_user_mode,15.2.0,riscv64,65536,3000000,2654435769,200000,3000000,0,6418432961555936,PASS,1,0.015943118,0.015943118,0.0,0,,,,,,,,,,,,,,,,,,,0,qemu_guest_none
338_b34_data_driven_countdown__c38_cuckoo_double_hash_probe,338_b34_data_driven_countdown__c38_cuckoo_double_hash_probe.c,data_driven_countdown,cuckoo_double_hash_probe,large_L3,value-dependent,capacity+compulsory (indirect gather/scatter),qemu_user_mode,15.2.0,riscv64,1048576,5000000,2654435769,200000,5000000,0,10743291821811857,PASS,1,0.040547467,0.040547467,0.0,0,,,,,,,,,,,,,,,,,,,0,qemu_guest_none
339_b34_data_driven_countdown__c39_bounded_random_walk,339_b34_data_driven_countdown__c39_bounded_random_walk.c,data_driven_countdown,bounded_random_walk,xlarge_DRAM,value-dependent,capacity (uniform random),qemu_user_mode,15.2.0,riscv64,8388608,8000000,2654435769,200000,8000000,0,17197582212491728,PASS,1,0.057183641,0.057183641,0.0,0,,,,,,,,,,,,,,,,,,,0,qemu_guest_none
340_b34_data_driven_countdown__c40_causal_attention_triangular,340_b34_data_driven_countdown__c40_causal_attention_triangular.c,data_driven_countdown,causal_attention_triangular,small_L1,value-dependent,mixed/unclassified,qemu_user_mode,15.2.0,riscv64,4096,1000000,2654435769,100000,1000000,0,2103676374391474,PASS,1,0.0109225,0.0109225,0.0,0,,,,,,,,,,,,,,,,,,,0,qemu_guest_none
341_b35_xorshift_hash_mix__c31_fibonacci_stride,341_b35_xorshift_hash_mix__c31_fibonacci_stride.c,xorshift_hash_mix,fibonacci_stride,small_L1,stochastic,compulsory+streaming (prefetch-friendly),qemu_user_mode,15.2.0,riscv64,4096,1000000,2654435769,100000,499703,500297,555817346549638,PASS,1,0.008729587,0.008729587,0.0,0,,,,,,,,,,,,,,,,,,,0,qemu_guest_none
342_b35_xorshift_hash_mix__c32_hilbert_curve_traversal,342_b35_xorshift_hash_mix__c32_hilbert_curve_traversal.c,xorshift_hash_mix,hilbert_curve_traversal,medium_L2,stochastic,mixed spatial (traversal-order dependent),qemu_user_mode,15.2.0,riscv64,65536,3000000,2654435769,200000,1499890,1500110,1604568078491013,PASS,1,0.202434075,0.202434075,0.0,0,,,,,,,,,,,,,,,,,,,0,qemu_guest_none
343_b35_xorshift_hash_mix__c33_cache_set_conflict_stress,343_b35_xorshift_hash_mix__c33_cache_set_conflict_stress.c,xorshift_hash_mix,cache_set_conflict_stress,large_L3,stochastic,conflict/associativity,qemu_user_mode,15.2.0,riscv64,1048576,5000000,2654435769,200000,2500000,2500000,2658416019588224,PASS,1,0.022195789,0.022195789,0.0,0,,,,,,,,,,,,,,,,,,,0,qemu_guest_none
344_b35_xorshift_hash_mix__c34_variable_length_burst_reuse,344_b35_xorshift_hash_mix__c34_variable_length_burst_reuse.c,xorshift_hash_mix,variable_length_burst_reuse,xlarge_DRAM,stochastic,capacity (uniform random),qemu_user_mode,15.2.0,riscv64,8388608,8000000,2654435769,200000,3999904,4000096,4291492956238484,PASS,1,0.097656254,0.097656254,0.0,0,,,,,,,,,,,,,,,,,,,0,qemu_guest_none
345_b35_xorshift_hash_mix__c35_checkerboard_red_black,345_b35_xorshift_hash_mix__c35_checkerboard_red_black.c,xorshift_hash_mix,checkerboard_red_black,small_L1,stochastic,mixed spatial (traversal-order dependent),qemu_user_mode,15.2.0,riscv64,4096,1000000,2654435769,100000,500007,499993,528921464553686,PASS,1,0.01553387,0.01553387,0.0,0,,,,,,,,,,,,,,,,,,,0,qemu_guest_none
346_b35_xorshift_hash_mix__c36_im2col_overlapping_patch_gather,346_b35_xorshift_hash_mix__c36_im2col_overlapping_patch_gather.c,xorshift_hash_mix,im2col_overlapping_patch_gather,medium_L2,stochastic,compulsory+streaming (prefetch-friendly),qemu_user_mode,15.2.0,riscv64,65536,3000000,2654435769,200000,1500149,1499851,1603726354326818,PASS,1,0.035181072,0.035181072,0.0,0,,,,,,,,,,,,,,,,,,,0,qemu_guest_none
347_b35_xorshift_hash_mix__c37_double_buffer_epoch_alternation,347_b35_xorshift_hash_mix__c37_double_buffer_epoch_alternation.c,xorshift_hash_mix,double_buffer_epoch_alternation,large_L3,stochastic,conflict+capacity (thrashing/alternation),qemu_user_mode,15.2.0,riscv64,1048576,5000000,2654435769,200000,2499072,2500928,2680950714705619,PASS,1,0.044817463,0.044817463,0.0,0,,,,,,,,,,,,,,,,,,,0,qemu_guest_none
348_b35_xorshift_hash_mix__c38_cuckoo_double_hash_probe,348_b35_xorshift_hash_mix__c38_cuckoo_double_hash_probe.c,xorshift_hash_mix,cuckoo_double_hash_probe,xlarge_DRAM,stochastic,capacity+compulsory (indirect gather/scatter),qemu_user_mode,15.2.0,riscv64,8388608,8000000,2654435769,200000,3999771,4000229,4296603363399656,PASS,1,0.22792803,0.22792803,0.0,0,,,,,,,,,,,,,,,,,,,0,qemu_guest_none
349_b35_xorshift_hash_mix__c39_bounded_random_walk,349_b35_xorshift_hash_mix__c39_bounded_random_walk.c,xorshift_hash_mix,bounded_random_walk,small_L1,stochastic,capacity (uniform random),qemu_user_mode,15.2.0,riscv64,4096,1000000,2654435769,100000,500507,499493,527546382584863,PASS,1,0.013249623,0.013249623,0.0,0,,,,,,,,,,,,,,,,,,,0,qemu_guest_none
350_b35_xorshift_hash_mix__c40_causal_attention_triangular,350_b35_xorshift_hash_mix__c40_causal_attention_triangular.c,xorshift_hash_mix,causal_attention_triangular,medium_L2,stochastic,mixed/unclassified,qemu_user_mode,15.2.0,riscv64,65536,3000000,2654435769,200000,1500647,1499353,1608809728349463,PASS,1,0.058884551,0.058884551,0.0,0,,,,,,,,,,,,,,,,,,,0,qemu_guest_none
351_b36_traffic_light_fsm__c31_fibonacci_stride,351_b36_traffic_light_fsm__c31_fibonacci_stride.c,traffic_light_fsm,fibonacci_stride,medium_L2,mixed/other,compulsory+streaming (prefetch-friendly),qemu_user_mode,15.2.0,riscv64,65536,3000000,2654435769,200000,909093,2090907,18446453896547814830,PASS,1,0.018053413,0.018053413,0.0,0,,,,,,,,,,,,,,,,,,,0,qemu_guest_none
352_b36_traffic_light_fsm__c32_hilbert_curve_traversal,352_b36_traffic_light_fsm__c32_hilbert_curve_traversal.c,traffic_light_fsm,hilbert_curve_traversal,large_L3,mixed/other,mixed spatial (traversal-order dependent),qemu_user_mode,15.2.0,riscv64,1048576,5000000,2654435769,200000,1515155,3484845,18446253986795423698,PASS,1,0.319591732,0.319591732,0.0,0,,,,,,,,,,,,,,,,,,,0,qemu_guest_none
353_b36_traffic_light_fsm__c33_cache_set_conflict_stress,353_b36_traffic_light_fsm__c33_cache_set_conflict_stress.c,traffic_light_fsm,cache_set_conflict_stress,xlarge_DRAM,mixed/other,conflict/associativity,qemu_user_mode,15.2.0,riscv64,8388608,8000000,2654435769,200000,2424248,5575752,18445963935301768590,PASS,1,0.053614093,0.053614093,0.0,0,,,,,,,,,,,,,,,,,,,0,qemu_guest_none
354_b36_traffic_light_fsm__c34_variable_length_burst_reuse,354_b36_traffic_light_fsm__c34_variable_length_burst_reuse.c,traffic_light_fsm,variable_length_burst_reuse,small_L1,mixed/other,capacity (uniform random),qemu_user_mode,15.2.0,riscv64,4096,1000000,2654435769,100000,303031,696969,18446648318783614408,PASS,1,0.005220683,0.005220683,0.0,0,,,,,,,,,,,,,,,,,,,0,qemu_guest_none
355_b36_traffic_light_fsm__c35_checkerboard_red_black,355_b36_traffic_light_fsm__c35_checkerboard_red_black.c,traffic_light_fsm,checkerboard_red_black,medium_L2,mixed/other,mixed spatial (traversal-order dependent),qemu_user_mode,15.2.0,riscv64,65536,3000000,2654435769,200000,909093,2090907,18446451072160493056,PASS,1,0.033053814,0.033053814,0.0,0,,,,,,,,,,,,,,,,,,,0,qemu_guest_none
356_b36_traffic_light_fsm__c36_im2col_overlapping_patch_gather,356_b36_traffic_light_fsm__c36_im2col_overlapping_patch_gather.c,traffic_light_fsm,im2col_overlapping_patch_gather,large_L3,mixed/other,compulsory+streaming (prefetch-friendly),qemu_user_mode,15.2.0,riscv64,1048576,5000000,2654435769,200000,1515155,3484845,18446254837412743486,PASS,1,0.032388578,0.032388578,0.0,0,,,,,,,,,,,,,,,,,,,0,qemu_guest_none
357_b36_traffic_light_fsm__c37_double_buffer_epoch_alternation,357_b36_traffic_light_fsm__c37_double_buffer_epoch_alternation.c,traffic_light_fsm,double_buffer_epoch_alternation,xlarge_DRAM,mixed/other,conflict+capacity (thrashing/alternation),qemu_user_mode,15.2.0,riscv64,8388608,8000000,2654435769,200000,2424248,5575752,18445961242554434131,PASS,1,0.042723692,0.042723692,0.0,0,,,,,,,,,,,,,,,,,,,0,qemu_guest_none
358_b36_traffic_light_fsm__c38_cuckoo_double_hash_probe,358_b36_traffic_light_fsm__c38_cuckoo_double_hash_probe.c,traffic_light_fsm,cuckoo_double_hash_probe,small_L1,mixed/other,capacity+compulsory (indirect gather/scatter),qemu_user_mode,15.2.0,riscv64,4096,1000000,2654435769,100000,303031,696969,18446647701656769403,PASS,1,0.005970662,0.005970662,0.0,0,,,,,,,,,,,,,,,,,,,0,qemu_guest_none
359_b36_traffic_light_fsm__c39_bounded_random_walk,359_b36_traffic_light_fsm__c39_bounded_random_walk.c,traffic_light_fsm,bounded_random_walk,medium_L2,mixed/other,capacity (uniform random),qemu_user_mode,15.2.0,riscv64,65536,3000000,2654435769,200000,909093,2090907,18446453117010075401,PASS,1,0.018247595,0.018247595,0.0,0,,,,,,,,,,,,,,,,,,,0,qemu_guest_none
360_b36_traffic_light_fsm__c40_causal_attention_triangular,360_b36_traffic_light_fsm__c40_causal_attention_triangular.c,traffic_light_fsm,causal_attention_triangular,large_L3,mixed/other,mixed/unclassified,qemu_user_mode,15.2.0,riscv64,1048576,5000000,2654435769,200000,1515155,3484845,18446255754085460955,PASS,1,0.0440137,0.0440137,0.0,0,,,,,,,,,,,,,,,,,,,0,qemu_guest_none
361_b37_value_driven_unswitch_run__c31_fibonacci_stride,361_b37_value_driven_unswitch_run__c31_fibonacci_stride.c,value_driven_unswitch_run,fibonacci_stride,large_L3,indirect-branch,compulsory+streaming (prefetch-friendly),qemu_user_mode,15.2.0,riscv64,1048576,5000000,2654435769,200000,4473072,526928,9038930938305480,PASS,1,0.028837977,0.028837977,0.0,0,,,,,,,,,,,,,,,,,,,0,qemu_guest_none
362_b37_value_driven_unswitch_run__c32_hilbert_curve_traversal,362_b37_value_driven_unswitch_run__c32_hilbert_curve_traversal.c,value_driven_unswitch_run,hilbert_curve_traversal,xlarge_DRAM,indirect-branch,mixed spatial (traversal-order dependent),qemu_user_mode,15.2.0,riscv64,8388608,8000000,2654435769,200000,7160864,839136,14471598925996405,PASS,1,0.538130127,0.538130127,0.0,0,,,,,,,,,,,,,,,,,,,0,qemu_guest_none
363_b37_value_driven_unswitch_run__c33_cache_set_conflict_stress,363_b37_value_driven_unswitch_run__c33_cache_set_conflict_stress.c,value_driven_unswitch_run,cache_set_conflict_stress,small_L1,indirect-branch,conflict/associativity,qemu_user_mode,15.2.0,riscv64,4096,1000000,2654435769,100000,916667,83333,981385667458158,PASS,1,0.00267801,0.00267801,0.0,0,,,,,,,,,,,,,,,,,,,0,qemu_guest_none
364_b37_value_driven_unswitch_run__c34_variable_length_burst_reuse,364_b37_value_driven_unswitch_run__c34_variable_length_burst_reuse.c,value_driven_unswitch_run,variable_length_burst_reuse,medium_L2,indirect-branch,capacity (uniform random),qemu_user_mode,15.2.0,riscv64,65536,3000000,2654435769,200000,2675606,324394,5369270864982342,PASS,1,0.012468971,0.012468971,0.0,0,,,,,,,,,,,,,,,,,,,0,qemu_guest_none
365_b37_value_driven_unswitch_run__c35_checkerboard_red_black,365_b37_value_driven_unswitch_run__c35_checkerboard_red_black.c,value_driven_unswitch_run,checkerboard_red_black,large_L3,indirect-branch,mixed spatial (traversal-order dependent),qemu_user_mode,15.2.0,riscv64,1048576,5000000,2654435769,200000,4376203,623797,8726757996684269,PASS,1,0.050279518,0.050279518,0.0,0,,,,,,,,,,,,,,,,,,,0,qemu_guest_none
366_b37_value_driven_unswitch_run__c36_im2col_overlapping_patch_gather,366_b37_value_driven_unswitch_run__c36_im2col_overlapping_patch_gather.c,value_driven_unswitch_run,im2col_overlapping_patch_gather,xlarge_DRAM,indirect-branch,compulsory+streaming (prefetch-friendly),qemu_user_mode,15.2.0,riscv64,8388608,8000000,2654435769,200000,7165380,834620,14486996407583080,PASS,1,0.045753365,0.045753365,0.0,0,,,,,,,,,,,,,,,,,,,0,qemu_guest_none
367_b37_value_driven_unswitch_run__c37_double_buffer_epoch_alternation,367_b37_value_driven_unswitch_run__c37_double_buffer_epoch_alternation.c,value_driven_unswitch_run,double_buffer_epoch_alternation,small_L1,indirect-branch,conflict+capacity (thrashing/alternation),qemu_user_mode,15.2.0,riscv64,4096,1000000,2654435769,100000,875065,124935,1736768109703661,PASS,1,0.003640843,0.003640843,0.0,0,,,,,,,,,,,,,,,,,,,0,qemu_guest_none
368_b37_value_driven_unswitch_run__c38_cuckoo_double_hash_probe,368_b37_value_driven_unswitch_run__c38_cuckoo_double_hash_probe.c,value_driven_unswitch_run,cuckoo_double_hash_probe,medium_L2,indirect-branch,capacity+compulsory (indirect gather/scatter),qemu_user_mode,15.2.0,riscv64,65536,3000000,2654435769,200000,2673045,326955,5369590813117891,PASS,1,0.013381643,0.013381643,0.0,0,,,,,,,,,,,,,,,,,,,0,qemu_guest_none
369_b37_value_driven_unswitch_run__c39_bounded_random_walk,369_b37_value_driven_unswitch_run__c39_bounded_random_walk.c,value_driven_unswitch_run,bounded_random_walk,large_L3,indirect-branch,capacity (uniform random),qemu_user_mode,15.2.0,riscv64,1048576,5000000,2654435769,200000,4472233,527767,9075575111636968,PASS,1,0.026253738,0.026253738,0.0,0,,,,,,,,,,,,,,,,,,,0,qemu_guest_none
370_b37_value_driven_unswitch_run__c40_causal_attention_triangular,370_b37_value_driven_unswitch_run__c40_causal_attention_triangular.c,value_driven_unswitch_run,causal_attention_triangular,xlarge_DRAM,indirect-branch,mixed/unclassified,qemu_user_mode,15.2.0,riscv64,8388608,8000000,2654435769,200000,7006210,993790,13974623103498734,PASS,1,0.072106144,0.072106144,0.0,0,,,,,,,,,,,,,,,,,,,0,qemu_guest_none
371_b38_decaying_hazard_probability__c31_fibonacci_stride,371_b38_decaying_hazard_probability__c31_fibonacci_stride.c,decaying_hazard_probability,fibonacci_stride,xlarge_DRAM,stochastic,compulsory+streaming (prefetch-friendly),qemu_user_mode,15.2.0,riscv64,8388608,8000000,2654435769,200000,898714,7101286,18441051440932002609,PASS,1,0.20898217,0.20898217,0.0,0,,,,,,,,,,,,,,,,,,,0,qemu_guest_none
372_b38_decaying_hazard_probability__c32_hilbert_curve_traversal,372_b38_decaying_hazard_probability__c32_hilbert_curve_traversal.c,decaying_hazard_probability,hilbert_curve_traversal,small_L1,stochastic,mixed spatial (traversal-order dependent),qemu_user_mode,15.2.0,riscv64,4096,1000000,2654435769,100000,112693,887307,18446037546434449235,PASS,1,0.044448149,0.044448149,0.0,0,,,,,,,,,,,,,,,,,,,0,qemu_guest_none
373_b38_decaying_hazard_probability__c33_cache_set_conflict_stress,373_b38_decaying_hazard_probability__c33_cache_set_conflict_stress.c,decaying_hazard_probability,cache_set_conflict_stress,medium_L2,stochastic,conflict/associativity,qemu_user_mode,15.2.0,riscv64,65536,3000000,2654435769,200000,337671,2662329,18444603677354492930,PASS,1,0.01509542,0.01509542,0.0,0,,,,,,,,,,,,,,,,,,,0,qemu_guest_none
374_b38_decaying_hazard_probability__c34_variable_length_burst_reuse,374_b38_decaying_hazard_probability__c34_variable_length_burst_reuse.c,decaying_hazard_probability,variable_length_burst_reuse,large_L3,stochastic,capacity (uniform random),qemu_user_mode,15.2.0,riscv64,1048576,5000000,2654435769,200000,561413,4438587,18443182206207782509,PASS,1,0.034262756,0.034262756,0.0,0,,,,,,,,,,,,,,,,,,,0,qemu_guest_none
375_b38_decaying_hazard_probability__c35_checkerboard_red_black,375_b38_decaying_hazard_probability__c35_checkerboard_red_black.c,decaying_hazard_probability,checkerboard_red_black,xlarge_DRAM,stochastic,mixed spatial (traversal-order dependent),qemu_user_mode,15.2.0,riscv64,8388608,8000000,2654435769,200000,898714,7101286,18441050355037688723,PASS,1,0.078534911,0.078534911,0.0,0,,,,,,,,,,,,,,,,,,,0,qemu_guest_none
376_b38_decaying_hazard_probability__c36_im2col_overlapping_patch_gather,376_b38_decaying_hazard_probability__c36_im2col_overlapping_patch_gather.c,decaying_hazard_probability,im2col_overlapping_patch_gather,small_L1,stochastic,compulsory+streaming (prefetch-friendly),qemu_user_mode,15.2.0,riscv64,4096,1000000,2654435769,100000,112693,887307,18446037064010671382,PASS,1,0.006701445,0.006701445,0.0,0,,,,,,,,,,,,,,,,,,,0,qemu_guest_none
377_b38_decaying_hazard_probability__c37_double_buffer_epoch_alternation,377_b38_decaying_hazard_probability__c37_double_buffer_epoch_alternation.c,decaying_hazard_probability,double_buffer_epoch_alternation,medium_L2,stochastic,conflict+capacity (thrashing/alternation),qemu_user_mode,15.2.0,riscv64,65536,3000000,2654435769,200000,337671,2662329,18444619046804930634,PASS,1,0.014467916,0.014467916,0.0,0,,,,,,,,,,,,,,,,,,,0,qemu_guest_none
378_b38_decaying_hazard_probability__c38_cuckoo_double_hash_probe,378_b38_decaying_hazard_probability__c38_cuckoo_double_hash_probe.c,decaying_hazard_probability,cuckoo_double_hash_probe,large_L3,stochastic,capacity+compulsory (indirect gather/scatter),qemu_user_mode,15.2.0,riscv64,1048576,5000000,2654435769,200000,561413,4438587,18443183080065315909,PASS,1,0.035496418,0.035496418,0.0,0,,,,,,,,,,,,,,,,,,,0,qemu_guest_none
379_b38_decaying_hazard_probability__c39_bounded_random_walk,379_b38_decaying_hazard_probability__c39_bounded_random_walk.c,decaying_hazard_probability,bounded_random_walk,xlarge_DRAM,stochastic,capacity (uniform random),qemu_user_mode,15.2.0,riscv64,8388608,8000000,2654435769,200000,898714,7101286,18441042676264420253,PASS,1,0.048219987,0.048219987,0.0,0,,,,,,,,,,,,,,,,,,,0,qemu_guest_none
380_b38_decaying_hazard_probability__c40_causal_attention_triangular,380_b38_decaying_hazard_probability__c40_causal_attention_triangular.c,decaying_hazard_probability,causal_attention_triangular,small_L1,stochastic,mixed/unclassified,qemu_user_mode,15.2.0,riscv64,4096,1000000,2654435769,100000,112693,887307,18446048130428101898,PASS,1,0.009784367,0.009784367,0.0,0,,,,,,,,,,,,,,,,,,,0,qemu_guest_none
381_b39_dual_lcg_xor_chaos__c31_fibonacci_stride,381_b39_dual_lcg_xor_chaos__c31_fibonacci_stride.c,dual_lcg_xor_chaos,fibonacci_stride,small_L1,stochastic,compulsory+streaming (prefetch-friendly),qemu_user_mode,15.2.0,riscv64,4096,1000000,2654435769,100000,0,1000000,18445629886005817531,PASS,1,0.005109025,0.005109025,0.0,0,,,,,,,,,,,,,,,,,,,0,qemu_guest_none
382_b39_dual_lcg_xor_chaos__c32_hilbert_curve_traversal,382_b39_dual_lcg_xor_chaos__c32_hilbert_curve_traversal.c,dual_lcg_xor_chaos,hilbert_curve_traversal,medium_L2,stochastic,mixed spatial (traversal-order dependent),qemu_user_mode,15.2.0,riscv64,65536,3000000,2654435769,200000,0,3000000,18443534772984673600,PASS,1,0.143319386,0.143319386,0.0,0,,,,,,,,,,,,,,,,,,,0,qemu_guest_none
383_b39_dual_lcg_xor_chaos__c33_cache_set_conflict_stress,383_b39_dual_lcg_xor_chaos__c33_cache_set_conflict_stress.c,dual_lcg_xor_chaos,cache_set_conflict_stress,large_L3,stochastic,conflict/associativity,qemu_user_mode,15.2.0,riscv64,1048576,5000000,2654435769,200000,0,5000000,18441427249359854848,PASS,1,0.023654513,0.023654513,0.0,0,,,,,,,,,,,,,,,,,,,0,qemu_guest_none
384_b39_dual_lcg_xor_chaos__c34_variable_length_burst_reuse,384_b39_dual_lcg_xor_chaos__c34_variable_length_burst_reuse.c,dual_lcg_xor_chaos,variable_length_burst_reuse,xlarge_DRAM,stochastic,capacity (uniform random),qemu_user_mode,15.2.0,riscv64,8388608,8000000,2654435769,200000,0,8000000,18438157318012118530,PASS,1,0.088465957,0.088465957,0.0,0,,,,,,,,,,,,,,,,,,,0,qemu_guest_none
385_b39_dual_lcg_xor_chaos__c35_checkerboard_red_black,385_b39_dual_lcg_xor_chaos__c35_checkerboard_red_black.c,dual_lcg_xor_chaos,checkerboard_red_black,small_L1,stochastic,mixed spatial (traversal-order dependent),qemu_user_mode,15.2.0,riscv64,4096,1000000,2654435769,100000,0,1000000,18445686380938138212,PASS,1,0.0117462,0.0117462,0.0,0,,,,,,,,,,,,,,,,,,,0,qemu_guest_none
386_b39_dual_lcg_xor_chaos__c36_im2col_overlapping_patch_gather,386_b39_dual_lcg_xor_chaos__c36_im2col_overlapping_patch_gather.c,dual_lcg_xor_chaos,im2col_overlapping_patch_gather,medium_L2,stochastic,compulsory+streaming (prefetch-friendly),qemu_user_mode,15.2.0,riscv64,65536,3000000,2654435769,200000,0,3000000,18443534858630596610,PASS,1,0.016283921,0.016283921,0.0,0,,,,,,,,,,,,,,,,,,,0,qemu_guest_none
387_b39_dual_lcg_xor_chaos__c37_double_buffer_epoch_alternation,387_b39_dual_lcg_xor_chaos__c37_double_buffer_epoch_alternation.c,dual_lcg_xor_chaos,double_buffer_epoch_alternation,large_L3,stochastic,conflict+capacity (thrashing/alternation),qemu_user_mode,15.2.0,riscv64,1048576,5000000,2654435769,200000,0,5000000,18441376589199386336,PASS,1,0.023120603,0.023120603,0.0,0,,,,,,,,,,,,,,,,,,,0,qemu_guest_none
388_b39_dual_lcg_xor_chaos__c38_cuckoo_double_hash_probe,388_b39_dual_lcg_xor_chaos__c38_cuckoo_double_hash_probe.c,dual_lcg_xor_chaos,cuckoo_double_hash_probe,xlarge_DRAM,stochastic,capacity+compulsory (indirect gather/scatter),qemu_user_mode,15.2.0,riscv64,8388608,8000000,2654435769,200000,0,8000000,18438154355813244660,PASS,1,0.213023193,0.213023193,0.0,0,,,,,,,,,,,,,,,,,,,0,qemu_guest_none
389_b39_dual_lcg_xor_chaos__c39_bounded_random_walk,389_b39_dual_lcg_xor_chaos__c39_bounded_random_walk.c,dual_lcg_xor_chaos,bounded_random_walk,small_L1,stochastic,capacity (uniform random),qemu_user_mode,15.2.0,riscv64,4096,1000000,2654435769,100000,0,1000000,18445690507897649837,PASS,1,0.004908313,0.004908313,0.0,0,,,,,,,,,,,,,,,,,,,0,qemu_guest_none
390_b39_dual_lcg_xor_chaos__c40_causal_attention_triangular,390_b39_dual_lcg_xor_chaos__c40_causal_attention_triangular.c,dual_lcg_xor_chaos,causal_attention_triangular,medium_L2,stochastic,mixed/unclassified,qemu_user_mode,15.2.0,riscv64,65536,3000000,2654435769,200000,0,3000000,18443524384873249082,PASS,1,0.024993708,0.024993708,0.0,0,,,,,,,,,,,,,,,,,,,0,qemu_guest_none
391_b40_collatz_value_transform__c31_fibonacci_stride,391_b40_collatz_value_transform__c31_fibonacci_stride.c,collatz_value_transform,fibonacci_stride,medium_L2,value-dependent,compulsory+streaming (prefetch-friendly),qemu_user_mode,15.2.0,riscv64,65536,3000000,2654435769,200000,0,3000000,18443522182673713599,PASS,1,0.008813471,0.008813471,0.0,0,,,,,,,,,,,,,,,,,,,0,qemu_guest_none
392_b40_collatz_value_transform__c32_hilbert_curve_traversal,392_b40_collatz_value_transform__c32_hilbert_curve_traversal.c,collatz_value_transform,hilbert_curve_traversal,large_L3,value-dependent,mixed spatial (traversal-order dependent),qemu_user_mode,15.2.0,riscv64,1048576,5000000,2654435769,200000,0,5000000,18441378066004858112,PASS,1,0.264140784,0.264140784,0.0,0,,,,,,,,,,,,,,,,,,,0,qemu_guest_none
393_b40_collatz_value_transform__c33_cache_set_conflict_stress,393_b40_collatz_value_transform__c33_cache_set_conflict_stress.c,collatz_value_transform,cache_set_conflict_stress,xlarge_DRAM,value-dependent,conflict/associativity,qemu_user_mode,15.2.0,riscv64,8388608,8000000,2654435769,200000,0,8000000,18438153542322409984,PASS,1,0.047951238,0.047951238,0.0,0,,,,,,,,,,,,,,,,,,,0,qemu_guest_none
394_b40_collatz_value_transform__c34_variable_length_burst_reuse,394_b40_collatz_value_transform__c34_variable_length_burst_reuse.c,collatz_value_transform,variable_length_burst_reuse,small_L1,value-dependent,capacity (uniform random),qemu_user_mode,15.2.0,riscv64,4096,1000000,2654435769,100000,0,1000000,18445670974343958868,PASS,1,0.002754823,0.002754823,0.0,0,,,,,,,,,,,,,,,,,,,0,qemu_guest_none
395_b40_collatz_value_transform__c35_checkerboard_red_black,395_b40_collatz_value_transform__c35_checkerboard_red_black.c,collatz_value_transform,checkerboard_red_black,medium_L2,value-dependent,mixed spatial (traversal-order dependent),qemu_user_mode,15.2.0,riscv64,65536,3000000,2654435769,200000,0,3000000,18443524546547037752,PASS,1,0.028443792,0.028443792,0.0,0,,,,,,,,,,,,,,,,,,,0,qemu_guest_none
396_b40_collatz_value_transform__c36_im2col_overlapping_patch_gather,396_b40_collatz_value_transform__c36_im2col_overlapping_patch_gather.c,collatz_value_transform,im2col_overlapping_patch_gather,large_L3,value-dependent,compulsory+streaming (prefetch-friendly),qemu_user_mode,15.2.0,riscv64,1048576,5000000,2654435769,200000,0,5000000,18441378869394414020,PASS,1,0.012177628,0.012177628,0.0,0,,,,,,,,,,,,,,,,,,,0,qemu_guest_none
397_b40_collatz_value_transform__c37_double_buffer_epoch_alternation,397_b40_collatz_value_transform__c37_double_buffer_epoch_alternation.c,collatz_value_transform,double_buffer_epoch_alternation,xlarge_DRAM,value-dependent,conflict+capacity (thrashing/alternation),qemu_user_mode,15.2.0,riscv64,8388608,8000000,2654435769,200000,0,8000000,18438156181883348864,PASS,1,0.017497573,0.017497573,0.0,0,,,,,,,,,,,,,,,,,,,0,qemu_guest_none
398_b40_collatz_value_transform__c38_cuckoo_double_hash_probe,398_b40_collatz_value_transform__c38_cuckoo_double_hash_probe.c,collatz_value_transform,cuckoo_double_hash_probe,small_L1,value-dependent,capacity+compulsory (indirect gather/scatter),qemu_user_mode,15.2.0,riscv64,4096,1000000,2654435769,100000,0,1000000,18445670838916132898,PASS,1,0.003232328,0.003232328,0.0,0,,,,,,,,,,,,,,,,,,,0,qemu_guest_none
399_b40_collatz_value_transform__c39_bounded_random_walk,399_b40_collatz_value_transform__c39_bounded_random_walk.c,collatz_value_transform,bounded_random_walk,medium_L2,value-dependent,capacity (uniform random),qemu_user_mode,15.2.0,riscv64,65536,3000000,2654435769,200000,0,3000000,18443522938318942981,PASS,1,0.010472824,0.010472824,0.0,0,,,,,,,,,,,,,,,,,,,0,qemu_guest_none
400_b40_collatz_value_transform__c40_causal_attention_triangular,400_b40_collatz_value_transform__c40_causal_attention_triangular.c,collatz_value_transform,causal_attention_triangular,large_L3,value-dependent,mixed/unclassified,qemu_user_mode,15.2.0,riscv64,1048576,5000000,2654435769,200000,0,5000000,18441377906131737474,PASS,1,0.043113181,0.043113181,0.0,0,,,,,,,,,,,,,,,,,,,0,qemu_guest_none
401_b41_markov_chain_3state__c41_skip_list_multilevel_hop,401_b41_markov_chain_3state__c41_skip_list_multilevel_hop.c,markov_chain_3state,skip_list_multilevel_hop,small_L1,history-correlated,"compulsory+latency-bound (dependent loads, no prefetch)",qemu_user_mode,15.2.0,riscv64,4096,1000000,2654435769,100000,111541,888459,18446038962789238665,PASS,1,0.008803783,0.008803783,0.0,0,,,,,,,,,,,,,,,,,,,0,qemu_guest_none
402_b41_markov_chain_3state__c42_cache_oblivious_funnel_stride,402_b41_markov_chain_3state__c42_cache_oblivious_funnel_stride.c,markov_chain_3state,cache_oblivious_funnel_stride,medium_L2,history-correlated,compulsory+streaming (prefetch-friendly),qemu_user_mode,15.2.0,riscv64,65536,3000000,2654435769,200000,333932,2666068,18444606130086138221,PASS,1,0.073934049,0.073934049,0.0,0,,,,,,,,,,,,,,,,,,,0,qemu_guest_none
403_b41_markov_chain_3state__c43_whole_buffer_rotation,403_b41_markov_chain_3state__c43_whole_buffer_rotation.c,markov_chain_3state,whole_buffer_rotation,large_L3,history-correlated,mixed/unclassified,qemu_user_mode,15.2.0,riscv64,1048576,5000000,2654435769,200000,556257,4443743,18443167156161425703,PASS,1,0.037192831,0.037192831,0.0,0,,,,,,,,,,,,,,,,,,,0,qemu_guest_none
404_b41_markov_chain_3state__c44_naive_gemm_row_col_alternation,404_b41_markov_chain_3state__c44_naive_gemm_row_col_alternation.c,markov_chain_3state,naive_gemm_row_col_alternation,xlarge_DRAM,history-correlated,compulsory+streaming (prefetch-friendly),qemu_user_mode,15.2.0,riscv64,8388608,8000000,2654435769,200000,890586,7109414,18441020929559625519,PASS,1,0.209255602,0.209255602,0.0,0,,,,,,,,,,,,,,,,,,,0,qemu_guest_none
405_b41_markov_chain_3state__c45_read_hot_write_cold_split,405_b41_markov_chain_3state__c45_read_hot_write_cold_split.c,markov_chain_3state,read_hot_write_cold_split,small_L1,history-correlated,temporal reuse (skewed/hot-set),qemu_user_mode,15.2.0,riscv64,4096,1000000,2654435769,100000,111541,888459,18446025902419674340,PASS,1,0.009039569,0.009039569,0.0,0,,,,,,,,,,,,,,,,,,,0,qemu_guest_none
406_b41_markov_chain_3state__c46_cantor_gap_sparse,406_b41_markov_chain_3state__c46_cantor_gap_sparse.c,markov_chain_3state,cantor_gap_sparse,medium_L2,history-correlated,"compulsory (sparse, low reuse)",qemu_user_mode,15.2.0,riscv64,65536,3000000,2654435769,200000,333932,2666068,18444607119907997790,PASS,1,0.077672745,0.077672745,0.0,0,,,,,,,,,,,,,,,,,,,0,qemu_guest_none
407_b41_markov_chain_3state__c47_false_sharing_line_cycle,407_b41_markov_chain_3state__c47_false_sharing_line_cycle.c,markov_chain_3state,false_sharing_line_cycle,large_L3,history-correlated,conflict/associativity,qemu_user_mode,15.2.0,riscv64,1048576,5000000,2654435769,200000,556257,4443743,18443168304014351138,PASS,1,0.039252529,0.039252529,0.0,0,,,,,,,,,,,,,,,,,,,0,qemu_guest_none
408_b41_markov_chain_3state__c48_exponential_backoff_probe,408_b41_markov_chain_3state__c48_exponential_backoff_probe.c,markov_chain_3state,exponential_backoff_probe,xlarge_DRAM,history-correlated,capacity (uniform random),qemu_user_mode,15.2.0,riscv64,8388608,8000000,2654435769,200000,890586,7109414,18441028390451481445,PASS,1,0.146211727,0.146211727,0.0,0,,,,,,,,,,,,,,,,,,,0,qemu_guest_none
409_b41_markov_chain_3state__c49_binary_heap_parent_child,409_b41_markov_chain_3state__c49_binary_heap_parent_child.c,markov_chain_3state,binary_heap_parent_child,small_L1,history-correlated,capacity (uniform random),qemu_user_mode,15.2.0,riscv64,4096,1000000,2654435769,100000,111541,888459,18446039106522869080,PASS,1,0.019070638,0.019070638,0.0,0,,,,,,,,,,,,,,,,,,,0,qemu_guest_none
410_b41_markov_chain_3state__c50_streaming_with_periodic_flush,410_b41_markov_chain_3state__c50_streaming_with_periodic_flush.c,markov_chain_3state,streaming_with_periodic_flush,medium_L2,history-correlated,compulsory+streaming (prefetch-friendly),qemu_user_mode,15.2.0,riscv64,65536,3000000,2654435769,200000,333932,2666068,18444605631826432670,PASS,1,0.025837666,0.025837666,0.0,0,,,,,,,,,,,,,,,,,,,0,qemu_guest_none
411_b42_bit_reversal_index_data_mix__c41_skip_list_multilevel_hop,411_b42_bit_reversal_index_data_mix__c41_skip_list_multilevel_hop.c,bit_reversal_index_data_mix,skip_list_multilevel_hop,medium_L2,history-correlated,"compulsory+latency-bound (dependent loads, no prefetch)",qemu_user_mode,15.2.0,riscv64,65536,3000000,2654435769,200000,1515904,1484096,18446000512949640689,PASS,1,0.036901337,0.036901337,0.0,0,,,,,,,,,,,,,,,,,,,0,qemu_guest_none
412_b42_bit_reversal_index_data_mix__c42_cache_oblivious_funnel_stride,412_b42_bit_reversal_index_data_mix__c42_cache_oblivious_funnel_stride.c,bit_reversal_index_data_mix,cache_oblivious_funnel_stride,large_L3,history-correlated,compulsory+streaming (prefetch-friendly),qemu_user_mode,15.2.0,riscv64,1048576,5000000,2654435769,200000,2496059,2503941,18445392264509425614,PASS,1,0.159376309,0.159376309,0.0,0,,,,,,,,,,,,,,,,,,,0,qemu_guest_none
413_b42_bit_reversal_index_data_mix__c43_whole_buffer_rotation,413_b42_bit_reversal_index_data_mix__c43_whole_buffer_rotation.c,bit_reversal_index_data_mix,whole_buffer_rotation,xlarge_DRAM,history-correlated,mixed/unclassified,qemu_user_mode,15.2.0,riscv64,8388608,8000000,2654435769,200000,4003276,3996724,18444606187939462711,PASS,1,0.071879924,0.071879924,0.0,0,,,,,,,,,,,,,,,,,,,0,qemu_guest_none
414_b42_bit_reversal_index_data_mix__c44_naive_gemm_row_col_alternation,414_b42_bit_reversal_index_data_mix__c44_naive_gemm_row_col_alternation.c,bit_reversal_index_data_mix,naive_gemm_row_col_alternation,small_L1,history-correlated,compulsory+streaming (prefetch-friendly),qemu_user_mode,15.2.0,riscv64,4096,1000000,2654435769,100000,508801,491199,18446491172593526496,PASS,1,0.010898735,0.010898735,0.0,0,,,,,,,,,,,,,,,,,,,0,qemu_guest_none
415_b42_bit_reversal_index_data_mix__c45_read_hot_write_cold_split,415_b42_bit_reversal_index_data_mix__c45_read_hot_write_cold_split.c,bit_reversal_index_data_mix,read_hot_write_cold_split,medium_L2,history-correlated,temporal reuse (skewed/hot-set),qemu_user_mode,15.2.0,riscv64,65536,3000000,2654435769,200000,1519552,1480448,18445994246341313467,PASS,1,0.033086036,0.033086036,0.0,0,,,,,,,,,,,,,,,,,,,0,qemu_guest_none
416_b42_bit_reversal_index_data_mix__c46_cantor_gap_sparse,416_b42_bit_reversal_index_data_mix__c46_cantor_gap_sparse.c,bit_reversal_index_data_mix,cantor_gap_sparse,large_L3,history-correlated,"compulsory (sparse, low reuse)",qemu_user_mode,15.2.0,riscv64,1048576,5000000,2654435769,200000,2501236,2498764,18445406582421751181,PASS,1,0.138037143,0.138037143,0.0,0,,,,,,,,,,,,,,,,,,,0,qemu_guest_none
417_b42_bit_reversal_index_data_mix__c47_false_sharing_line_cycle,417_b42_bit_reversal_index_data_mix__c47_false_sharing_line_cycle.c,bit_reversal_index_data_mix,false_sharing_line_cycle,xlarge_DRAM,history-correlated,conflict/associativity,qemu_user_mode,15.2.0,riscv64,8388608,8000000,2654435769,200000,4001642,3998358,18444607115600411211,PASS,1,0.087582687,0.087582687,0.0,0,,,,,,,,,,,,,,,,,,,0,qemu_guest_none
418_b42_bit_reversal_index_data_mix__c48_exponential_backoff_probe,418_b42_bit_reversal_index_data_mix__c48_exponential_backoff_probe.c,bit_reversal_index_data_mix,exponential_backoff_probe,small_L1,history-correlated,capacity (uniform random),qemu_user_mode,15.2.0,riscv64,4096,1000000,2654435769,100000,511435,488565,18446513271134093042,PASS,1,0.006886058,0.006886058,0.0,0,,,,,,,,,,,,,,,,,,,0,qemu_guest_none
419_b42_bit_reversal_index_data_mix__c49_binary_heap_parent_child,419_b42_bit_reversal_index_data_mix__c49_binary_heap_parent_child.c,bit_reversal_index_data_mix,binary_heap_parent_child,medium_L2,history-correlated,capacity (uniform random),qemu_user_mode,15.2.0,riscv64,65536,3000000,2654435769,200000,1570254,1429746,18446012908133022060,PASS,1,0.053180366,0.053180366,0.0,0,,,,,,,,,,,,,,,,,,,0,qemu_guest_none
420_b42_bit_reversal_index_data_mix__c50_streaming_with_periodic_flush,420_b42_bit_reversal_index_data_mix__c50_streaming_with_periodic_flush.c,bit_reversal_index_data_mix,streaming_with_periodic_flush,large_L3,history-correlated,compulsory+streaming (prefetch-friendly),qemu_user_mode,15.2.0,riscv64,1048576,5000000,2654435769,200000,2501510,2498490,18445407620027356820,PASS,1,0.056449,0.056449,0.0,0,,,,,,,,,,,,,,,,,,,0,qemu_guest_none
421_b43_moving_average_threshold__c41_skip_list_multilevel_hop,421_b43_moving_average_threshold__c41_skip_list_multilevel_hop.c,moving_average_threshold,skip_list_multilevel_hop,large_L3,value-dependent,"compulsory+latency-bound (dependent loads, no prefetch)",qemu_user_mode,15.2.0,riscv64,1048576,5000000,2654435769,200000,4374826,625174,10397239615701707,PASS,1,0.034368511,0.034368511,0.0,0,,,,,,,,,,,,,,,,,,,0,qemu_guest_none
422_b43_moving_average_threshold__c42_cache_oblivious_funnel_stride,422_b43_moving_average_threshold__c42_cache_oblivious_funnel_stride.c,moving_average_threshold,cache_oblivious_funnel_stride,xlarge_DRAM,value-dependent,compulsory+streaming (prefetch-friendly),qemu_user_mode,15.2.0,riscv64,8388608,8000000,2654435769,200000,6999376,1000624,16630122820575262,PASS,1,0.158664969,0.158664969,0.0,0,,,,,,,,,,,,,,,,,,,0,qemu_guest_none
423_b43_moving_average_threshold__c43_whole_buffer_rotation,423_b43_moving_average_threshold__c43_whole_buffer_rotation.c,moving_average_threshold,whole_buffer_rotation,small_L1,value-dependent,mixed/unclassified,qemu_user_mode,15.2.0,riscv64,4096,1000000,2654435769,100000,874268,125732,2068694039968383,PASS,1,0.005493904,0.005493904,0.0,0,,,,,,,,,,,,,,,,,,,0,qemu_guest_none
424_b43_moving_average_threshold__c44_naive_gemm_row_col_alternation,424_b43_moving_average_threshold__c44_naive_gemm_row_col_alternation.c,moving_average_threshold,naive_gemm_row_col_alternation,medium_L2,value-dependent,compulsory+streaming (prefetch-friendly),qemu_user_mode,15.2.0,riscv64,65536,3000000,2654435769,200000,2623148,376852,6211990664702970,PASS,1,0.029842952,0.029842952,0.0,0,,,,,,,,,,,,,,,,,,,0,qemu_guest_none
425_b43_moving_average_threshold__c45_read_hot_write_cold_split,425_b43_moving_average_threshold__c45_read_hot_write_cold_split.c,moving_average_threshold,read_hot_write_cold_split,large_L3,value-dependent,temporal reuse (skewed/hot-set),qemu_user_mode,15.2.0,riscv64,1048576,5000000,2654435769,200000,4374541,625459,10393184941819464,PASS,1,0.030997465,0.030997465,0.0,0,,,,,,,,,,,,,,,,,,,0,qemu_guest_none
426_b43_moving_average_threshold__c46_cantor_gap_sparse,426_b43_moving_average_threshold__c46_cantor_gap_sparse.c,moving_average_threshold,cantor_gap_sparse,xlarge_DRAM,value-dependent,"compulsory (sparse, low reuse)",qemu_user_mode,15.2.0,riscv64,8388608,8000000,2654435769,200000,6998785,1001215,16635300809781694,PASS,1,0.165732142,0.165732142,0.0,0,,,,,,,,,,,,,,,,,,,0,qemu_guest_none
427_b43_moving_average_threshold__c47_false_sharing_line_cycle,427_b43_moving_average_threshold__c47_false_sharing_line_cycle.c,moving_average_threshold,false_sharing_line_cycle,small_L1,value-dependent,conflict/associativity,qemu_user_mode,15.2.0,riscv64,4096,1000000,2654435769,100000,874998,125002,2035745847138215,PASS,1,0.005539175,0.005539175,0.0,0,,,,,,,,,,,,,,,,,,,0,qemu_guest_none
428_b43_moving_average_threshold__c48_exponential_backoff_probe,428_b43_moving_average_threshold__c48_exponential_backoff_probe.c,moving_average_threshold,exponential_backoff_probe,medium_L2,value-dependent,capacity (uniform random),qemu_user_mode,15.2.0,riscv64,65536,3000000,2654435769,200000,2622707,377293,6225988376689506,PASS,1,0.019977232,0.019977232,0.0,0,,,,,,,,,,,,,,,,,,,0,qemu_guest_none
429_b43_moving_average_threshold__c49_binary_heap_parent_child,429_b43_moving_average_threshold__c49_binary_heap_parent_child.c,moving_average_threshold,binary_heap_parent_child,large_L3,value-dependent,capacity (uniform random),qemu_user_mode,15.2.0,riscv64,1048576,5000000,2654435769,200000,4424773,575227,10327119786522727,PASS,1,0.083475666,0.083475666,0.0,0,,,,,,,,,,,,,,,,,,,0,qemu_guest_none
430_b43_moving_average_threshold__c50_streaming_with_periodic_flush,430_b43_moving_average_threshold__c50_streaming_with_periodic_flush.c,moving_average_threshold,streaming_with_periodic_flush,xlarge_DRAM,value-dependent,compulsory+streaming (prefetch-friendly),qemu_user_mode,15.2.0,riscv64,8388608,8000000,2654435769,200000,7000255,999745,16635742927847584,PASS,1,0.048849974,0.048849974,0.0,0,,,,,,,,,,,,,,,,,,,0,qemu_guest_none
431_b44_exception_then_recovery_burst__c41_skip_list_multilevel_hop,431_b44_exception_then_recovery_burst__c41_skip_list_multilevel_hop.c,exception_then_recovery_burst,skip_list_multilevel_hop,xlarge_DRAM,stochastic,"compulsory+latency-bound (dependent loads, no prefetch)",qemu_user_mode,15.2.0,riscv64,8388608,8000000,2654435769,200000,7984372,15628,17122834356318946,PASS,1,0.046382826,0.046382826,0.0,0,,,,,,,,,,,,,,,,,,,0,qemu_guest_none
432_b44_exception_then_recovery_burst__c42_cache_oblivious_funnel_stride,432_b44_exception_then_recovery_burst__c42_cache_oblivious_funnel_stride.c,exception_then_recovery_burst,cache_oblivious_funnel_stride,small_L1,stochastic,compulsory+streaming (prefetch-friendly),qemu_user_mode,15.2.0,riscv64,4096,1000000,2654435769,100000,998044,1956,2123777487785760,PASS,1,0.016017081,0.016017081,0.0,0,,,,,,,,,,,,,,,,,,,0,qemu_guest_none
433_b44_exception_then_recovery_burst__c43_whole_buffer_rotation,433_b44_exception_then_recovery_burst__c43_whole_buffer_rotation.c,exception_then_recovery_burst,whole_buffer_rotation,medium_L2,stochastic,mixed/unclassified,qemu_user_mode,15.2.0,riscv64,65536,3000000,2654435769,200000,2994140,5860,6399547231957030,PASS,1,0.009669252,0.009669252,0.0,0,,,,,,,,,,,,,,,,,,,0,qemu_guest_none
434_b44_exception_then_recovery_burst__c44_naive_gemm_row_col_alternation,434_b44_exception_then_recovery_burst__c44_naive_gemm_row_col_alternation.c,exception_then_recovery_burst,naive_gemm_row_col_alternation,large_L3,stochastic,compulsory+streaming (prefetch-friendly),qemu_user_mode,15.2.0,riscv64,1048576,5000000,2654435769,200000,4990232,9768,10707330152151561,PASS,1,0.043940649,0.043940649,0.0,0,,,,,,,,,,,,,,,,,,,0,qemu_guest_none
435_b44_exception_then_recovery_burst__c45_read_hot_write_cold_split,435_b44_exception_then_recovery_burst__c45_read_hot_write_cold_split.c,exception_then_recovery_burst,read_hot_write_cold_split,xlarge_DRAM,stochastic,temporal reuse (skewed/hot-set),qemu_user_mode,15.2.0,riscv64,8388608,8000000,2654435769,200000,7984372,15628,17124677179494338,PASS,1,0.032725388,0.032725388,0.0,0,,,,,,,,,,,,,,,,,,,0,qemu_guest_none
436_b44_exception_then_recovery_burst__c46_cantor_gap_sparse,436_b44_exception_then_recovery_burst__c46_cantor_gap_sparse.c,exception_then_recovery_burst,cantor_gap_sparse,small_L1,stochastic,"compulsory (sparse, low reuse)",qemu_user_mode,15.2.0,riscv64,4096,1000000,2654435769,100000,998044,1956,2133265627342677,PASS,1,0.015995339,0.015995339,0.0,0,,,,,,,,,,,,,,,,,,,0,qemu_guest_none
437_b44_exception_then_recovery_burst__c47_false_sharing_line_cycle,437_b44_exception_then_recovery_burst__c47_false_sharing_line_cycle.c,exception_then_recovery_burst,false_sharing_line_cycle,medium_L2,stochastic,conflict/associativity,qemu_user_mode,15.2.0,riscv64,65536,3000000,2654435769,200000,2994140,5860,6359404578593278,PASS,1,0.010649171,0.010649171,0.0,0,,,,,,,,,,,,,,,,,,,0,qemu_guest_none
438_b44_exception_then_recovery_burst__c48_exponential_backoff_probe,438_b44_exception_then_recovery_burst__c48_exponential_backoff_probe.c,exception_then_recovery_burst,exponential_backoff_probe,large_L3,stochastic,capacity (uniform random),qemu_user_mode,15.2.0,riscv64,1048576,5000000,2654435769,200000,4990232,9768,10700671464704268,PASS,1,0.029582396,0.029582396,0.0,0,,,,,,,,,,,,,,,,,,,0,qemu_guest_none
439_b44_exception_then_recovery_burst__c49_binary_heap_parent_child,439_b44_exception_then_recovery_burst__c49_binary_heap_parent_child.c,exception_then_recovery_burst,binary_heap_parent_child,xlarge_DRAM,stochastic,capacity (uniform random),qemu_user_mode,15.2.0,riscv64,8388608,8000000,2654435769,200000,7984372,15628,16985009863670058,PASS,1,0.133012753,0.133012753,0.0,0,,,,,,,,,,,,,,,,,,,0,qemu_guest_none
440_b44_exception_then_recovery_burst__c50_streaming_with_periodic_flush,440_b44_exception_then_recovery_burst__c50_streaming_with_periodic_flush.c,exception_then_recovery_burst,streaming_with_periodic_flush,small_L1,stochastic,compulsory+streaming (prefetch-friendly),qemu_user_mode,15.2.0,riscv64,4096,1000000,2654435769,100000,998044,1956,2130754353973689,PASS,1,0.004038137,0.004038137,0.0,0,,,,,,,,,,,,,,,,,,,0,qemu_guest_none
441_b45_two_counters_race__c41_skip_list_multilevel_hop,441_b45_two_counters_race__c41_skip_list_multilevel_hop.c,two_counters_race,skip_list_multilevel_hop,small_L1,value-dependent,"compulsory+latency-bound (dependent loads, no prefetch)",qemu_user_mode,15.2.0,riscv64,4096,1000000,2654435769,100000,9,999991,18445684065962330037,PASS,1,0.005926857,0.005926857,0.0,0,,,,,,,,,,,,,,,,,,,0,qemu_guest_none
442_b45_two_counters_race__c42_cache_oblivious_funnel_stride,442_b45_two_counters_race__c42_cache_oblivious_funnel_stride.c,two_counters_race,cache_oblivious_funnel_stride,medium_L2,value-dependent,compulsory+streaming (prefetch-friendly),qemu_user_mode,15.2.0,riscv64,65536,3000000,2654435769,200000,0,3000000,18443534335646581790,PASS,1,0.052860412,0.052860412,0.0,0,,,,,,,,,,,,,,,,,,,0,qemu_guest_none
443_b45_two_counters_race__c43_whole_buffer_rotation,443_b45_two_counters_race__c43_whole_buffer_rotation.c,two_counters_race,whole_buffer_rotation,large_L3,value-dependent,mixed/unclassified,qemu_user_mode,15.2.0,riscv64,1048576,5000000,2654435769,200000,5,4999995,18441376611018016168,PASS,1,0.023161389,0.023161389,0.0,0,,,,,,,,,,,,,,,,,,,0,qemu_guest_none
444_b45_two_counters_race__c44_naive_gemm_row_col_alternation,444_b45_two_counters_race__c44_naive_gemm_row_col_alternation.c,two_counters_race,naive_gemm_row_col_alternation,xlarge_DRAM,value-dependent,compulsory+streaming (prefetch-friendly),qemu_user_mode,15.2.0,riscv64,8388608,8000000,2654435769,200000,6876898,1123102,13564944753978060,PASS,1,0.183720182,0.183720182,0.0,0,,,,,,,,,,,,,,,,,,,0,qemu_guest_none
445_b45_two_counters_race__c45_read_hot_write_cold_split,445_b45_two_counters_race__c45_read_hot_write_cold_split.c,two_counters_race,read_hot_write_cold_split,small_L1,value-dependent,temporal reuse (skewed/hot-set),qemu_user_mode,15.2.0,riscv64,4096,1000000,2654435769,100000,6,999994,18445664453073974732,PASS,1,0.005065004,0.005065004,0.0,0,,,,,,,,,,,,,,,,,,,0,qemu_guest_none
446_b45_two_counters_race__c46_cantor_gap_sparse,446_b45_two_counters_race__c46_cantor_gap_sparse.c,two_counters_race,cantor_gap_sparse,medium_L2,value-dependent,"compulsory (sparse, low reuse)",qemu_user_mode,15.2.0,riscv64,65536,3000000,2654435769,200000,68,2999932,18443536130600645098,PASS,1,0.052561089,0.052561089,0.0,0,,,,,,,,,,,,,,,,,,,0,qemu_guest_none
447_b45_two_counters_race__c47_false_sharing_line_cycle,447_b45_two_counters_race__c47_false_sharing_line_cycle.c,two_counters_race,false_sharing_line_cycle,large_L3,value-dependent,conflict/associativity,qemu_user_mode,15.2.0,riscv64,1048576,5000000,2654435769,200000,979651,4020349,18444532102341127217,PASS,1,0.024252345,0.024252345,0.0,0,,,,,,,,,,,,,,,,,,,0,qemu_guest_none
448_b45_two_counters_race__c48_exponential_backoff_probe,448_b45_two_counters_race__c48_exponential_backoff_probe.c,two_counters_race,exponential_backoff_probe,xlarge_DRAM,value-dependent,capacity (uniform random),qemu_user_mode,15.2.0,riscv64,8388608,8000000,2654435769,200000,0,8000000,18438163817792628223,PASS,1,0.144126482,0.144126482,0.0,0,,,,,,,,,,,,,,,,,,,0,qemu_guest_none
449_b45_two_counters_race__c49_binary_heap_parent_child,449_b45_two_counters_race__c49_binary_heap_parent_child.c,two_counters_race,binary_heap_parent_child,small_L1,value-dependent,capacity (uniform random),qemu_user_mode,15.2.0,riscv64,4096,1000000,2654435769,100000,1,999999,18445684647453652797,PASS,1,0.01846976,0.01846976,0.0,0,,,,,,,,,,,,,,,,,,,0,qemu_guest_none
450_b45_two_counters_race__c50_streaming_with_periodic_flush,450_b45_two_counters_race__c50_streaming_with_periodic_flush.c,two_counters_race,streaming_with_periodic_flush,medium_L2,value-dependent,compulsory+streaming (prefetch-friendly),qemu_user_mode,15.2.0,riscv64,65536,3000000,2654435769,200000,29,2999971,18443535105915644779,PASS,1,0.01533417,0.01533417,0.0,0,,,,,,,,,,,,,,,,,,,0,qemu_guest_none
451_b46_lookup_table_driven__c41_skip_list_multilevel_hop,451_b46_lookup_table_driven__c41_skip_list_multilevel_hop.c,lookup_table_driven,skip_list_multilevel_hop,medium_L2,stochastic,"compulsory+latency-bound (dependent loads, no prefetch)",qemu_user_mode,15.2.0,riscv64,65536,3000000,2654435769,200000,1629650,1370350,2018389729670769,PASS,1,0.016798799,0.016798799,0.0,0,,,,,,,,,,,,,,,,,,,0,qemu_guest_none
452_b46_lookup_table_driven__c42_cache_oblivious_funnel_stride,452_b46_lookup_table_driven__c42_cache_oblivious_funnel_stride.c,lookup_table_driven,cache_oblivious_funnel_stride,large_L3,stochastic,compulsory+streaming (prefetch-friendly),qemu_user_mode,15.2.0,riscv64,1048576,5000000,2654435769,200000,2713696,2286304,3375485493888348,PASS,1,0.107332553,0.107332553,0.0,0,,,,,,,,,,,,,,,,,,,0,qemu_guest_none
453_b46_lookup_table_driven__c43_whole_buffer_rotation,453_b46_lookup_table_driven__c43_whole_buffer_rotation.c,lookup_table_driven,whole_buffer_rotation,xlarge_DRAM,stochastic,mixed/unclassified,qemu_user_mode,15.2.0,riscv64,8388608,8000000,2654435769,200000,4343755,3656245,5400467576630197,PASS,1,0.022934016,0.022934016,0.0,0,,,,,,,,,,,,,,,,,,,0,qemu_guest_none
454_b46_lookup_table_driven__c44_naive_gemm_row_col_alternation,454_b46_lookup_table_driven__c44_naive_gemm_row_col_alternation.c,lookup_table_driven,naive_gemm_row_col_alternation,small_L1,stochastic,compulsory+streaming (prefetch-friendly),qemu_user_mode,15.2.0,riscv64,4096,1000000,2654435769,100000,542921,457079,672357836093725,PASS,1,0.012544329,0.012544329,0.0,0,,,,,,,,,,,,,,,,,,,0,qemu_guest_none
455_b46_lookup_table_driven__c45_read_hot_write_cold_split,455_b46_lookup_table_driven__c45_read_hot_write_cold_split.c,lookup_table_driven,read_hot_write_cold_split,medium_L2,stochastic,temporal reuse (skewed/hot-set),qemu_user_mode,15.2.0,riscv64,65536,3000000,2654435769,200000,1628897,1371103,2014006349135855,PASS,1,0.017248489,0.017248489,0.0,0,,,,,,,,,,,,,,,,,,,0,qemu_guest_none
456_b46_lookup_table_driven__c46_cantor_gap_sparse,456_b46_lookup_table_driven__c46_cantor_gap_sparse.c,lookup_table_driven,cantor_gap_sparse,large_L3,stochastic,"compulsory (sparse, low reuse)",qemu_user_mode,15.2.0,riscv64,1048576,5000000,2654435769,200000,2714742,2285258,3373960340601633,PASS,1,0.128926606,0.128926606,0.0,0,,,,,,,,,,,,,,,,,,,0,qemu_guest_none
457_b46_lookup_table_driven__c47_false_sharing_line_cycle,457_b46_lookup_table_driven__c47_false_sharing_line_cycle.c,lookup_table_driven,false_sharing_line_cycle,xlarge_DRAM,stochastic,conflict/associativity,qemu_user_mode,15.2.0,riscv64,8388608,8000000,2654435769,200000,4379999,3620001,5522245936832246,PASS,1,0.031145003,0.031145003,0.0,0,,,,,,,,,,,,,,,,,,,0,qemu_guest_none
458_b46_lookup_table_driven__c48_exponential_backoff_probe,458_b46_lookup_table_driven__c48_exponential_backoff_probe.c,lookup_table_driven,exponential_backoff_probe,small_L1,stochastic,capacity (uniform random),qemu_user_mode,15.2.0,riscv64,4096,1000000,2654435769,100000,542935,457065,672449107077052,PASS,1,0.008285599,0.008285599,0.0,0,,,,,,,,,,,,,,,,,,,0,qemu_guest_none
459_b46_lookup_table_driven__c49_binary_heap_parent_child,459_b46_lookup_table_driven__c49_binary_heap_parent_child.c,lookup_table_driven,binary_heap_parent_child,medium_L2,stochastic,capacity (uniform random),qemu_user_mode,15.2.0,riscv64,65536,3000000,2654435769,200000,1629227,1370773,2001843502548681,PASS,1,0.057902557,0.057902557,0.0,0,,,,,,,,,,,,,,,,,,,0,qemu_guest_none
460_b46_lookup_table_driven__c50_streaming_with_periodic_flush,460_b46_lookup_table_driven__c50_streaming_with_periodic_flush.c,lookup_table_driven,streaming_with_periodic_flush,large_L3,stochastic,compulsory+streaming (prefetch-friendly),qemu_user_mode,15.2.0,riscv64,1048576,5000000,2654435769,200000,2714853,2285147,3374490225601867,PASS,1,0.021099326,0.021099326,0.0,0,,,,,,,,,,,,,,,,,,,0,qemu_guest_none
461_b47_mutual_ping_pong_recursion__c41_skip_list_multilevel_hop,461_b47_mutual_ping_pong_recursion__c41_skip_list_multilevel_hop.c,mutual_ping_pong_recursion,skip_list_multilevel_hop,large_L3,control-flow/call-return,"compulsory+latency-bound (dependent loads, no prefetch)",qemu_user_mode,15.2.0,riscv64,1048576,5000000,2654435769,200000,3815221,1184779,6915344593725779,PASS,1,0.161702779,0.161702779,0.0,0,,,,,,,,,,,,,,,,,,,0,qemu_guest_none
462_b47_mutual_ping_pong_recursion__c42_cache_oblivious_funnel_stride,462_b47_mutual_ping_pong_recursion__c42_cache_oblivious_funnel_stride.c,mutual_ping_pong_recursion,cache_oblivious_funnel_stride,xlarge_DRAM,control-flow/call-return,compulsory+streaming (prefetch-friendly),qemu_user_mode,15.2.0,riscv64,8388608,8000000,2654435769,200000,5821413,2178587,10156128847549467,PASS,1,0.386344278,0.386344278,0.0,0,,,,,,,,,,,,,,,,,,,0,qemu_guest_none
463_b47_mutual_ping_pong_recursion__c43_whole_buffer_rotation,463_b47_mutual_ping_pong_recursion__c43_whole_buffer_rotation.c,mutual_ping_pong_recursion,whole_buffer_rotation,small_L1,control-flow/call-return,mixed/unclassified,qemu_user_mode,15.2.0,riscv64,4096,1000000,2654435769,100000,799944,200056,1495298343942652,PASS,1,0.027893647,0.027893647,0.0,0,,,,,,,,,,,,,,,,,,,0,qemu_guest_none
464_b47_mutual_ping_pong_recursion__c44_naive_gemm_row_col_alternation,464_b47_mutual_ping_pong_recursion__c44_naive_gemm_row_col_alternation.c,mutual_ping_pong_recursion,naive_gemm_row_col_alternation,medium_L2,control-flow/call-return,compulsory+streaming (prefetch-friendly),qemu_user_mode,15.2.0,riscv64,65536,3000000,2654435769,200000,2377475,622525,4415650254730400,PASS,1,0.112701206,0.112701206,0.0,0,,,,,,,,,,,,,,,,,,,0,qemu_guest_none
465_b47_mutual_ping_pong_recursion__c45_read_hot_write_cold_split,465_b47_mutual_ping_pong_recursion__c45_read_hot_write_cold_split.c,mutual_ping_pong_recursion,read_hot_write_cold_split,large_L3,control-flow/call-return,temporal reuse (skewed/hot-set),qemu_user_mode,15.2.0,riscv64,1048576,5000000,2654435769,200000,3178048,1821952,4865038257635749,PASS,1,0.15258079,0.15258079,0.0,0,,,,,,,,,,,,,,,,,,,0,qemu_guest_none
466_b47_mutual_ping_pong_recursion__c46_cantor_gap_sparse,466_b47_mutual_ping_pong_recursion__c46_cantor_gap_sparse.c,mutual_ping_pong_recursion,cantor_gap_sparse,xlarge_DRAM,control-flow/call-return,"compulsory (sparse, low reuse)",qemu_user_mode,15.2.0,riscv64,8388608,8000000,2654435769,200000,4023077,3976923,4368244869516798,PASS,1,0.423313063,0.423313063,0.0,0,,,,,,,,,,,,,,,,,,,0,qemu_guest_none
467_b47_mutual_ping_pong_recursion__c47_false_sharing_line_cycle,467_b47_mutual_ping_pong_recursion__c47_false_sharing_line_cycle.c,mutual_ping_pong_recursion,false_sharing_line_cycle,small_L1,control-flow/call-return,conflict/associativity,qemu_user_mode,15.2.0,riscv64,4096,1000000,2654435769,100000,800092,199908,1469026872003474,PASS,1,0.025929938,0.025929938,0.0,0,,,,,,,,,,,,,,,,,,,0,qemu_guest_none
468_b47_mutual_ping_pong_recursion__c48_exponential_backoff_probe,468_b47_mutual_ping_pong_recursion__c48_exponential_backoff_probe.c,mutual_ping_pong_recursion,exponential_backoff_probe,medium_L2,control-flow/call-return,capacity (uniform random),qemu_user_mode,15.2.0,riscv64,65536,3000000,2654435769,200000,2381659,618341,4441886464335892,PASS,1,0.088121494,0.088121494,0.0,0,,,,,,,,,,,,,,,,,,,0,qemu_guest_none
469_b47_mutual_ping_pong_recursion__c49_binary_heap_parent_child,469_b47_mutual_ping_pong_recursion__c49_binary_heap_parent_child.c,mutual_ping_pong_recursion,binary_heap_parent_child,large_L3,control-flow/call-return,capacity (uniform random),qemu_user_mode,15.2.0,riscv64,1048576,5000000,2654435769,200000,3763137,1236863,6680854216692988,PASS,1,0.194629363,0.194629363,0.0,0,,,,,,,,,,,,,,,,,,,0,qemu_guest_none
470_b47_mutual_ping_pong_recursion__c50_streaming_with_periodic_flush,470_b47_mutual_ping_pong_recursion__c50_streaming_with_periodic_flush.c,mutual_ping_pong_recursion,streaming_with_periodic_flush,xlarge_DRAM,control-flow/call-return,compulsory+streaming (prefetch-friendly),qemu_user_mode,15.2.0,riscv64,8388608,8000000,2654435769,200000,4023671,3976329,4369413834561710,PASS,1,0.224818814,0.224818814,0.0,0,,,,,,,,,,,,,,,,,,,0,qemu_guest_none
471_b48_variable_step_signed_countdown__c41_skip_list_multilevel_hop,471_b48_variable_step_signed_countdown__c41_skip_list_multilevel_hop.c,variable_step_signed_countdown,skip_list_multilevel_hop,xlarge_DRAM,value-dependent,"compulsory+latency-bound (dependent loads, no prefetch)",qemu_user_mode,15.2.0,riscv64,8388608,8000000,2654435769,200000,8000000,0,17173328497125120,PASS,1,0.047284402,0.047284402,0.0,0,,,,,,,,,,,,,,,,,,,0,qemu_guest_none
472_b48_variable_step_signed_countdown__c42_cache_oblivious_funnel_stride,472_b48_variable_step_signed_countdown__c42_cache_oblivious_funnel_stride.c,variable_step_signed_countdown,cache_oblivious_funnel_stride,small_L1,value-dependent,compulsory+streaming (prefetch-friendly),qemu_user_mode,15.2.0,riscv64,4096,1000000,2654435769,100000,1000000,0,2129608906936573,PASS,1,0.015488314,0.015488314,0.0,0,,,,,,,,,,,,,,,,,,,0,qemu_guest_none
473_b48_variable_step_signed_countdown__c43_whole_buffer_rotation,473_b48_variable_step_signed_countdown__c43_whole_buffer_rotation.c,variable_step_signed_countdown,whole_buffer_rotation,medium_L2,value-dependent,mixed/unclassified,qemu_user_mode,15.2.0,riscv64,65536,3000000,2654435769,200000,3000000,0,6418515757107552,PASS,1,0.009657909,0.009657909,0.0,0,,,,,,,,,,,,,,,,,,,0,qemu_guest_none
474_b48_variable_step_signed_countdown__c44_naive_gemm_row_col_alternation,474_b48_variable_step_signed_countdown__c44_naive_gemm_row_col_alternation.c,variable_step_signed_countdown,naive_gemm_row_col_alternation,large_L3,value-dependent,compulsory+streaming (prefetch-friendly),qemu_user_mode,15.2.0,riscv64,1048576,5000000,2654435769,200000,5000000,0,10738730491876118,PASS,1,0.044137887,0.044137887,0.0,0,,,,,,,,,,,,,,,,,,,0,qemu_guest_none
475_b48_variable_step_signed_countdown__c45_read_hot_write_cold_split,475_b48_variable_step_signed_countdown__c45_read_hot_write_cold_split.c,variable_step_signed_countdown,read_hot_write_cold_split,xlarge_DRAM,value-dependent,temporal reuse (skewed/hot-set),qemu_user_mode,15.2.0,riscv64,8388608,8000000,2654435769,200000,8000000,0,17175033251576473,PASS,1,0.030563057,0.030563057,0.0,0,,,,,,,,,,,,,,,,,,,0,qemu_guest_none
476_b48_variable_step_signed_countdown__c46_cantor_gap_sparse,476_b48_variable_step_signed_countdown__c46_cantor_gap_sparse.c,variable_step_signed_countdown,cantor_gap_sparse,small_L1,value-dependent,"compulsory (sparse, low reuse)",qemu_user_mode,15.2.0,riscv64,4096,1000000,2654435769,100000,1000000,0,2137579705741136,PASS,1,0.015120423,0.015120423,0.0,0,,,,,,,,,,,,,,,,,,,0,qemu_guest_none
477_b48_variable_step_signed_countdown__c47_false_sharing_line_cycle,477_b48_variable_step_signed_countdown__c47_false_sharing_line_cycle.c,variable_step_signed_countdown,false_sharing_line_cycle,medium_L2,value-dependent,conflict/associativity,qemu_user_mode,15.2.0,riscv64,65536,3000000,2654435769,200000,3000000,0,6377302971091104,PASS,1,0.010024102,0.010024102,0.0,0,,,,,,,,,,,,,,,,,,,0,qemu_guest_none
478_b48_variable_step_signed_countdown__c48_exponential_backoff_probe,478_b48_variable_step_signed_countdown__c48_exponential_backoff_probe.c,variable_step_signed_countdown,exponential_backoff_probe,large_L3,value-dependent,capacity (uniform random),qemu_user_mode,15.2.0,riscv64,1048576,5000000,2654435769,200000,5000000,0,10732190000434398,PASS,1,0.029847131,0.029847131,0.0,0,,,,,,,,,,,,,,,,,,,0,qemu_guest_none
479_b48_variable_step_signed_countdown__c49_binary_heap_parent_child,479_b48_variable_step_signed_countdown__c49_binary_heap_parent_child.c,variable_step_signed_countdown,binary_heap_parent_child,xlarge_DRAM,value-dependent,capacity (uniform random),qemu_user_mode,15.2.0,riscv64,8388608,8000000,2654435769,200000,8000000,0,17035049268028391,PASS,1,0.127246359,0.127246359,0.0,0,,,,,,,,,,,,,,,,,,,0,qemu_guest_none
480_b48_variable_step_signed_countdown__c50_streaming_with_periodic_flush,480_b48_variable_step_signed_countdown__c50_streaming_with_periodic_flush.c,variable_step_signed_countdown,streaming_with_periodic_flush,small_L1,value-dependent,compulsory+streaming (prefetch-friendly),qemu_user_mode,15.2.0,riscv64,4096,1000000,2654435769,100000,1000000,0,2136334558851699,PASS,1,0.003755101,0.003755101,0.0,0,,,,,,,,,,,,,,,,,,,0,qemu_guest_none
481_b49_interleaved_two_pattern_multiplex__c41_skip_list_multilevel_hop,481_b49_interleaved_two_pattern_multiplex__c41_skip_list_multilevel_hop.c,interleaved_two_pattern_multiplex,skip_list_multilevel_hop,small_L1,stochastic,"compulsory+latency-bound (dependent loads, no prefetch)",qemu_user_mode,15.2.0,riscv64,4096,1000000,2654435769,100000,583216,416784,792352631435617,PASS,1,0.007308402,0.007308402,0.0,0,,,,,,,,,,,,,,,,,,,0,qemu_guest_none
482_b49_interleaved_two_pattern_multiplex__c42_cache_oblivious_funnel_stride,482_b49_interleaved_two_pattern_multiplex__c42_cache_oblivious_funnel_stride.c,interleaved_two_pattern_multiplex,cache_oblivious_funnel_stride,medium_L2,stochastic,compulsory+streaming (prefetch-friendly),qemu_user_mode,15.2.0,riscv64,65536,3000000,2654435769,200000,1749965,1250035,2407450717244545,PASS,1,0.054581716,0.054581716,0.0,0,,,,,,,,,,,,,,,,,,,0,qemu_guest_none
483_b49_interleaved_two_pattern_multiplex__c43_whole_buffer_rotation,483_b49_interleaved_two_pattern_multiplex__c43_whole_buffer_rotation.c,interleaved_two_pattern_multiplex,whole_buffer_rotation,large_L3,stochastic,mixed/unclassified,qemu_user_mode,15.2.0,riscv64,1048576,5000000,2654435769,200000,2916666,2083334,4024079779838858,PASS,1,0.028964284,0.028964284,0.0,0,,,,,,,,,,,,,,,,,,,0,qemu_guest_none
484_b49_interleaved_two_pattern_multiplex__c44_naive_gemm_row_col_alternation,484_b49_interleaved_two_pattern_multiplex__c44_naive_gemm_row_col_alternation.c,interleaved_two_pattern_multiplex,naive_gemm_row_col_alternation,xlarge_DRAM,stochastic,compulsory+streaming (prefetch-friendly),qemu_user_mode,15.2.0,riscv64,8388608,8000000,2654435769,200000,4666694,3333306,6444768581244490,PASS,1,0.182778464,0.182778464,0.0,0,,,,,,,,,,,,,,,,,,,0,qemu_guest_none
485_b49_interleaved_two_pattern_multiplex__c45_read_hot_write_cold_split,485_b49_interleaved_two_pattern_multiplex__c45_read_hot_write_cold_split.c,interleaved_two_pattern_multiplex,read_hot_write_cold_split,small_L1,stochastic,temporal reuse (skewed/hot-set),qemu_user_mode,15.2.0,riscv64,4096,1000000,2654435769,100000,583216,416784,809297007394971,PASS,1,0.006718741,0.006718741,0.0,0,,,,,,,,,,,,,,,,,,,0,qemu_guest_none
486_b49_interleaved_two_pattern_multiplex__c46_cantor_gap_sparse,486_b49_interleaved_two_pattern_multiplex__c46_cantor_gap_sparse.c,interleaved_two_pattern_multiplex,cantor_gap_sparse,medium_L2,stochastic,"compulsory (sparse, low reuse)",qemu_user_mode,15.2.0,riscv64,65536,3000000,2654435769,200000,1749965,1250035,2405243641630761,PASS,1,0.067204228,0.067204228,0.0,0,,,,,,,,,,,,,,,,,,,0,qemu_guest_none
487_b49_interleaved_two_pattern_multiplex__c47_false_sharing_line_cycle,487_b49_interleaved_two_pattern_multiplex__c47_false_sharing_line_cycle.c,interleaved_two_pattern_multiplex,false_sharing_line_cycle,large_L3,stochastic,conflict/associativity,qemu_user_mode,15.2.0,riscv64,1048576,5000000,2654435769,200000,2916666,2083334,4020701894106615,PASS,1,0.028647254,0.028647254,0.0,0,,,,,,,,,,,,,,,,,,,0,qemu_guest_none
488_b49_interleaved_two_pattern_multiplex__c48_exponential_backoff_probe,488_b49_interleaved_two_pattern_multiplex__c48_exponential_backoff_probe.c,interleaved_two_pattern_multiplex,exponential_backoff_probe,xlarge_DRAM,stochastic,capacity (uniform random),qemu_user_mode,15.2.0,riscv64,8388608,8000000,2654435769,200000,4666694,3333306,6433418636337433,PASS,1,0.13147209,0.13147209,0.0,0,,,,,,,,,,,,,,,,,,,0,qemu_guest_none
489_b49_interleaved_two_pattern_multiplex__c49_binary_heap_parent_child,489_b49_interleaved_two_pattern_multiplex__c49_binary_heap_parent_child.c,interleaved_two_pattern_multiplex,binary_heap_parent_child,small_L1,stochastic,capacity (uniform random),qemu_user_mode,15.2.0,riscv64,4096,1000000,2654435769,100000,583216,416784,794609461976371,PASS,1,0.019054112,0.019054112,0.0,0,,,,,,,,,,,,,,,,,,,0,qemu_guest_none
490_b49_interleaved_two_pattern_multiplex__c50_streaming_with_periodic_flush,490_b49_interleaved_two_pattern_multiplex__c50_streaming_with_periodic_flush.c,interleaved_two_pattern_multiplex,streaming_with_periodic_flush,medium_L2,stochastic,compulsory+streaming (prefetch-friendly),qemu_user_mode,15.2.0,riscv64,65536,3000000,2654435769,200000,1749965,1250035,2406555502302755,PASS,1,0.019566949,0.019566949,0.0,0,,,,,,,,,,,,,,,,,,,0,qemu_guest_none
491_b50_hysteresis_debounce__c41_skip_list_multilevel_hop,491_b50_hysteresis_debounce__c41_skip_list_multilevel_hop.c,hysteresis_debounce,skip_list_multilevel_hop,medium_L2,phase-changing/non-stationary,"compulsory+latency-bound (dependent loads, no prefetch)",qemu_user_mode,15.2.0,riscv64,65536,3000000,2654435769,200000,450432,2549568,18444977265101790352,PASS,1,0.018787802,0.018787802,0.0,0,,,,,,,,,,,,,,,,,,,0,qemu_guest_none
492_b50_hysteresis_debounce__c42_cache_oblivious_funnel_stride,492_b50_hysteresis_debounce__c42_cache_oblivious_funnel_stride.c,hysteresis_debounce,cache_oblivious_funnel_stride,large_L3,phase-changing/non-stationary,compulsory+streaming (prefetch-friendly),qemu_user_mode,15.2.0,riscv64,1048576,5000000,2654435769,200000,0,5000000,18441368498463313442,PASS,1,0.086103416,0.086103416,0.0,0,,,,,,,,,,,,,,,,,,,0,qemu_guest_none
493_b50_hysteresis_debounce__c43_whole_buffer_rotation,493_b50_hysteresis_debounce__c43_whole_buffer_rotation.c,hysteresis_debounce,whole_buffer_rotation,xlarge_DRAM,phase-changing/non-stationary,mixed/unclassified,qemu_user_mode,15.2.0,riscv64,8388608,8000000,2654435769,200000,0,8000000,18438157416080424288,PASS,1,0.030537902,0.030537902,0.0,0,,,,,,,,,,,,,,,,,,,0,qemu_guest_none
494_b50_hysteresis_debounce__c44_naive_gemm_row_col_alternation,494_b50_hysteresis_debounce__c44_naive_gemm_row_col_alternation.c,hysteresis_debounce,naive_gemm_row_col_alternation,small_L1,phase-changing/non-stationary,compulsory+streaming (prefetch-friendly),qemu_user_mode,15.2.0,riscv64,4096,1000000,2654435769,100000,419378,580622,273992732088243,PASS,1,0.00917396,0.00917396,0.0,0,,,,,,,,,,,,,,,,,,,0,qemu_guest_none
495_b50_hysteresis_debounce__c45_read_hot_write_cold_split,495_b50_hysteresis_debounce__c45_read_hot_write_cold_split.c,hysteresis_debounce,read_hot_write_cold_split,medium_L2,phase-changing/non-stationary,temporal reuse (skewed/hot-set),qemu_user_mode,15.2.0,riscv64,65536,3000000,2654435769,200000,1794894,1205106,2549751187798127,PASS,1,0.014207672,0.014207672,0.0,0,,,,,,,,,,,,,,,,,,,0,qemu_guest_none
496_b50_hysteresis_debounce__c46_cantor_gap_sparse,496_b50_hysteresis_debounce__c46_cantor_gap_sparse.c,hysteresis_debounce,cantor_gap_sparse,large_L3,phase-changing/non-stationary,"compulsory (sparse, low reuse)",qemu_user_mode,15.2.0,riscv64,1048576,5000000,2654435769,200000,0,5000000,18441376751851310816,PASS,1,0.093522708,0.093522708,0.0,0,,,,,,,,,,,,,,,,,,,0,qemu_guest_none
497_b50_hysteresis_debounce__c47_false_sharing_line_cycle,497_b50_hysteresis_debounce__c47_false_sharing_line_cycle.c,hysteresis_debounce,false_sharing_line_cycle,xlarge_DRAM,phase-changing/non-stationary,conflict/associativity,qemu_user_mode,15.2.0,riscv64,8388608,8000000,2654435769,200000,0,8000000,18438155451848214656,PASS,1,0.037551913,0.037551913,0.0,0,,,,,,,,,,,,,,,,,,,0,qemu_guest_none
498_b50_hysteresis_debounce__c48_exponential_backoff_probe,498_b50_hysteresis_debounce__c48_exponential_backoff_probe.c,hysteresis_debounce,exponential_backoff_probe,small_L1,phase-changing/non-stationary,capacity (uniform random),qemu_user_mode,15.2.0,riscv64,4096,1000000,2654435769,100000,516288,483712,574406365279052,PASS,1,0.005854247,0.005854247,0.0,0,,,,,,,,,,,,,,,,,,,0,qemu_guest_none
499_b50_hysteresis_debounce__c49_binary_heap_parent_child,499_b50_hysteresis_debounce__c49_binary_heap_parent_child.c,hysteresis_debounce,binary_heap_parent_child,medium_L2,phase-changing/non-stationary,capacity (uniform random),qemu_user_mode,15.2.0,riscv64,65536,3000000,2654435769,200000,1500862,1499138,1596881265113192,PASS,1,0.054548075,0.054548075,0.0,0,,,,,,,,,,,,,,,,,,,0,qemu_guest_none
500_b50_hysteresis_debounce__c50_streaming_with_periodic_flush,500_b50_hysteresis_debounce__c50_streaming_with_periodic_flush.c,hysteresis_debounce,streaming_with_periodic_flush,large_L3,phase-changing/non-stationary,compulsory+streaming (prefetch-friendly),qemu_user_mode,15.2.0,riscv64,1048576,5000000,2654435769,200000,2692847,2307153,3305046356319862,PASS,1,0.02503944,0.02503944,0.0,0,,,,,,,,,,,,,,,,,,,0,qemu_guest_none
